order_id,date,day_of_week,product_id,product_name,category,quantity,unit_price,discount_pct,line_total,payment_method,order_channel,customer_id
1000,2025-01-01,Wednesday,P13,Bagel - Everything,Bread,1,2.5,0,2.5,upi,in-store,
1000,2025-01-01,Wednesday,P01,Sourdough Loaf,Bread,1,4.5,0,4.5,upi,in-store,
1000,2025-01-01,Wednesday,P11,Cupcake (single),Cake,1,3.25,0,3.25,upi,in-store,
1001,2025-01-01,Wednesday,P05,Pain au Chocolat,Pastry,2,3.5,0,7.0,cash,in-store,C0045
1002,2025-01-01,Wednesday,P03,Whole Wheat Loaf,Bread,1,4.75,15,4.04,upi,in-store,C0002
1003,2025-01-01,Wednesday,P06,Cinnamon Roll,Pastry,1,3.75,0,3.75,cash,in-store,
1004,2025-01-02,Thursday,P08,Chocolate Chip Cookie,Cookie,1,2.0,0,2.0,upi,catering,C0090
1004,2025-01-02,Thursday,P04,Croissant,Pastry,2,3.0,0,6.0,upi,catering,C0090
1004,2025-01-02,Thursday,P05,Pain au Chocolat,Pastry,1,3.5,0,3.5,upi,catering,C0090
1005,2025-01-02,Thursday,P08,Chocolate Chip Cookie,Cookie,1,2.0,0,2.0,upi,in-store,
1006,2025-01-02,Thursday,P13,Bagel - Everything,Bread,1,2.5,15,2.12,upi,in-store,
1006,2025-01-02,Thursday,P14,Rye Loaf,Bread,1,4.9,0,4.9,upi,in-store,
1007,2025-01-02,Thursday,P12,Bagel - Plain,Bread,2,2.25,0,4.5,upi,in-store,
1008,2025-01-02,Thursday,P05,Pain au Chocolat,Pastry,1,3.5,0,3.5,upi,in-store,
1008,2025-01-02,Thursday,P11,Cupcake (single),Cake,1,3.25,0,3.25,upi,in-store,
1008,2025-01-02,Thursday,P14,Rye Loaf,Bread,1,4.9,0,4.9,upi,in-store,
1009,2025-01-02,Thursday,P01,Sourdough Loaf,Bread,1,4.5,0,4.5,card,in-store,C0031
1010,2025-01-02,Thursday,P03,Whole Wheat Loaf,Bread,2,4.75,0,9.5,upi,in-store,C0121
1010,2025-01-02,Thursday,P05,Pain au Chocolat,Pastry,1,3.5,0,3.5,upi,in-store,C0121
1011,2025-01-02,Thursday,P13,Bagel - Everything,Bread,3,2.5,0,7.5,upi,in-store,
1012,2025-01-02,Thursday,P08,Chocolate Chip Cookie,Cookie,1,2.0,0,2.0,card,in-store,
1013,2025-01-02,Thursday,P07,Blueberry Muffin,Pastry,2,2.75,0,5.5,upi,in-store,C0003
1014,2025-01-02,Thursday,P06,Cinnamon Roll,Pastry,1,3.75,0,3.75,upi,in-store,C0013
1015,2025-01-02,Thursday,P06,Cinnamon Roll,Pastry,1,3.75,0,3.75,upi,in-store,C0044
1016,2025-01-02,Thursday,P06,Cinnamon Roll,Pastry,1,3.75,0,3.75,cash,in-store,C0025
1017,2025-01-03,Friday,P08,Chocolate Chip Cookie,Cookie,1,2.0,0,2.0,card,online,C0075
1018,2025-01-03,Friday,P07,Blueberry Muffin,Pastry,1,2.75,0,2.75,cash,in-store,
1019,2025-01-03,Friday,P04,Croissant,Pastry,1,3.0,0,3.0,cash,in-store,C0090
1020,2025-01-03,Friday,P07,Blueberry Muffin,Pastry,1,2.75,0,2.75,cash,online,
1021,2025-01-03,Friday,P04,Croissant,Pastry,1,3.0,0,3.0,upi,online,
1021,2025-01-03,Friday,P13,Bagel - Everything,Bread,1,2.5,0,2.5,upi,online,
1022,2025-01-03,Friday,P07,Blueberry Muffin,Pastry,1,2.75,0,2.75,cash,in-store,C0005
1023,2025-01-03,Friday,P04,Croissant,Pastry,1,3.0,0,3.0,card,online,C0008
1023,2025-01-03,Friday,P10,Birthday Cake (whole),Cake,1,32.0,0,32.0,card,online,C0008
1024,2025-01-03,Friday,P01,Sourdough Loaf,Bread,1,4.5,15,3.82,card,in-store,C0013
1025,2025-01-03,Friday,P13,Bagel - Everything,Bread,1,2.5,15,2.12,cash,in-store,C0090
1026,2025-01-03,Friday,P08,Chocolate Chip Cookie,Cookie,1,2.0,0,2.0,upi,in-store,C0019
1027,2025-01-04,Saturday,P09,Oatmeal Raisin Cookie,Cookie,1,2.0,0,2.0,cash,in-store,C0090
1028,2025-01-04,Saturday,P14,Rye Loaf,Bread,1,4.9,0,4.9,card,in-store,C0044
1028,2025-01-04,Saturday,P10,Birthday Cake (whole),Cake,1,32.0,0,32.0,card,in-store,C0044
1029,2025-01-04,Saturday,P08,Chocolate Chip Cookie,Cookie,1,2.0,0,2.0,cash,in-store,
1029,2025-01-04,Saturday,P08,Chocolate Chip Cookie,Cookie,1,2.0,0,2.0,cash,in-store,
1030,2025-01-04,Saturday,P12,Bagel - Plain,Bread,1,2.25,0,2.25,card,in-store,C0036
1031,2025-01-04,Saturday,P15,Scone - Blueberry,Pastry,1,3.0,0,3.0,cash,in-store,C0080
1032,2025-01-04,Saturday,P08,Chocolate Chip Cookie,Cookie,1,2.0,0,2.0,upi,online,C0005
1032,2025-01-04,Saturday,P11,Cupcake (single),Cake,1,3.25,0,3.25,upi,online,C0005
1032,2025-01-04,Saturday,P06,Cinnamon Roll,Pastry,2,3.75,0,7.5,upi,online,C0005
1033,2025-01-04,Saturday,P09,Oatmeal Raisin Cookie,Cookie,1,2.0,0,2.0,upi,in-store,C0031
1034,2025-01-04,Saturday,P14,Rye Loaf,Bread,1,4.9,0,4.9,upi,in-store,
1035,2025-01-04,Saturday,P13,Bagel - Everything,Bread,1,2.5,15,2.12,card,in-store,C0100
1036,2025-01-04,Saturday,P05,Pain au Chocolat,Pastry,1,3.5,0,3.5,cash,online,C0083
1037,2025-01-04,Saturday,P03,Whole Wheat Loaf,Bread,1,4.75,0,4.75,card,in-store,C0074
1037,2025-01-04,Saturday,P12,Bagel - Plain,Bread,1,2.25,0,2.25,card,in-store,C0074
1038,2025-01-04,Saturday,P07,Blueberry Muffin,Pastry,1,2.75,0,2.75,cash,catering,
1038,2025-01-04,Saturday,P13,Bagel - Everything,Bread,2,2.5,0,5.0,cash,catering,
1039,2025-01-04,Saturday,P13,Bagel - Everything,Bread,1,2.5,0,2.5,upi,in-store,C0033
1040,2025-01-05,Sunday,P04,Croissant,Pastry,1,3.0,0,3.0,card,in-store,C0048
1041,2025-01-05,Sunday,P03,Whole Wheat Loaf,Bread,1,4.75,0,4.75,cash,in-store,C0013
1041,2025-01-05,Sunday,P01,Sourdough Loaf,Bread,1,4.5,15,3.82,cash,in-store,C0013
1043,2025-01-05,Sunday,P12,Bagel - Plain,Bread,1,2.25,0,2.25,upi,in-store,C0017
1044,2025-01-05,Sunday,P14,Rye Loaf,Bread,1,4.9,0,4.9,upi,in-store,C0019
1045,2025-01-05,Sunday,P01,Sourdough Loaf,Bread,2,4.5,0,9.0,upi,in-store,C0032
1047,2025-01-05,Sunday,P04,Croissant,Pastry,1,3.0,0,3.0,card,in-store,
1048,2025-01-05,Sunday,P09,Oatmeal Raisin Cookie,Cookie,1,2.0,0,2.0,upi,in-store,
1048,2025-01-05,Sunday,P05,Pain au Chocolat,Pastry,2,3.5,0,7.0,upi,in-store,
1049,2025-01-05,Sunday,P15,Scone - Blueberry,Pastry,3,3.0,0,9.0,upi,in-store,C0006
1050,2025-01-05,Sunday,P03,Whole Wheat Loaf,Bread,1,4.75,0,4.75,cash,in-store,C0012
1050,2025-01-05,Sunday,P10,Birthday Cake (whole),Cake,1,32.0,0,32.0,cash,in-store,C0012
1050,2025-01-05,Sunday,P06,Cinnamon Roll,Pastry,1,3.75,15,3.19,cash,in-store,C0012
1052,2025-01-05,Sunday,P03,Whole Wheat Loaf,Bread,1,4.75,0,4.75,card,in-store,C0014
1052,2025-01-05,Sunday,P11,Cupcake (single),Cake,1,3.25,0,3.25,card,in-store,C0014
1054,2025-01-05,Sunday,P13,Bagel - Everything,Bread,2,2.5,0,5.0,upi,in-store,C0019
1054,2025-01-05,Sunday,P08,Chocolate Chip Cookie,Cookie,1,2.0,0,2.0,upi,in-store,C0019
1055,2025-01-06,Monday,P05,Pain au Chocolat,Pastry,1,3.5,0,3.5,card,in-store,C0075
1056,2025-01-06,Monday,P13,Bagel - Everything,Bread,3,2.5,0,7.5,upi,online,C0118
1057,2025-01-06,Monday,P14,Rye Loaf,Bread,1,4.9,0,4.9,card,in-store,
1058,2025-01-06,Monday,P03,Whole Wheat Loaf,Bread,1,4.75,0,4.75,cash,in-store,
1058,2025-01-06,Monday,P14,Rye Loaf,Bread,1,4.9,0,4.9,cash,in-store,
1058,2025-01-06,Monday,P08,Chocolate Chip Cookie,Cookie,1,2.0,0,2.0,cash,in-store,
1059,2025-01-06,Monday,P07,Blueberry Muffin,Pastry,1,2.75,0,2.75,upi,online,C0106
1060,2025-01-06,Monday,P15,Scone - Blueberry,Pastry,1,3.0,15,2.55,upi,in-store,C0054
1060,2025-01-06,Monday,P12,Bagel - Plain,Bread,1,2.25,0,2.25,upi,in-store,C0054
1060,2025-01-06,Monday,P04,Croissant,Pastry,1,3.0,0,3.0,upi,in-store,C0054
1061,2025-01-06,Monday,P04,Croissant,Pastry,1,3.0,0,3.0,card,catering,C0036
1062,2025-01-06,Monday,P07,Blueberry Muffin,Pastry,1,2.75,0,2.75,upi,in-store,C0006
1062,2025-01-06,Monday,P14,Rye Loaf,Bread,1,4.9,15,4.17,upi,in-store,C0006
1064,2025-01-06,Monday,P03,Whole Wheat Loaf,Bread,1,4.75,0,4.75,card,in-store,C0126
1065,2025-01-06,Monday,P15,Scone - Blueberry,Pastry,3,3.0,0,9.0,upi,in-store,
1066,2025-01-06,Monday,P10,Birthday Cake (whole),Cake,1,32.0,0,32.0,cash,in-store,
1067,2025-01-06,Monday,P10,Birthday Cake (whole),Cake,1,32.0,0,32.0,cash,catering,
1068,2025-01-06,Monday,P04,Croissant,Pastry,1,3.0,0,3.0,cash,catering,
1068,2025-01-06,Monday,P04,Croissant,Pastry,1,3.0,0,3.0,cash,catering,
1069,2025-01-06,Monday,P12,Bagel - Plain,Bread,1,2.25,0,2.25,upi,in-store,C0072
1070,2025-01-06,Monday,P05,Pain au Chocolat,Pastry,2,3.5,0,7.0,upi,in-store,
1071,2025-01-06,Monday,P15,Scone - Blueberry,Pastry,1,3.0,15,2.55,upi,in-store,C0031
1072,2025-01-07,Tuesday,P05,Pain au Chocolat,Pastry,1,3.5,0,3.5,card,in-store,
1073,2025-01-07,Tuesday,P05,Pain au Chocolat,Pastry,1,3.5,15,2.98,cash,in-store,C0022
1074,2025-01-07,Tuesday,P01,Sourdough Loaf,Bread,1,4.5,0,4.5,upi,in-store,C0051
1075,2025-01-07,Tuesday,P12,Bagel - Plain,Bread,3,2.25,0,6.75,upi,in-store,
1076,2025-01-07,Tuesday,P01,Sourdough Loaf,Bread,1,4.5,0,4.5,upi,in-store,
1077,2025-01-07,Tuesday,P13,Bagel - Everything,Bread,1,2.5,15,2.12,upi,in-store,C0111
1077,2025-01-07,Tuesday,P07,Blueberry Muffin,Pastry,1,2.75,0,2.75,upi,in-store,C0111
1077,2025-01-07,Tuesday,P09,Oatmeal Raisin Cookie,Cookie,1,2.0,0,2.0,upi,in-store,C0111
1078,2025-01-08,Wednesday,P07,Blueberry Muffin,Pastry,1,2.75,0,2.75,cash,in-store,C0128
1078,2025-01-08,Wednesday,P06,Cinnamon Roll,Pastry,1,3.75,0,3.75,cash,in-store,C0128
1079,2025-01-08,Wednesday,P05,Pain au Chocolat,Pastry,1,3.5,0,3.5,cash,in-store,
1080,2025-01-08,Wednesday,P06,Cinnamon Roll,Pastry,1,3.75,0,3.75,card,in-store,C0079
1081,2025-01-08,Wednesday,P13,Bagel - Everything,Bread,1,2.5,0,2.5,upi,in-store,
1082,2025-01-08,Wednesday,P04,Croissant,Pastry,1,3.0,0,3.0,upi,in-store,C0011
1082,2025-01-08,Wednesday,P13,Bagel - Everything,Bread,1,2.5,0,2.5,upi,in-store,C0011
1082,2025-01-08,Wednesday,P04,Croissant,Pastry,1,3.0,15,2.55,upi,in-store,C0011
1083,2025-01-08,Wednesday,P01,Sourdough Loaf,Bread,1,4.5,0,4.5,cash,online,
1084,2025-01-08,Wednesday,P04,Croissant,Pastry,1,3.0,0,3.0,cash,in-store,C0007
1085,2025-01-08,Wednesday,P08,Chocolate Chip Cookie,Cookie,1,2.0,0,2.0,cash,in-store,C0004
1087,2025-01-08,Wednesday,P09,Oatmeal Raisin Cookie,Cookie,1,2.0,0,2.0,card,in-store,C0049
1088,2025-01-08,Wednesday,P07,Blueberry Muffin,Pastry,1,2.75,0,2.75,card,in-store,C0017
1088,2025-01-08,Wednesday,P09,Oatmeal Raisin Cookie,Cookie,1,2.0,0,2.0,card,in-store,C0017
1089,2025-01-08,Wednesday,P14,Rye Loaf,Bread,1,4.9,15,4.17,cash,in-store,C0087
1089,2025-01-08,Wednesday,P12,Bagel - Plain,Bread,2,2.25,0,4.5,cash,in-store,C0087
1091,2025-01-08,Wednesday,P03,Whole Wheat Loaf,Bread,3,4.75,0,14.25,card,in-store,C0120
1091,2025-01-08,Wednesday,P15,Scone - Blueberry,Pastry,1,3.0,15,2.55,card,in-store,C0120
1091,2025-01-08,Wednesday,P09,Oatmeal Raisin Cookie,Cookie,2,2.0,0,4.0,card,in-store,C0120
1091,2025-01-08,Wednesday,P02,Baguette,Bread,1,3.25,15,2.76,card,in-store,C0120
1092,2025-01-08,Wednesday,P07,Blueberry Muffin,Pastry,1,2.75,0,2.75,cash,catering,C0119
1092,2025-01-08,Wednesday,P13,Bagel - Everything,Bread,2,2.5,0,5.0,cash,catering,C0119
1094,2025-01-08,Wednesday,P03,Whole Wheat Loaf,Bread,1,4.75,0,4.75,cash,in-store,C0082
1095,2025-01-08,Wednesday,P10,Birthday Cake (whole),Cake,1,32.0,15,27.2,upi,in-store,C0043
1095,2025-01-08,Wednesday,P14,Rye Loaf,Bread,2,4.9,0,9.8,upi,in-store,C0043
1096,2025-01-08,Wednesday,P03,Whole Wheat Loaf,Bread,1,4.75,0,4.75,upi,in-store,
1096,2025-01-08,Wednesday,P02,Baguette,Bread,1,3.25,0,3.25,upi,in-store,
1097,2025-01-09,Thursday,P09,Oatmeal Raisin Cookie,Cookie,1,2.0,0,2.0,upi,in-store,
1097,2025-01-09,Thursday,P13,Bagel - Everything,Bread,1,2.5,0,2.5,upi,in-store,
1097,2025-01-09,Thursday,P08,Chocolate Chip Cookie,Cookie,3,2.0,0,6.0,upi,in-store,
1098,2025-01-09,Thursday,P02,Baguette,Bread,1,3.25,0,3.25,card,in-store,C0066
1100,2025-01-09,Thursday,P05,Pain au Chocolat,Pastry,1,3.5,0,3.5,upi,in-store,C0003
1100,2025-01-09,Thursday,P07,Blueberry Muffin,Pastry,1,2.75,15,2.34,upi,in-store,C0003
1101,2025-01-09,Thursday,P03,Whole Wheat Loaf,Bread,2,4.75,0,9.5,upi,in-store,C0103
1101,2025-01-09,Thursday,P02,Baguette,Bread,1,3.25,0,3.25,upi,in-store,C0103
1102,2025-01-09,Thursday,P02,Baguette,Bread,1,3.25,15,2.76,card,in-store,C0026
1103,2025-01-10,Friday,P02,Baguette,Bread,1,3.25,0,3.25,upi,in-store,C0109
1103,2025-01-10,Friday,P03,Whole Wheat Loaf,Bread,1,4.75,0,4.75,upi,in-store,C0109
1103,2025-01-10,Friday,P10,Birthday Cake (whole),Cake,1,32.0,0,32.0,upi,in-store,C0109
1104,2025-01-10,Friday,P09,Oatmeal Raisin Cookie,Cookie,2,2.0,0,4.0,upi,in-store,
1104,2025-01-10,Friday,P09,Oatmeal Raisin Cookie,Cookie,1,2.0,0,2.0,upi,in-store,
1104,2025-01-10,Friday,P05,Pain au Chocolat,Pastry,1,3.5,0,3.5,upi,in-store,
1105,2025-01-10,Friday,P05,Pain au Chocolat,Pastry,2,3.5,0,7.0,card,in-store,C0058
1106,2025-01-10,Friday,P08,Chocolate Chip Cookie,Cookie,1,2.0,0,2.0,upi,online,C0109
1106,2025-01-10,Friday,P13,Bagel - Everything,Bread,1,2.5,0,2.5,upi,online,C0109
1107,2025-01-10,Friday,P01,Sourdough Loaf,Bread,1,4.5,0,4.5,card,online,C0028
1108,2025-01-10,Friday,P10,Birthday Cake (whole),Cake,1,32.0,0,32.0,card,online,C0109
1108,2025-01-10,Friday,P11,Cupcake (single),Cake,1,3.25,15,2.76,card,online,C0109
1108,2025-01-10,Friday,P15,Scone - Blueberry,Pastry,3,3.0,0,9.0,card,online,C0109
1109,2025-01-11,Saturday,P03,Whole Wheat Loaf,Bread,1,4.75,15,4.04,cash,in-store,
1111,2025-01-11,Saturday,P07,Blueberry Muffin,Pastry,3,2.75,0,8.25,cash,in-store,C0076
1111,2025-01-11,Saturday,P08,Chocolate Chip Cookie,Cookie,1,2.0,0,2.0,cash,in-store,C0076
1111,2025-01-11,Saturday,P04,Croissant,Pastry,1,3.0,15,2.55,cash,in-store,C0076
1111,2025-01-11,Saturday,P03,Whole Wheat Loaf,Bread,1,4.75,0,4.75,cash,in-store,C0076
1112,2025-01-11,Saturday,P08,Chocolate Chip Cookie,Cookie,3,2.0,0,6.0,cash,online,C0047
1112,2025-01-11,Saturday,P02,Baguette,Bread,2,3.25,0,6.5,cash,online,C0047
1113,2025-01-11,Saturday,P15,Scone - Blueberry,Pastry,2,3.0,0,6.0,cash,in-store,C0071
1113,2025-01-11,Saturday,P03,Whole Wheat Loaf,Bread,2,4.75,0,9.5,cash,in-store,C0071
1114,2025-01-11,Saturday,P09,Oatmeal Raisin Cookie,Cookie,1,2.0,0,2.0,card,in-store,C0014
1114,2025-01-11,Saturday,P10,Birthday Cake (whole),Cake,1,32.0,0,32.0,card,in-store,C0014
1115,2025-01-11,Saturday,P08,Chocolate Chip Cookie,Cookie,1,2.0,0,2.0,card,catering,
1116,2025-01-11,Saturday,P08,Chocolate Chip Cookie,Cookie,1,2.0,0,2.0,cash,in-store,
1117,2025-01-11,Saturday,P14,Rye Loaf,Bread,1,4.9,0,4.9,upi,in-store,
1118,2025-01-11,Saturday,P08,Chocolate Chip Cookie,Cookie,1,2.0,15,1.7,upi,in-store,C0119
1119,2025-01-11,Saturday,P14,Rye Loaf,Bread,1,4.9,0,4.9,upi,in-store,C0057
1119,2025-01-11,Saturday,P02,Baguette,Bread,1,3.25,0,3.25,upi,in-store,C0057
1119,2025-01-11,Saturday,P02,Baguette,Bread,3,3.25,0,9.75,upi,in-store,C0057
1120,2025-01-11,Saturday,P01,Sourdough Loaf,Bread,3,4.5,0,13.5,card,in-store,C0038
1122,2025-01-11,Saturday,P03,Whole Wheat Loaf,Bread,1,4.75,0,4.75,cash,online,C0080
1122,2025-01-11,Saturday,P07,Blueberry Muffin,Pastry,3,2.75,0,8.25,cash,online,C0080
1123,2025-01-11,Saturday,P14,Rye Loaf,Bread,1,4.9,0,4.9,card,in-store,
1123,2025-01-11,Saturday,P03,Whole Wheat Loaf,Bread,3,4.75,0,14.25,card,in-store,
1124,2025-01-11,Saturday,P07,Blueberry Muffin,Pastry,3,2.75,0,8.25,upi,in-store,C0041
1125,2025-01-11,Saturday,P11,Cupcake (single),Cake,1,3.25,0,3.25,card,in-store,C0080
1125,2025-01-11,Saturday,P02,Baguette,Bread,1,3.25,0,3.25,card,in-store,C0080
1125,2025-01-11,Saturday,P12,Bagel - Plain,Bread,1,2.25,0,2.25,card,in-store,C0080
1125,2025-01-11,Saturday,P06,Cinnamon Roll,Pastry,2,3.75,0,7.5,card,in-store,C0080
1126,2025-01-11,Saturday,P05,Pain au Chocolat,Pastry,1,3.5,0,3.5,cash,in-store,
1127,2025-01-11,Saturday,P12,Bagel - Plain,Bread,1,2.25,0,2.25,upi,in-store,C0121
1127,2025-01-11,Saturday,P03,Whole Wheat Loaf,Bread,3,4.75,0,14.25,upi,in-store,C0121
1127,2025-01-11,Saturday,P05,Pain au Chocolat,Pastry,3,3.5,0,10.5,upi,in-store,C0121
1128,2025-01-11,Saturday,P05,Pain au Chocolat,Pastry,3,3.5,0,10.5,upi,in-store,
1128,2025-01-11,Saturday,P13,Bagel - Everything,Bread,1,2.5,0,2.5,upi,in-store,
1129,2025-01-12,Sunday,P07,Blueberry Muffin,Pastry,1,2.75,0,2.75,cash,in-store,
1130,2025-01-12,Sunday,P09,Oatmeal Raisin Cookie,Cookie,3,2.0,0,6.0,cash,online,C0004
1131,2025-01-12,Sunday,P02,Baguette,Bread,1,3.25,0,3.25,card,online,
1132,2025-01-12,Sunday,P03,Whole Wheat Loaf,Bread,2,4.75,0,9.5,card,in-store,C0062
1134,2025-01-12,Sunday,P10,Birthday Cake (whole),Cake,1,32.0,0,32.0,cash,in-store,C0054
1134,2025-01-12,Sunday,P07,Blueberry Muffin,Pastry,1,2.75,15,2.34,cash,in-store,C0054
1134,2025-01-12,Sunday,P05,Pain au Chocolat,Pastry,1,3.5,0,3.5,cash,in-store,C0054
1135,2025-01-12,Sunday,P14,Rye Loaf,Bread,1,4.9,0,4.9,upi,in-store,
1135,2025-01-12,Sunday,P02,Baguette,Bread,3,3.25,0,9.75,upi,in-store,
1136,2025-01-12,Sunday,P10,Birthday Cake (whole),Cake,1,32.0,0,32.0,upi,online,
1136,2025-01-12,Sunday,P04,Croissant,Pastry,2,3.0,0,6.0,upi,online,
1137,2025-01-12,Sunday,P02,Baguette,Bread,3,3.25,0,9.75,upi,in-store,C0094
1138,2025-01-12,Sunday,P07,Blueberry Muffin,Pastry,1,2.75,15,2.34,cash,in-store,
1139,2025-01-12,Sunday,P10,Birthday Cake (whole),Cake,1,32.0,0,32.0,upi,online,
1139,2025-01-12,Sunday,P07,Blueberry Muffin,Pastry,1,2.75,0,2.75,upi,online,
1139,2025-01-12,Sunday,P01,Sourdough Loaf,Bread,1,4.5,0,4.5,upi,online,
1140,2025-01-12,Sunday,P04,Croissant,Pastry,1,3.0,0,3.0,card,in-store,C0054
1141,2025-01-12,Sunday,P01,Sourdough Loaf,Bread,1,4.5,0,4.5,cash,in-store,C0057
1141,2025-01-12,Sunday,P15,Scone - Blueberry,Pastry,1,3.0,0,3.0,cash,in-store,C0057
1141,2025-01-12,Sunday,P05,Pain au Chocolat,Pastry,2,3.5,0,7.0,cash,in-store,C0057
1142,2025-01-12,Sunday,P09,Oatmeal Raisin Cookie,Cookie,1,2.0,0,2.0,upi,in-store,
1143,2025-01-12,Sunday,P15,Scone - Blueberry,Pastry,1,3.0,15,2.55,upi,in-store,
1143,2025-01-12,Sunday,P09,Oatmeal Raisin Cookie,Cookie,1,2.0,0,2.0,upi,in-store,
1144,2025-01-12,Sunday,P13,Bagel - Everything,Bread,1,2.5,0,2.5,upi,in-store,C0085
1144,2025-01-12,Sunday,P03,Whole Wheat Loaf,Bread,1,4.75,0,4.75,upi,in-store,C0085
1146,2025-01-12,Sunday,P15,Scone - Blueberry,Pastry,1,3.0,0,3.0,cash,online,
1146,2025-01-12,Sunday,P07,Blueberry Muffin,Pastry,1,2.75,0,2.75,cash,online,
1147,2025-01-12,Sunday,P12,Bagel - Plain,Bread,1,2.25,0,2.25,card,in-store,
1148,2025-01-12,Sunday,P11,Cupcake (single),Cake,1,3.25,15,2.76,cash,in-store,C0106
1149,2025-01-12,Sunday,P04,Croissant,Pastry,1,3.0,0,3.0,cash,online,C0025
1149,2025-01-12,Sunday,P03,Whole Wheat Loaf,Bread,1,4.75,0,4.75,cash,online,C0025
1150,2025-01-12,Sunday,P03,Whole Wheat Loaf,Bread,1,4.75,0,4.75,cash,online,C0115
1150,2025-01-12,Sunday,P01,Sourdough Loaf,Bread,1,4.5,0,4.5,cash,online,C0115
1151,2025-01-12,Sunday,P13,Bagel - Everything,Bread,1,2.5,15,2.12,upi,in-store,C0012
1151,2025-01-12,Sunday,P06,Cinnamon Roll,Pastry,2,3.75,0,7.5,upi,in-store,C0012
1152,2025-01-12,Sunday,P14,Rye Loaf,Bread,1,4.9,0,4.9,upi,online,
1152,2025-01-12,Sunday,P04,Croissant,Pastry,1,3.0,0,3.0,upi,online,
1153,2025-01-13,Monday,P12,Bagel - Plain,Bread,1,2.25,0,2.25,upi,in-store,C0125
1154,2025-01-13,Monday,P08,Chocolate Chip Cookie,Cookie,1,2.0,0,2.0,cash,in-store,C0125
1154,2025-01-13,Monday,P07,Blueberry Muffin,Pastry,1,2.75,0,2.75,cash,in-store,C0125
1155,2025-01-13,Monday,P03,Whole Wheat Loaf,Bread,1,4.75,0,4.75,cash,in-store,C0082
1155,2025-01-13,Monday,P09,Oatmeal Raisin Cookie,Cookie,3,2.0,0,6.0,cash,in-store,C0082
1155,2025-01-13,Monday,P14,Rye Loaf,Bread,1,4.9,0,4.9,cash,in-store,C0082
1156,2025-01-13,Monday,P08,Chocolate Chip Cookie,Cookie,1,2.0,0,2.0,cash,in-store,
1156,2025-01-13,Monday,P07,Blueberry Muffin,Pastry,1,2.75,0,2.75,cash,in-store,
1156,2025-01-13,Monday,P08,Chocolate Chip Cookie,Cookie,1,2.0,0,2.0,cash,in-store,
1157,2025-01-13,Monday,P07,Blueberry Muffin,Pastry,1,2.75,0,2.75,cash,in-store,C0035
1157,2025-01-13,Monday,P15,Scone - Blueberry,Pastry,1,3.0,15,2.55,cash,in-store,C0035
1157,2025-01-13,Monday,P02,Baguette,Bread,1,3.25,0,3.25,cash,in-store,C0035
1158,2025-01-13,Monday,P10,Birthday Cake (whole),Cake,1,32.0,15,27.2,cash,in-store,C0102
1158,2025-01-13,Monday,P12,Bagel - Plain,Bread,1,2.25,0,2.25,cash,in-store,C0102
1159,2025-01-13,Monday,P14,Rye Loaf,Bread,1,4.9,0,4.9,card,online,
1159,2025-01-13,Monday,P04,Croissant,Pastry,1,3.0,15,2.55,card,online,
1160,2025-01-13,Monday,P15,Scone - Blueberry,Pastry,1,3.0,0,3.0,upi,in-store,C0093
1160,2025-01-13,Monday,P12,Bagel - Plain,Bread,1,2.25,0,2.25,upi,in-store,C0093
1161,2025-01-13,Monday,P07,Blueberry Muffin,Pastry,2,2.75,0,5.5,upi,in-store,C0072
1161,2025-01-13,Monday,P12,Bagel - Plain,Bread,1,2.25,0,2.25,upi,in-store,C0072
1162,2025-01-14,Tuesday,P10,Birthday Cake (whole),Cake,1,32.0,0,32.0,cash,in-store,
1162,2025-01-14,Tuesday,P07,Blueberry Muffin,Pastry,3,2.75,15,7.01,cash,in-store,
1162,2025-01-14,Tuesday,P07,Blueberry Muffin,Pastry,3,2.75,15,7.01,cash,in-store,
1163,2025-01-14,Tuesday,P14,Rye Loaf,Bread,1,4.9,15,4.17,card,in-store,
1164,2025-01-14,Tuesday,P01,Sourdough Loaf,Bread,2,4.5,0,9.0,cash,online,C0083
1164,2025-01-14,Tuesday,P03,Whole Wheat Loaf,Bread,1,4.75,15,4.04,cash,online,C0083
1165,2025-01-14,Tuesday,P07,Blueberry Muffin,Pastry,1,2.75,0,2.75,upi,online,
1165,2025-01-14,Tuesday,P08,Chocolate Chip Cookie,Cookie,1,2.0,0,2.0,upi,online,
1165,2025-01-14,Tuesday,P08,Chocolate Chip Cookie,Cookie,1,2.0,0,2.0,upi,online,
1166,2025-01-14,Tuesday,P06,Cinnamon Roll,Pastry,1,3.75,0,3.75,upi,in-store,
1167,2025-01-15,Wednesday,P07,Blueberry Muffin,Pastry,1,2.75,0,2.75,card,in-store,
1168,2025-01-15,Wednesday,P10,Birthday Cake (whole),Cake,1,32.0,0,32.0,card,in-store,C0049
1168,2025-01-15,Wednesday,P08,Chocolate Chip Cookie,Cookie,1,2.0,0,2.0,card,in-store,C0049
1170,2025-01-15,Wednesday,P15,Scone - Blueberry,Pastry,1,3.0,0,3.0,cash,online,C0081
1171,2025-01-15,Wednesday,P07,Blueberry Muffin,Pastry,2,2.75,0,5.5,upi,in-store,C0036
1172,2025-01-15,Wednesday,P08,Chocolate Chip Cookie,Cookie,2,2.0,0,4.0,cash,in-store,
1173,2025-01-15,Wednesday,P07,Blueberry Muffin,Pastry,1,2.75,15,2.34,card,in-store,
1174,2025-01-15,Wednesday,P03,Whole Wheat Loaf,Bread,1,4.75,0,4.75,cash,in-store,C0115
1175,2025-01-15,Wednesday,P08,Chocolate Chip Cookie,Cookie,1,2.0,0,2.0,upi,online,
1175,2025-01-15,Wednesday,P15,Scone - Blueberry,Pastry,1,3.0,0,3.0,upi,online,
1176,2025-01-15,Wednesday,P12,Bagel - Plain,Bread,1,2.25,0,2.25,cash,in-store,C0108
1179,2025-01-15,Wednesday,P06,Cinnamon Roll,Pastry,2,3.75,15,6.38,cash,in-store,C0084
1179,2025-01-15,Wednesday,P02,Baguette,Bread,1,3.25,0,3.25,cash,in-store,C0084
1179,2025-01-15,Wednesday,P07,Blueberry Muffin,Pastry,1,2.75,0,2.75,cash,in-store,C0084
1180,2025-01-15,Wednesday,P12,Bagel - Plain,Bread,1,2.25,0,2.25,card,in-store,C0127
1181,2025-01-15,Wednesday,P14,Rye Loaf,Bread,1,4.9,0,4.9,card,in-store,C0096
1182,2025-01-15,Wednesday,P05,Pain au Chocolat,Pastry,1,3.5,0,3.5,upi,in-store,
1183,2025-01-16,Thursday,P12,Bagel - Plain,Bread,1,2.25,0,2.25,cash,in-store,C0078
1184,2025-01-16,Thursday,P05,Pain au Chocolat,Pastry,1,3.5,15,2.98,upi,in-store,
1184,2025-01-16,Thursday,P14,Rye Loaf,Bread,1,4.9,15,4.17,upi,in-store,
1185,2025-01-16,Thursday,P04,Croissant,Pastry,3,3.0,0,9.0,card,online,C0090
1186,2025-01-16,Thursday,P05,Pain au Chocolat,Pastry,3,3.5,0,10.5,upi,in-store,
1188,2025-01-16,Thursday,P08,Chocolate Chip Cookie,Cookie,1,2.0,0,2.0,upi,in-store,C0024
1188,2025-01-16,Thursday,P10,Birthday Cake (whole),Cake,1,32.0,15,27.2,upi,in-store,C0024
1189,2025-01-16,Thursday,P05,Pain au Chocolat,Pastry,1,3.5,0,3.5,upi,catering,
1189,2025-01-16,Thursday,P07,Blueberry Muffin,Pastry,1,2.75,0,2.75,upi,catering,
1190,2025-01-16,Thursday,P14,Rye Loaf,Bread,1,4.9,0,4.9,card,in-store,C0036
1190,2025-01-16,Thursday,P07,Blueberry Muffin,Pastry,1,2.75,0,2.75,card,in-store,C0036
1191,2025-01-16,Thursday,P12,Bagel - Plain,Bread,1,2.25,15,1.91,upi,in-store,
1191,2025-01-16,Thursday,P06,Cinnamon Roll,Pastry,3,3.75,0,11.25,upi,in-store,
1192,2025-01-17,Friday,P07,Blueberry Muffin,Pastry,1,2.75,15,2.34,upi,in-store,
1192,2025-01-17,Friday,P06,Cinnamon Roll,Pastry,1,3.75,0,3.75,upi,in-store,
1192,2025-01-17,Friday,P13,Bagel - Everything,Bread,1,2.5,0,2.5,upi,in-store,
1193,2025-01-17,Friday,P08,Chocolate Chip Cookie,Cookie,1,2.0,15,1.7,cash,in-store,
1193,2025-01-17,Friday,P12,Bagel - Plain,Bread,1,2.25,0,2.25,cash,in-store,
1194,2025-01-17,Friday,P01,Sourdough Loaf,Bread,1,4.5,0,4.5,upi,online,C0053
1194,2025-01-17,Friday,P13,Bagel - Everything,Bread,1,2.5,0,2.5,upi,online,C0053
1195,2025-01-17,Friday,P10,Birthday Cake (whole),Cake,1,32.0,15,27.2,card,online,C0111
1196,2025-01-17,Friday,P15,Scone - Blueberry,Pastry,1,3.0,15,2.55,card,in-store,C0054
1197,2025-01-17,Friday,P10,Birthday Cake (whole),Cake,1,32.0,15,27.2,upi,in-store,
1198,2025-01-17,Friday,P05,Pain au Chocolat,Pastry,1,3.5,0,3.5,cash,in-store,
1199,2025-01-17,Friday,P07,Blueberry Muffin,Pastry,1,2.75,0,2.75,upi,in-store,
1199,2025-01-17,Friday,P06,Cinnamon Roll,Pastry,2,3.75,0,7.5,upi,in-store,
1201,2025-01-18,Saturday,P08,Chocolate Chip Cookie,Cookie,2,2.0,15,3.4,card,in-store,
1203,2025-01-18,Saturday,P13,Bagel - Everything,Bread,3,2.5,0,7.5,cash,in-store,C0121
1206,2025-01-18,Saturday,P08,Chocolate Chip Cookie,Cookie,1,2.0,0,2.0,cash,in-store,C0101
1207,2025-01-18,Saturday,P07,Blueberry Muffin,Pastry,1,2.75,0,2.75,card,in-store,C0012
1207,2025-01-18,Saturday,P03,Whole Wheat Loaf,Bread,1,4.75,0,4.75,card,in-store,C0012
1208,2025-01-18,Saturday,P12,Bagel - Plain,Bread,1,2.25,0,2.25,cash,in-store,
1208,2025-01-18,Saturday,P05,Pain au Chocolat,Pastry,1,3.5,15,2.98,cash,in-store,
1210,2025-01-18,Saturday,P13,Bagel - Everything,Bread,1,2.5,15,2.12,card,in-store,C0040
1210,2025-01-18,Saturday,P10,Birthday Cake (whole),Cake,1,32.0,0,32.0,card,in-store,C0040
1210,2025-01-18,Saturday,P05,Pain au Chocolat,Pastry,1,3.5,0,3.5,card,in-store,C0040
1211,2025-01-18,Saturday,P09,Oatmeal Raisin Cookie,Cookie,1,2.0,15,1.7,upi,in-store,
1211,2025-01-18,Saturday,P08,Chocolate Chip Cookie,Cookie,1,2.0,0,2.0,upi,in-store,
1212,2025-01-18,Saturday,P07,Blueberry Muffin,Pastry,1,2.75,0,2.75,upi,in-store,C0066
1213,2025-01-18,Saturday,P14,Rye Loaf,Bread,1,4.9,0,4.9,upi,catering,
1213,2025-01-18,Saturday,P15,Scone - Blueberry,Pastry,1,3.0,0,3.0,upi,catering,
1214,2025-01-18,Saturday,P15,Scone - Blueberry,Pastry,3,3.0,0,9.0,card,in-store,C0127
1214,2025-01-18,Saturday,P09,Oatmeal Raisin Cookie,Cookie,1,2.0,0,2.0,card,in-store,C0127
1215,2025-01-18,Saturday,P03,Whole Wheat Loaf,Bread,1,4.75,15,4.04,upi,in-store,C0045
1215,2025-01-18,Saturday,P10,Birthday Cake (whole),Cake,1,32.0,0,32.0,upi,in-store,C0045
1216,2025-01-18,Saturday,P11,Cupcake (single),Cake,1,3.25,0,3.25,upi,in-store,C0035
1216,2025-01-18,Saturday,P13,Bagel - Everything,Bread,1,2.5,15,2.12,upi,in-store,C0035
1217,2025-01-19,Sunday,P07,Blueberry Muffin,Pastry,1,2.75,0,2.75,cash,in-store,C0053
1217,2025-01-19,Sunday,P13,Bagel - Everything,Bread,1,2.5,0,2.5,cash,in-store,C0053
1220,2025-01-19,Sunday,P15,Scone - Blueberry,Pastry,1,3.0,0,3.0,upi,in-store,C0039
1221,2025-01-19,Sunday,P13,Bagel - Everything,Bread,3,2.5,0,7.5,upi,in-store,C0038
1221,2025-01-19,Sunday,P01,Sourdough Loaf,Bread,3,4.5,0,13.5,upi,in-store,C0038
1222,2025-01-19,Sunday,P15,Scone - Blueberry,Pastry,2,3.0,0,6.0,upi,in-store,C0056
1222,2025-01-19,Sunday,P08,Chocolate Chip Cookie,Cookie,1,2.0,0,2.0,upi,in-store,C0056
1223,2025-01-19,Sunday,P10,Birthday Cake (whole),Cake,1,32.0,0,32.0,card,in-store,C0076
1223,2025-01-19,Sunday,P02,Baguette,Bread,1,3.25,15,2.76,card,in-store,C0076
1224,2025-01-19,Sunday,P08,Chocolate Chip Cookie,Cookie,3,2.0,0,6.0,card,in-store,C0128
1225,2025-01-19,Sunday,P02,Baguette,Bread,1,3.25,0,3.25,cash,in-store,
1226,2025-01-19,Sunday,P15,Scone - Blueberry,Pastry,1,3.0,15,2.55,upi,in-store,
1226,2025-01-19,Sunday,P07,Blueberry Muffin,Pastry,1,2.75,0,2.75,upi,in-store,
1226,2025-01-19,Sunday,P09,Oatmeal Raisin Cookie,Cookie,1,2.0,0,2.0,upi,in-store,
1227,2025-01-19,Sunday,P07,Blueberry Muffin,Pastry,1,2.75,0,2.75,card,in-store,
1228,2025-01-19,Sunday,P07,Blueberry Muffin,Pastry,2,2.75,0,5.5,card,online,C0093
1228,2025-01-19,Sunday,P08,Chocolate Chip Cookie,Cookie,3,2.0,0,6.0,card,online,C0093
1228,2025-01-19,Sunday,P01,Sourdough Loaf,Bread,1,4.5,0,4.5,card,online,C0093
1228,2025-01-19,Sunday,P06,Cinnamon Roll,Pastry,1,3.75,15,3.19,card,online,C0093
1229,2025-01-19,Sunday,P13,Bagel - Everything,Bread,1,2.5,0,2.5,card,in-store,C0029
1230,2025-01-19,Sunday,P05,Pain au Chocolat,Pastry,1,3.5,0,3.5,cash,in-store,C0034
1230,2025-01-19,Sunday,P01,Sourdough Loaf,Bread,1,4.5,15,3.82,cash,in-store,C0034
1231,2025-01-19,Sunday,P01,Sourdough Loaf,Bread,1,4.5,15,3.82,card,in-store,C0125
1232,2025-01-19,Sunday,P11,Cupcake (single),Cake,1,3.25,15,2.76,cash,in-store,
1233,2025-01-19,Sunday,P09,Oatmeal Raisin Cookie,Cookie,3,2.0,0,6.0,card,in-store,C0034
1233,2025-01-19,Sunday,P13,Bagel - Everything,Bread,1,2.5,0,2.5,card,in-store,C0034
1234,2025-01-20,Monday,P07,Blueberry Muffin,Pastry,1,2.75,0,2.75,cash,in-store,
1234,2025-01-20,Monday,P08,Chocolate Chip Cookie,Cookie,1,2.0,0,2.0,cash,in-store,
1235,2025-01-20,Monday,P05,Pain au Chocolat,Pastry,2,3.5,15,5.95,upi,online,C0079
1235,2025-01-20,Monday,P11,Cupcake (single),Cake,1,3.25,0,3.25,upi,online,C0079
1235,2025-01-20,Monday,P09,Oatmeal Raisin Cookie,Cookie,1,2.0,0,2.0,upi,online,C0079
1236,2025-01-20,Monday,P05,Pain au Chocolat,Pastry,1,3.5,0,3.5,card,in-store,
1237,2025-01-20,Monday,P07,Blueberry Muffin,Pastry,2,2.75,15,4.68,card,in-store,
1237,2025-01-20,Monday,P08,Chocolate Chip Cookie,Cookie,1,2.0,0,2.0,card,in-store,
1238,2025-01-20,Monday,P14,Rye Loaf,Bread,2,4.9,15,8.33,card,in-store,C0013
1238,2025-01-20,Monday,P15,Scone - Blueberry,Pastry,1,3.0,0,3.0,card,in-store,C0013
1239,2025-01-20,Monday,P12,Bagel - Plain,Bread,3,2.25,0,6.75,upi,in-store,C0063
1240,2025-01-20,Monday,P05,Pain au Chocolat,Pastry,1,3.5,15,2.98,upi,online,C0073
1242,2025-01-20,Monday,P05,Pain au Chocolat,Pastry,1,3.5,0,3.5,upi,in-store,C0083
1243,2025-01-20,Monday,P12,Bagel - Plain,Bread,1,2.25,0,2.25,upi,in-store,C0015
1243,2025-01-20,Monday,P07,Blueberry Muffin,Pastry,1,2.75,0,2.75,upi,in-store,C0015
1244,2025-01-20,Monday,P11,Cupcake (single),Cake,1,3.25,0,3.25,upi,in-store,
1246,2025-01-21,Tuesday,P03,Whole Wheat Loaf,Bread,3,4.75,0,14.25,upi,in-store,
1247,2025-01-21,Tuesday,P03,Whole Wheat Loaf,Bread,1,4.75,0,4.75,card,online,C0089
1248,2025-01-21,Tuesday,P08,Chocolate Chip Cookie,Cookie,1,2.0,0,2.0,cash,in-store,C0105
1248,2025-01-21,Tuesday,P03,Whole Wheat Loaf,Bread,1,4.75,0,4.75,cash,in-store,C0105
1249,2025-01-21,Tuesday,P07,Blueberry Muffin,Pastry,1,2.75,0,2.75,cash,in-store,C0024
1250,2025-01-21,Tuesday,P03,Whole Wheat Loaf,Bread,2,4.75,0,9.5,cash,in-store,
1251,2025-01-21,Tuesday,P01,Sourdough Loaf,Bread,1,4.5,0,4.5,cash,in-store,
1252,2025-01-21,Tuesday,P07,Blueberry Muffin,Pastry,1,2.75,0,2.75,upi,in-store,C0094
1253,2025-01-21,Tuesday,P09,Oatmeal Raisin Cookie,Cookie,1,2.0,0,2.0,cash,in-store,
1253,2025-01-21,Tuesday,P05,Pain au Chocolat,Pastry,1,3.5,0,3.5,cash,in-store,
1253,2025-01-21,Tuesday,P05,Pain au Chocolat,Pastry,1,3.5,0,3.5,cash,in-store,
1254,2025-01-21,Tuesday,P01,Sourdough Loaf,Bread,1,4.5,0,4.5,card,in-store,C0035
1254,2025-01-21,Tuesday,P03,Whole Wheat Loaf,Bread,1,4.75,0,4.75,card,in-store,C0035
1255,2025-01-21,Tuesday,P11,Cupcake (single),Cake,1,3.25,0,3.25,card,in-store,C0070
1256,2025-01-21,Tuesday,P02,Baguette,Bread,1,3.25,0,3.25,cash,in-store,
1256,2025-01-21,Tuesday,P05,Pain au Chocolat,Pastry,2,3.5,0,7.0,cash,in-store,
1257,2025-01-22,Wednesday,P07,Blueberry Muffin,Pastry,1,2.75,0,2.75,cash,in-store,
1257,2025-01-22,Wednesday,P14,Rye Loaf,Bread,1,4.9,0,4.9,cash,in-store,
1257,2025-01-22,Wednesday,P04,Croissant,Pastry,1,3.0,0,3.0,cash,in-store,
1258,2025-01-22,Wednesday,P05,Pain au Chocolat,Pastry,1,3.5,15,2.98,card,online,C0097
1258,2025-01-22,Wednesday,P01,Sourdough Loaf,Bread,1,4.5,0,4.5,card,online,C0097
1258,2025-01-22,Wednesday,P08,Chocolate Chip Cookie,Cookie,1,2.0,0,2.0,card,online,C0097
1259,2025-01-22,Wednesday,P14,Rye Loaf,Bread,3,4.9,0,14.7,cash,in-store,
1259,2025-01-22,Wednesday,P14,Rye Loaf,Bread,2,4.9,0,9.8,cash,in-store,
1260,2025-01-22,Wednesday,P11,Cupcake (single),Cake,1,3.25,15,2.76,upi,in-store,C0014
1262,2025-01-22,Wednesday,P03,Whole Wheat Loaf,Bread,1,4.75,0,4.75,card,in-store,
1263,2025-01-22,Wednesday,P03,Whole Wheat Loaf,Bread,1,4.75,0,4.75,upi,in-store,
1264,2025-01-22,Wednesday,P09,Oatmeal Raisin Cookie,Cookie,1,2.0,0,2.0,cash,in-store,C0098
1264,2025-01-22,Wednesday,P01,Sourdough Loaf,Bread,3,4.5,0,13.5,cash,in-store,C0098
1264,2025-01-22,Wednesday,P12,Bagel - Plain,Bread,1,2.25,0,2.25,cash,in-store,C0098
1264,2025-01-22,Wednesday,P06,Cinnamon Roll,Pastry,1,3.75,0,3.75,cash,in-store,C0098
1265,2025-01-23,Thursday,P05,Pain au Chocolat,Pastry,1,3.5,0,3.5,upi,in-store,
1265,2025-01-23,Thursday,P15,Scone - Blueberry,Pastry,1,3.0,0,3.0,upi,in-store,
1265,2025-01-23,Thursday,P08,Chocolate Chip Cookie,Cookie,1,2.0,0,2.0,upi,in-store,
1267,2025-01-23,Thursday,P11,Cupcake (single),Cake,1,3.25,0,3.25,upi,in-store,C0039
1268,2025-01-23,Thursday,P03,Whole Wheat Loaf,Bread,1,4.75,0,4.75,upi,in-store,C0041
1268,2025-01-23,Thursday,P15,Scone - Blueberry,Pastry,1,3.0,15,2.55,upi,in-store,C0041
1269,2025-01-23,Thursday,P03,Whole Wheat Loaf,Bread,1,4.75,0,4.75,card,online,
1269,2025-01-23,Thursday,P09,Oatmeal Raisin Cookie,Cookie,2,2.0,0,4.0,card,online,
1269,2025-01-23,Thursday,P09,Oatmeal Raisin Cookie,Cookie,1,2.0,0,2.0,card,online,
1270,2025-01-23,Thursday,P10,Birthday Cake (whole),Cake,1,32.0,15,27.2,card,in-store,C0060
1271,2025-01-24,Friday,P14,Rye Loaf,Bread,3,4.9,0,14.7,card,in-store,C0024
1272,2025-01-24,Friday,P13,Bagel - Everything,Bread,3,2.5,0,7.5,upi,in-store,C0002
1273,2025-01-24,Friday,P14,Rye Loaf,Bread,1,4.9,0,4.9,card,online,
1273,2025-01-24,Friday,P11,Cupcake (single),Cake,1,3.25,15,2.76,card,online,
1273,2025-01-24,Friday,P01,Sourdough Loaf,Bread,1,4.5,0,4.5,card,online,
1273,2025-01-24,Friday,P09,Oatmeal Raisin Cookie,Cookie,3,2.0,0,6.0,card,online,
1274,2025-01-24,Friday,P11,Cupcake (single),Cake,1,3.25,0,3.25,upi,online,C0126
1274,2025-01-24,Friday,P14,Rye Loaf,Bread,1,4.9,15,4.17,upi,online,C0126
1274,2025-01-24,Friday,P09,Oatmeal Raisin Cookie,Cookie,2,2.0,0,4.0,upi,online,C0126
1275,2025-01-24,Friday,P07,Blueberry Muffin,Pastry,3,2.75,0,8.25,upi,in-store,C0070
1276,2025-01-24,Friday,P13,Bagel - Everything,Bread,1,2.5,0,2.5,cash,in-store,C0056
1277,2025-01-24,Friday,P06,Cinnamon Roll,Pastry,3,3.75,0,11.25,upi,online,C0004
1278,2025-01-24,Friday,P09,Oatmeal Raisin Cookie,Cookie,1,2.0,0,2.0,upi,in-store,
1278,2025-01-24,Friday,P14,Rye Loaf,Bread,1,4.9,0,4.9,upi,in-store,
1279,2025-01-24,Friday,P11,Cupcake (single),Cake,1,3.25,0,3.25,cash,online,
1279,2025-01-24,Friday,P10,Birthday Cake (whole),Cake,1,32.0,0,32.0,cash,online,
1279,2025-01-24,Friday,P09,Oatmeal Raisin Cookie,Cookie,1,2.0,0,2.0,cash,online,
1280,2025-01-24,Friday,P15,Scone - Blueberry,Pastry,1,3.0,15,2.55,cash,in-store,C0031
1280,2025-01-24,Friday,P05,Pain au Chocolat,Pastry,1,3.5,0,3.5,cash,in-store,C0031
1281,2025-01-24,Friday,P08,Chocolate Chip Cookie,Cookie,1,2.0,0,2.0,upi,in-store,
1282,2025-01-24,Friday,P02,Baguette,Bread,1,3.25,0,3.25,upi,in-store,
1283,2025-01-24,Friday,P05,Pain au Chocolat,Pastry,1,3.5,0,3.5,cash,in-store,
1284,2025-01-24,Friday,P06,Cinnamon Roll,Pastry,2,3.75,0,7.5,cash,catering,C0059
1285,2025-01-24,Friday,P08,Chocolate Chip Cookie,Cookie,1,2.0,0,2.0,upi,online,
1286,2025-01-24,Friday,P13,Bagel - Everything,Bread,1,2.5,0,2.5,upi,catering,C0084
1286,2025-01-24,Friday,P15,Scone - Blueberry,Pastry,3,3.0,0,9.0,upi,catering,C0084
1286,2025-01-24,Friday,P05,Pain au Chocolat,Pastry,1,3.5,0,3.5,upi,catering,C0084
1286,2025-01-24,Friday,P09,Oatmeal Raisin Cookie,Cookie,1,2.0,0,2.0,upi,catering,C0084
1287,2025-01-25,Saturday,P13,Bagel - Everything,Bread,2,2.5,15,4.25,upi,in-store,C0074
1288,2025-01-25,Saturday,P03,Whole Wheat Loaf,Bread,1,4.75,0,4.75,upi,in-store,
1288,2025-01-25,Saturday,P03,Whole Wheat Loaf,Bread,1,4.75,0,4.75,upi,in-store,
1289,2025-01-25,Saturday,P01,Sourdough Loaf,Bread,1,4.5,0,4.5,upi,in-store,C0093
1289,2025-01-25,Saturday,P03,Whole Wheat Loaf,Bread,1,4.75,0,4.75,upi,in-store,C0093
1290,2025-01-25,Saturday,P09,Oatmeal Raisin Cookie,Cookie,2,2.0,0,4.0,upi,in-store,C0089
1291,2025-01-25,Saturday,P14,Rye Loaf,Bread,3,4.9,0,14.7,upi,online,
1291,2025-01-25,Saturday,P01,Sourdough Loaf,Bread,1,4.5,0,4.5,upi,online,
1291,2025-01-25,Saturday,P15,Scone - Blueberry,Pastry,1,3.0,0,3.0,upi,online,
1292,2025-01-25,Saturday,P01,Sourdough Loaf,Bread,1,4.5,0,4.5,upi,in-store,
1292,2025-01-25,Saturday,P12,Bagel - Plain,Bread,1,2.25,15,1.91,upi,in-store,
1293,2025-01-25,Saturday,P12,Bagel - Plain,Bread,1,2.25,0,2.25,cash,in-store,
1294,2025-01-25,Saturday,P02,Baguette,Bread,1,3.25,0,3.25,card,in-store,C0071
1294,2025-01-25,Saturday,P14,Rye Loaf,Bread,2,4.9,0,9.8,card,in-store,C0071
1295,2025-01-25,Saturday,P04,Croissant,Pastry,1,3.0,0,3.0,card,online,C0079
1295,2025-01-25,Saturday,P03,Whole Wheat Loaf,Bread,1,4.75,0,4.75,card,online,C0079
1297,2025-01-25,Saturday,P12,Bagel - Plain,Bread,1,2.25,0,2.25,upi,in-store,
1297,2025-01-25,Saturday,P05,Pain au Chocolat,Pastry,1,3.5,0,3.5,upi,in-store,
1297,2025-01-25,Saturday,P09,Oatmeal Raisin Cookie,Cookie,1,2.0,0,2.0,upi,in-store,
1298,2025-01-25,Saturday,P08,Chocolate Chip Cookie,Cookie,1,2.0,0,2.0,card,in-store,C0113
1298,2025-01-25,Saturday,P08,Chocolate Chip Cookie,Cookie,1,2.0,0,2.0,card,in-store,C0113
1298,2025-01-25,Saturday,P10,Birthday Cake (whole),Cake,1,32.0,0,32.0,card,in-store,C0113
1299,2025-01-25,Saturday,P07,Blueberry Muffin,Pastry,2,2.75,0,5.5,card,online,
1300,2025-01-25,Saturday,P15,Scone - Blueberry,Pastry,3,3.0,0,9.0,upi,in-store,C0038
1300,2025-01-25,Saturday,P03,Whole Wheat Loaf,Bread,1,4.75,0,4.75,upi,in-store,C0038
1300,2025-01-25,Saturday,P03,Whole Wheat Loaf,Bread,3,4.75,0,14.25,upi,in-store,C0038
1300,2025-01-25,Saturday,P08,Chocolate Chip Cookie,Cookie,1,2.0,15,1.7,upi,in-store,C0038
1301,2025-01-26,Sunday,P13,Bagel - Everything,Bread,1,2.5,0,2.5,card,in-store,
1301,2025-01-26,Sunday,P09,Oatmeal Raisin Cookie,Cookie,1,2.0,0,2.0,card,in-store,
1302,2025-01-26,Sunday,P05,Pain au Chocolat,Pastry,3,3.5,0,10.5,upi,online,
1302,2025-01-26,Sunday,P09,Oatmeal Raisin Cookie,Cookie,1,2.0,0,2.0,upi,online,
1302,2025-01-26,Sunday,P09,Oatmeal Raisin Cookie,Cookie,1,2.0,0,2.0,upi,online,
1303,2025-01-26,Sunday,P04,Croissant,Pastry,2,3.0,0,6.0,upi,in-store,C0099
1304,2025-01-26,Sunday,P08,Chocolate Chip Cookie,Cookie,1,2.0,0,2.0,upi,in-store,
1304,2025-01-26,Sunday,P05,Pain au Chocolat,Pastry,1,3.5,0,3.5,upi,in-store,
1305,2025-01-26,Sunday,P11,Cupcake (single),Cake,1,3.25,0,3.25,upi,in-store,
1306,2025-01-26,Sunday,P06,Cinnamon Roll,Pastry,3,3.75,0,11.25,upi,in-store,
1306,2025-01-26,Sunday,P14,Rye Loaf,Bread,3,4.9,0,14.7,upi,in-store,
1306,2025-01-26,Sunday,P08,Chocolate Chip Cookie,Cookie,1,2.0,0,2.0,upi,in-store,
1307,2025-01-26,Sunday,P10,Birthday Cake (whole),Cake,1,32.0,15,27.2,upi,in-store,C0107
1308,2025-01-26,Sunday,P14,Rye Loaf,Bread,1,4.9,0,4.9,upi,in-store,
1308,2025-01-26,Sunday,P09,Oatmeal Raisin Cookie,Cookie,1,2.0,0,2.0,upi,in-store,
1309,2025-01-26,Sunday,P08,Chocolate Chip Cookie,Cookie,1,2.0,0,2.0,cash,in-store,
1309,2025-01-26,Sunday,P03,Whole Wheat Loaf,Bread,1,4.75,0,4.75,cash,in-store,
1310,2025-01-26,Sunday,P07,Blueberry Muffin,Pastry,1,2.75,0,2.75,upi,in-store,C0064
1310,2025-01-26,Sunday,P07,Blueberry Muffin,Pastry,1,2.75,0,2.75,upi,in-store,C0064
1310,2025-01-26,Sunday,P07,Blueberry Muffin,Pastry,1,2.75,15,2.34,upi,in-store,C0064
1312,2025-01-26,Sunday,P04,Croissant,Pastry,1,3.0,0,3.0,card,online,C0037
1313,2025-01-26,Sunday,P02,Baguette,Bread,1,3.25,0,3.25,upi,in-store,
1313,2025-01-26,Sunday,P08,Chocolate Chip Cookie,Cookie,3,2.0,0,6.0,upi,in-store,
1316,2025-01-26,Sunday,P10,Birthday Cake (whole),Cake,1,32.0,0,32.0,upi,online,
1317,2025-01-26,Sunday,P12,Bagel - Plain,Bread,1,2.25,0,2.25,upi,in-store,
1317,2025-01-26,Sunday,P09,Oatmeal Raisin Cookie,Cookie,3,2.0,0,6.0,upi,in-store,
1317,2025-01-26,Sunday,P14,Rye Loaf,Bread,1,4.9,15,4.17,upi,in-store,
1318,2025-01-27,Monday,P05,Pain au Chocolat,Pastry,1,3.5,0,3.5,upi,online,C0114
1318,2025-01-27,Monday,P05,Pain au Chocolat,Pastry,2,3.5,0,7.0,upi,online,C0114
1319,2025-01-27,Monday,P03,Whole Wheat Loaf,Bread,1,4.75,0,4.75,upi,in-store,
1319,2025-01-27,Monday,P12,Bagel - Plain,Bread,1,2.25,0,2.25,upi,in-store,
1319,2025-01-27,Monday,P03,Whole Wheat Loaf,Bread,1,4.75,15,4.04,upi,in-store,
1320,2025-01-27,Monday,P07,Blueberry Muffin,Pastry,3,2.75,0,8.25,upi,in-store,C0052
1322,2025-01-27,Monday,P06,Cinnamon Roll,Pastry,3,3.75,0,11.25,card,online,
1323,2025-01-27,Monday,P09,Oatmeal Raisin Cookie,Cookie,1,2.0,0,2.0,upi,in-store,C0047
1323,2025-01-27,Monday,P03,Whole Wheat Loaf,Bread,2,4.75,0,9.5,upi,in-store,C0047
1323,2025-01-27,Monday,P09,Oatmeal Raisin Cookie,Cookie,1,2.0,0,2.0,upi,in-store,C0047
1324,2025-01-27,Monday,P05,Pain au Chocolat,Pastry,1,3.5,0,3.5,card,in-store,C0083
1325,2025-01-27,Monday,P09,Oatmeal Raisin Cookie,Cookie,1,2.0,15,1.7,cash,in-store,C0004
1326,2025-01-27,Monday,P10,Birthday Cake (whole),Cake,1,32.0,0,32.0,card,in-store,C0030
1326,2025-01-27,Monday,P12,Bagel - Plain,Bread,3,2.25,0,6.75,card,in-store,C0030
1326,2025-01-27,Monday,P08,Chocolate Chip Cookie,Cookie,1,2.0,15,1.7,card,in-store,C0030
1327,2025-01-28,Tuesday,P08,Chocolate Chip Cookie,Cookie,2,2.0,0,4.0,cash,in-store,C0111
1328,2025-01-28,Tuesday,P07,Blueberry Muffin,Pastry,3,2.75,0,8.25,upi,online,
1329,2025-01-28,Tuesday,P03,Whole Wheat Loaf,Bread,1,4.75,0,4.75,card,in-store,
1329,2025-01-28,Tuesday,P11,Cupcake (single),Cake,1,3.25,0,3.25,card,in-store,
1330,2025-01-28,Tuesday,P09,Oatmeal Raisin Cookie,Cookie,2,2.0,0,4.0,upi,in-store,C0074
1330,2025-01-28,Tuesday,P12,Bagel - Plain,Bread,3,2.25,0,6.75,upi,in-store,C0074
1331,2025-01-28,Tuesday,P11,Cupcake (single),Cake,1,3.25,0,3.25,upi,in-store,
1332,2025-01-28,Tuesday,P05,Pain au Chocolat,Pastry,1,3.5,0,3.5,upi,in-store,
1332,2025-01-28,Tuesday,P13,Bagel - Everything,Bread,2,2.5,0,5.0,upi,in-store,
1333,2025-01-29,Wednesday,P06,Cinnamon Roll,Pastry,1,3.75,0,3.75,upi,online,C0082
1334,2025-01-29,Wednesday,P11,Cupcake (single),Cake,1,3.25,0,3.25,card,online,
1334,2025-01-29,Wednesday,P03,Whole Wheat Loaf,Bread,1,4.75,0,4.75,card,online,
1335,2025-01-29,Wednesday,P01,Sourdough Loaf,Bread,2,4.5,0,9.0,upi,in-store,
1335,2025-01-29,Wednesday,P12,Bagel - Plain,Bread,1,2.25,0,2.25,upi,in-store,
1337,2025-01-29,Wednesday,P01,Sourdough Loaf,Bread,3,4.5,0,13.5,upi,in-store,C0006
1337,2025-01-29,Wednesday,P11,Cupcake (single),Cake,1,3.25,0,3.25,upi,in-store,C0006
1338,2025-01-29,Wednesday,P05,Pain au Chocolat,Pastry,1,3.5,0,3.5,cash,in-store,
1339,2025-01-29,Wednesday,P02,Baguette,Bread,1,3.25,0,3.25,card,online,C0101
1339,2025-01-29,Wednesday,P08,Chocolate Chip Cookie,Cookie,1,2.0,0,2.0,card,online,C0101
1340,2025-01-29,Wednesday,P15,Scone - Blueberry,Pastry,1,3.0,0,3.0,upi,in-store,C0120
1341,2025-01-29,Wednesday,P01,Sourdough Loaf,Bread,1,4.5,0,4.5,upi,in-store,C0054
1342,2025-01-29,Wednesday,P12,Bagel - Plain,Bread,1,2.25,0,2.25,upi,in-store,C0119
1343,2025-01-29,Wednesday,P13,Bagel - Everything,Bread,3,2.5,0,7.5,card,in-store,
1344,2025-01-29,Wednesday,P15,Scone - Blueberry,Pastry,1,3.0,0,3.0,card,in-store,C0030
1344,2025-01-29,Wednesday,P06,Cinnamon Roll,Pastry,3,3.75,0,11.25,card,in-store,C0030
1344,2025-01-29,Wednesday,P01,Sourdough Loaf,Bread,2,4.5,0,9.0,card,in-store,C0030
1345,2025-01-29,Wednesday,P03,Whole Wheat Loaf,Bread,1,4.75,0,4.75,cash,in-store,
1345,2025-01-29,Wednesday,P08,Chocolate Chip Cookie,Cookie,2,2.0,0,4.0,cash,in-store,
1346,2025-01-30,Thursday,P14,Rye Loaf,Bread,1,4.9,15,4.17,upi,in-store,C0037
1347,2025-01-30,Thursday,P04,Croissant,Pastry,1,3.0,0,3.0,upi,in-store,
1348,2025-01-30,Thursday,P01,Sourdough Loaf,Bread,1,4.5,0,4.5,card,in-store,
1349,2025-01-30,Thursday,P01,Sourdough Loaf,Bread,1,4.5,0,4.5,cash,in-store,
1349,2025-01-30,Thursday,P13,Bagel - Everything,Bread,1,2.5,0,2.5,cash,in-store,
1350,2025-01-30,Thursday,P14,Rye Loaf,Bread,1,4.9,15,4.17,card,online,C0104
1350,2025-01-30,Thursday,P09,Oatmeal Raisin Cookie,Cookie,1,2.0,0,2.0,card,online,C0104
1351,2025-01-30,Thursday,P15,Scone - Blueberry,Pastry,1,3.0,0,3.0,card,online,
1352,2025-01-30,Thursday,P01,Sourdough Loaf,Bread,3,4.5,15,11.48,cash,in-store,C0023
1353,2025-01-30,Thursday,P11,Cupcake (single),Cake,1,3.25,0,3.25,upi,in-store,C0102
1353,2025-01-30,Thursday,P04,Croissant,Pastry,1,3.0,15,2.55,upi,in-store,C0102
1354,2025-01-31,Friday,P03,Whole Wheat Loaf,Bread,3,4.75,15,12.11,cash,online,
1355,2025-01-31,Friday,P07,Blueberry Muffin,Pastry,2,2.75,0,5.5,cash,in-store,C0055
1355,2025-01-31,Friday,P07,Blueberry Muffin,Pastry,1,2.75,0,2.75,cash,in-store,C0055
1356,2025-01-31,Friday,P08,Chocolate Chip Cookie,Cookie,1,2.0,15,1.7,card,in-store,C0129
1356,2025-01-31,Friday,P10,Birthday Cake (whole),Cake,1,32.0,0,32.0,card,in-store,C0129
1356,2025-01-31,Friday,P04,Croissant,Pastry,1,3.0,0,3.0,card,in-store,C0129
1357,2025-01-31,Friday,P15,Scone - Blueberry,Pastry,1,3.0,0,3.0,card,in-store,C0005
1357,2025-01-31,Friday,P08,Chocolate Chip Cookie,Cookie,1,2.0,0,2.0,card,in-store,C0005
1357,2025-01-31,Friday,P07,Blueberry Muffin,Pastry,2,2.75,15,4.68,card,in-store,C0005
1358,2025-01-31,Friday,P12,Bagel - Plain,Bread,2,2.25,0,4.5,cash,in-store,C0130
1358,2025-01-31,Friday,P05,Pain au Chocolat,Pastry,1,3.5,0,3.5,cash,in-store,C0130
1358,2025-01-31,Friday,P14,Rye Loaf,Bread,1,4.9,0,4.9,cash,in-store,C0130
1359,2025-01-31,Friday,P06,Cinnamon Roll,Pastry,1,3.75,15,3.19,card,online,
1361,2025-01-31,Friday,P08,Chocolate Chip Cookie,Cookie,2,2.0,0,4.0,cash,in-store,
1361,2025-01-31,Friday,P06,Cinnamon Roll,Pastry,1,3.75,0,3.75,cash,in-store,
1362,2025-01-31,Friday,P12,Bagel - Plain,Bread,3,2.25,0,6.75,card,in-store,
1363,2025-01-31,Friday,P11,Cupcake (single),Cake,1,3.25,0,3.25,upi,online,
1364,2025-01-31,Friday,P14,Rye Loaf,Bread,1,4.9,0,4.9,card,in-store,C0078
1364,2025-01-31,Friday,P07,Blueberry Muffin,Pastry,1,2.75,0,2.75,card,in-store,C0078
1364,2025-01-31,Friday,P07,Blueberry Muffin,Pastry,3,2.75,0,8.25,card,in-store,C0078
1365,2025-02-01,Saturday,P08,Chocolate Chip Cookie,Cookie,1,2.0,0,2.0,upi,online,
1366,2025-02-01,Saturday,P13,Bagel - Everything,Bread,1,2.5,0,2.5,upi,in-store,C0061
1366,2025-02-01,Saturday,P15,Scone - Blueberry,Pastry,2,3.0,0,6.0,upi,in-store,C0061
1368,2025-02-01,Saturday,P03,Whole Wheat Loaf,Bread,2,4.75,0,9.5,upi,in-store,
1369,2025-02-01,Saturday,P11,Cupcake (single),Cake,1,3.25,0,3.25,cash,in-store,C0044
1372,2025-02-01,Saturday,P04,Croissant,Pastry,1,3.0,0,3.0,upi,online,
1372,2025-02-01,Saturday,P02,Baguette,Bread,1,3.25,0,3.25,upi,online,
1372,2025-02-01,Saturday,P12,Bagel - Plain,Bread,1,2.25,0,2.25,upi,online,
1373,2025-02-01,Saturday,P05,Pain au Chocolat,Pastry,2,3.5,0,7.0,upi,in-store,C0128
1373,2025-02-01,Saturday,P03,Whole Wheat Loaf,Bread,1,4.75,0,4.75,upi,in-store,C0128
1373,2025-02-01,Saturday,P15,Scone - Blueberry,Pastry,2,3.0,0,6.0,upi,in-store,C0128
1374,2025-02-01,Saturday,P12,Bagel - Plain,Bread,1,2.25,0,2.25,upi,in-store,C0009
1376,2025-02-01,Saturday,P08,Chocolate Chip Cookie,Cookie,1,2.0,0,2.0,cash,online,C0116
1376,2025-02-01,Saturday,P12,Bagel - Plain,Bread,1,2.25,0,2.25,cash,online,C0116
1377,2025-02-01,Saturday,P02,Baguette,Bread,1,3.25,0,3.25,card,in-store,C0065
1377,2025-02-01,Saturday,P10,Birthday Cake (whole),Cake,1,32.0,0,32.0,card,in-store,C0065
1378,2025-02-01,Saturday,P15,Scone - Blueberry,Pastry,1,3.0,0,3.0,upi,in-store,
1379,2025-02-01,Saturday,P08,Chocolate Chip Cookie,Cookie,3,2.0,0,6.0,cash,catering,
1380,2025-02-01,Saturday,P14,Rye Loaf,Bread,1,4.9,0,4.9,card,in-store,C0124
1381,2025-02-01,Saturday,P14,Rye Loaf,Bread,1,4.9,0,4.9,upi,in-store,
1381,2025-02-01,Saturday,P08,Chocolate Chip Cookie,Cookie,1,2.0,0,2.0,upi,in-store,
1381,2025-02-01,Saturday,P07,Blueberry Muffin,Pastry,1,2.75,0,2.75,upi,in-store,
1381,2025-02-01,Saturday,P03,Whole Wheat Loaf,Bread,1,4.75,0,4.75,upi,in-store,
1382,2025-02-01,Saturday,P03,Whole Wheat Loaf,Bread,1,4.75,0,4.75,card,in-store,C0038
1382,2025-02-01,Saturday,P14,Rye Loaf,Bread,1,4.9,0,4.9,card,in-store,C0038
1382,2025-02-01,Saturday,P08,Chocolate Chip Cookie,Cookie,1,2.0,0,2.0,card,in-store,C0038
1382,2025-02-01,Saturday,P02,Baguette,Bread,1,3.25,0,3.25,card,in-store,C0038
1383,2025-02-01,Saturday,P12,Bagel - Plain,Bread,1,2.25,0,2.25,upi,in-store,
1384,2025-02-01,Saturday,P12,Bagel - Plain,Bread,3,2.25,0,6.75,cash,in-store,C0107
1385,2025-02-01,Saturday,P11,Cupcake (single),Cake,1,3.25,0,3.25,upi,in-store,C0068
1385,2025-02-01,Saturday,P09,Oatmeal Raisin Cookie,Cookie,1,2.0,0,2.0,upi,in-store,C0068
1385,2025-02-01,Saturday,P10,Birthday Cake (whole),Cake,1,32.0,0,32.0,upi,in-store,C0068
1386,2025-02-01,Saturday,P03,Whole Wheat Loaf,Bread,1,4.75,0,4.75,upi,in-store,C0007
1386,2025-02-01,Saturday,P06,Cinnamon Roll,Pastry,2,3.75,0,7.5,upi,in-store,C0007
1386,2025-02-01,Saturday,P05,Pain au Chocolat,Pastry,1,3.5,0,3.5,upi,in-store,C0007
1387,2025-02-01,Saturday,P05,Pain au Chocolat,Pastry,1,3.5,0,3.5,upi,in-store,C0057
1388,2025-02-01,Saturday,P05,Pain au Chocolat,Pastry,1,3.5,0,3.5,card,in-store,C0124
1388,2025-02-01,Saturday,P03,Whole Wheat Loaf,Bread,1,4.75,0,4.75,card,in-store,C0124
1389,2025-02-01,Saturday,P08,Chocolate Chip Cookie,Cookie,1,2.0,0,2.0,card,online,
1390,2025-02-01,Saturday,P04,Croissant,Pastry,2,3.0,0,6.0,upi,online,C0076
1391,2025-02-01,Saturday,P02,Baguette,Bread,2,3.25,0,6.5,cash,in-store,C0012
1392,2025-02-01,Saturday,P09,Oatmeal Raisin Cookie,Cookie,1,2.0,0,2.0,upi,in-store,C0025
1392,2025-02-01,Saturday,P03,Whole Wheat Loaf,Bread,3,4.75,0,14.25,upi,in-store,C0025
1392,2025-02-01,Saturday,P06,Cinnamon Roll,Pastry,1,3.75,0,3.75,upi,in-store,C0025
1393,2025-02-01,Saturday,P12,Bagel - Plain,Bread,1,2.25,0,2.25,upi,in-store,C0020
1395,2025-02-02,Sunday,P05,Pain au Chocolat,Pastry,1,3.5,0,3.5,upi,catering,
1396,2025-02-02,Sunday,P14,Rye Loaf,Bread,1,4.9,0,4.9,card,in-store,
1397,2025-02-02,Sunday,P08,Chocolate Chip Cookie,Cookie,1,2.0,0,2.0,upi,in-store,C0121
1398,2025-02-02,Sunday,P02,Baguette,Bread,2,3.25,0,6.5,upi,catering,C0124
1399,2025-02-02,Sunday,P10,Birthday Cake (whole),Cake,1,32.0,0,32.0,upi,in-store,
1400,2025-02-02,Sunday,P08,Chocolate Chip Cookie,Cookie,3,2.0,0,6.0,card,in-store,C0059
1401,2025-02-02,Sunday,P14,Rye Loaf,Bread,3,4.9,0,14.7,upi,in-store,C0082
1402,2025-02-02,Sunday,P07,Blueberry Muffin,Pastry,1,2.75,0,2.75,card,in-store,
1402,2025-02-02,Sunday,P10,Birthday Cake (whole),Cake,1,32.0,0,32.0,card,in-store,
1403,2025-02-02,Sunday,P04,Croissant,Pastry,1,3.0,0,3.0,upi,in-store,C0111
1404,2025-02-02,Sunday,P08,Chocolate Chip Cookie,Cookie,2,2.0,0,4.0,upi,catering,
1405,2025-02-02,Sunday,P09,Oatmeal Raisin Cookie,Cookie,2,2.0,0,4.0,card,in-store,C0120
1406,2025-02-02,Sunday,P14,Rye Loaf,Bread,1,4.9,0,4.9,upi,in-store,
1406,2025-02-02,Sunday,P04,Croissant,Pastry,1,3.0,0,3.0,upi,in-store,
1407,2025-02-02,Sunday,P01,Sourdough Loaf,Bread,1,4.5,0,4.5,card,catering,
1407,2025-02-02,Sunday,P06,Cinnamon Roll,Pastry,1,3.75,0,3.75,card,catering,
1407,2025-02-02,Sunday,P08,Chocolate Chip Cookie,Cookie,1,2.0,0,2.0,card,catering,
1408,2025-02-02,Sunday,P09,Oatmeal Raisin Cookie,Cookie,1,2.0,0,2.0,card,in-store,
1408,2025-02-02,Sunday,P15,Scone - Blueberry,Pastry,1,3.0,0,3.0,card,in-store,
1408,2025-02-02,Sunday,P14,Rye Loaf,Bread,1,4.9,0,4.9,card,in-store,
1408,2025-02-02,Sunday,P01,Sourdough Loaf,Bread,2,4.5,0,9.0,card,in-store,
1409,2025-02-02,Sunday,P13,Bagel - Everything,Bread,1,2.5,0,2.5,cash,in-store,
1409,2025-02-02,Sunday,P03,Whole Wheat Loaf,Bread,1,4.75,0,4.75,cash,in-store,
1410,2025-02-02,Sunday,P13,Bagel - Everything,Bread,1,2.5,0,2.5,card,in-store,C0123
1410,2025-02-02,Sunday,P14,Rye Loaf,Bread,1,4.9,0,4.9,card,in-store,C0123
1411,2025-02-02,Sunday,P15,Scone - Blueberry,Pastry,1,3.0,0,3.0,upi,in-store,
1412,2025-02-02,Sunday,P07,Blueberry Muffin,Pastry,1,2.75,0,2.75,card,in-store,C0014
1412,2025-02-02,Sunday,P07,Blueberry Muffin,Pastry,3,2.75,0,8.25,card,in-store,C0014
1413,2025-02-02,Sunday,P07,Blueberry Muffin,Pastry,1,2.75,0,2.75,cash,catering,C0074
1414,2025-02-02,Sunday,P13,Bagel - Everything,Bread,1,2.5,0,2.5,upi,in-store,C0126
1416,2025-02-02,Sunday,P14,Rye Loaf,Bread,1,4.9,0,4.9,cash,online,
1416,2025-02-02,Sunday,P08,Chocolate Chip Cookie,Cookie,1,2.0,0,2.0,cash,online,
1416,2025-02-02,Sunday,P05,Pain au Chocolat,Pastry,1,3.5,0,3.5,cash,online,
1418,2025-02-02,Sunday,P11,Cupcake (single),Cake,1,3.25,0,3.25,upi,online,C0050
1418,2025-02-02,Sunday,P05,Pain au Chocolat,Pastry,2,3.5,0,7.0,upi,online,C0050
1418,2025-02-02,Sunday,P08,Chocolate Chip Cookie,Cookie,2,2.0,0,4.0,upi,online,C0050
1419,2025-02-03,Monday,P01,Sourdough Loaf,Bread,1,4.5,0,4.5,upi,in-store,C0107
1421,2025-02-03,Monday,P13,Bagel - Everything,Bread,1,2.5,0,2.5,card,in-store,C0015
1422,2025-02-03,Monday,P12,Bagel - Plain,Bread,1,2.25,0,2.25,upi,in-store,C0094
1422,2025-02-03,Monday,P01,Sourdough Loaf,Bread,1,4.5,0,4.5,upi,in-store,C0094
1423,2025-02-03,Monday,P14,Rye Loaf,Bread,2,4.9,0,9.8,cash,in-store,C0077
1424,2025-02-03,Monday,P08,Chocolate Chip Cookie,Cookie,1,2.0,0,2.0,upi,in-store,
1425,2025-02-03,Monday,P09,Oatmeal Raisin Cookie,Cookie,1,2.0,0,2.0,cash,online,
1426,2025-02-03,Monday,P15,Scone - Blueberry,Pastry,3,3.0,0,9.0,upi,in-store,C0078
1426,2025-02-03,Monday,P04,Croissant,Pastry,2,3.0,0,6.0,upi,in-store,C0078
1427,2025-02-03,Monday,P14,Rye Loaf,Bread,1,4.9,0,4.9,card,online,
1427,2025-02-03,Monday,P07,Blueberry Muffin,Pastry,1,2.75,0,2.75,card,online,
1428,2025-02-03,Monday,P03,Whole Wheat Loaf,Bread,1,4.75,0,4.75,upi,in-store,
1429,2025-02-03,Monday,P08,Chocolate Chip Cookie,Cookie,1,2.0,0,2.0,upi,in-store,C0044
1429,2025-02-03,Monday,P06,Cinnamon Roll,Pastry,1,3.75,0,3.75,upi,in-store,C0044
1430,2025-02-03,Monday,P12,Bagel - Plain,Bread,1,2.25,0,2.25,upi,in-store,
1431,2025-02-03,Monday,P09,Oatmeal Raisin Cookie,Cookie,1,2.0,0,2.0,cash,in-store,
1431,2025-02-03,Monday,P11,Cupcake (single),Cake,1,3.25,0,3.25,cash,in-store,
1432,2025-02-03,Monday,P05,Pain au Chocolat,Pastry,1,3.5,0,3.5,cash,in-store,
1433,2025-02-03,Monday,P05,Pain au Chocolat,Pastry,3,3.5,0,10.5,cash,catering,
1433,2025-02-03,Monday,P02,Baguette,Bread,1,3.25,0,3.25,cash,catering,
1433,2025-02-03,Monday,P14,Rye Loaf,Bread,1,4.9,0,4.9,cash,catering,
1434,2025-02-04,Tuesday,P15,Scone - Blueberry,Pastry,2,3.0,0,6.0,card,in-store,C0040
1434,2025-02-04,Tuesday,P05,Pain au Chocolat,Pastry,1,3.5,0,3.5,card,in-store,C0040
1435,2025-02-04,Tuesday,P06,Cinnamon Roll,Pastry,1,3.75,0,3.75,card,in-store,C0100
1435,2025-02-04,Tuesday,P04,Croissant,Pastry,1,3.0,0,3.0,card,in-store,C0100
1436,2025-02-04,Tuesday,P14,Rye Loaf,Bread,1,4.9,0,4.9,upi,in-store,C0130
1437,2025-02-04,Tuesday,P12,Bagel - Plain,Bread,2,2.25,0,4.5,card,in-store,C0060
1438,2025-02-04,Tuesday,P11,Cupcake (single),Cake,1,3.25,0,3.25,upi,in-store,C0094
1441,2025-02-04,Tuesday,P12,Bagel - Plain,Bread,1,2.25,0,2.25,upi,in-store,C0110
1442,2025-02-04,Tuesday,P06,Cinnamon Roll,Pastry,1,3.75,0,3.75,upi,in-store,C0010
1443,2025-02-04,Tuesday,P04,Croissant,Pastry,1,3.0,0,3.0,cash,in-store,
1444,2025-02-04,Tuesday,P12,Bagel - Plain,Bread,2,2.25,0,4.5,upi,online,
1444,2025-02-04,Tuesday,P14,Rye Loaf,Bread,1,4.9,0,4.9,upi,online,
1445,2025-02-04,Tuesday,P14,Rye Loaf,Bread,1,4.9,0,4.9,cash,online,C0064
1445,2025-02-04,Tuesday,P10,Birthday Cake (whole),Cake,1,32.0,0,32.0,cash,online,C0064
1447,2025-02-05,Wednesday,P08,Chocolate Chip Cookie,Cookie,1,2.0,0,2.0,upi,in-store,C0100
1449,2025-02-05,Wednesday,P09,Oatmeal Raisin Cookie,Cookie,1,2.0,0,2.0,upi,in-store,
1449,2025-02-05,Wednesday,P05,Pain au Chocolat,Pastry,1,3.5,0,3.5,upi,in-store,
1450,2025-02-05,Wednesday,P05,Pain au Chocolat,Pastry,1,3.5,0,3.5,card,in-store,C0108
1450,2025-02-05,Wednesday,P01,Sourdough Loaf,Bread,1,4.5,0,4.5,card,in-store,C0108
1450,2025-02-05,Wednesday,P14,Rye Loaf,Bread,1,4.9,0,4.9,card,in-store,C0108
1451,2025-02-05,Wednesday,P02,Baguette,Bread,1,3.25,0,3.25,card,in-store,
1451,2025-02-05,Wednesday,P12,Bagel - Plain,Bread,1,2.25,0,2.25,card,in-store,
1451,2025-02-05,Wednesday,P03,Whole Wheat Loaf,Bread,1,4.75,0,4.75,card,in-store,
1451,2025-02-05,Wednesday,P13,Bagel - Everything,Bread,2,2.5,0,5.0,card,in-store,
1453,2025-02-05,Wednesday,P15,Scone - Blueberry,Pastry,2,3.0,0,6.0,upi,in-store,C0040
1453,2025-02-05,Wednesday,P09,Oatmeal Raisin Cookie,Cookie,1,2.0,0,2.0,upi,in-store,C0040
1454,2025-02-05,Wednesday,P08,Chocolate Chip Cookie,Cookie,1,2.0,0,2.0,upi,in-store,C0008
1454,2025-02-05,Wednesday,P13,Bagel - Everything,Bread,1,2.5,0,2.5,upi,in-store,C0008
1454,2025-02-05,Wednesday,P03,Whole Wheat Loaf,Bread,1,4.75,0,4.75,upi,in-store,C0008
1455,2025-02-05,Wednesday,P03,Whole Wheat Loaf,Bread,1,4.75,0,4.75,upi,in-store,
1456,2025-02-05,Wednesday,P12,Bagel - Plain,Bread,1,2.25,0,2.25,cash,online,C0114
1456,2025-02-05,Wednesday,P10,Birthday Cake (whole),Cake,1,32.0,0,32.0,cash,online,C0114
1457,2025-02-06,Thursday,P13,Bagel - Everything,Bread,1,2.5,0,2.5,upi,in-store,C0019
1457,2025-02-06,Thursday,P13,Bagel - Everything,Bread,1,2.5,0,2.5,upi,in-store,C0019
1458,2025-02-06,Thursday,P03,Whole Wheat Loaf,Bread,2,4.75,0,9.5,upi,in-store,C0048
1458,2025-02-06,Thursday,P07,Blueberry Muffin,Pastry,2,2.75,0,5.5,upi,in-store,C0048
1459,2025-02-06,Thursday,P07,Blueberry Muffin,Pastry,3,2.75,0,8.25,cash,in-store,
1460,2025-02-06,Thursday,P05,Pain au Chocolat,Pastry,1,3.5,0,3.5,cash,in-store,C0010
1460,2025-02-06,Thursday,P07,Blueberry Muffin,Pastry,1,2.75,0,2.75,cash,in-store,C0010
1461,2025-02-06,Thursday,P01,Sourdough Loaf,Bread,1,4.5,0,4.5,card,in-store,C0110
1461,2025-02-06,Thursday,P11,Cupcake (single),Cake,1,3.25,0,3.25,card,in-store,C0110
1462,2025-02-06,Thursday,P08,Chocolate Chip Cookie,Cookie,3,2.0,0,6.0,card,in-store,C0082
1463,2025-02-06,Thursday,P08,Chocolate Chip Cookie,Cookie,1,2.0,0,2.0,cash,in-store,C0046
1464,2025-02-06,Thursday,P06,Cinnamon Roll,Pastry,1,3.75,0,3.75,upi,in-store,C0065
1465,2025-02-06,Thursday,P03,Whole Wheat Loaf,Bread,1,4.75,0,4.75,card,in-store,
1465,2025-02-06,Thursday,P08,Chocolate Chip Cookie,Cookie,1,2.0,0,2.0,card,in-store,
1465,2025-02-06,Thursday,P14,Rye Loaf,Bread,1,4.9,0,4.9,card,in-store,
1465,2025-02-06,Thursday,P09,Oatmeal Raisin Cookie,Cookie,1,2.0,0,2.0,card,in-store,
1466,2025-02-06,Thursday,P08,Chocolate Chip Cookie,Cookie,1,2.0,0,2.0,card,in-store,C0015
1467,2025-02-06,Thursday,P14,Rye Loaf,Bread,3,4.9,0,14.7,card,in-store,C0130
1468,2025-02-06,Thursday,P02,Baguette,Bread,1,3.25,0,3.25,cash,in-store,C0050
1468,2025-02-06,Thursday,P04,Croissant,Pastry,3,3.0,0,9.0,cash,in-store,C0050
1469,2025-02-06,Thursday,P01,Sourdough Loaf,Bread,1,4.5,0,4.5,cash,in-store,
1469,2025-02-06,Thursday,P03,Whole Wheat Loaf,Bread,1,4.75,0,4.75,cash,in-store,
1469,2025-02-06,Thursday,P09,Oatmeal Raisin Cookie,Cookie,1,2.0,0,2.0,cash,in-store,
1469,2025-02-06,Thursday,P14,Rye Loaf,Bread,3,4.9,0,14.7,cash,in-store,
1470,2025-02-06,Thursday,P12,Bagel - Plain,Bread,1,2.25,0,2.25,upi,in-store,C0022
1470,2025-02-06,Thursday,P12,Bagel - Plain,Bread,1,2.25,0,2.25,upi,in-store,C0022
1471,2025-02-06,Thursday,P08,Chocolate Chip Cookie,Cookie,2,2.0,0,4.0,card,in-store,C0126
1471,2025-02-06,Thursday,P08,Chocolate Chip Cookie,Cookie,1,2.0,0,2.0,card,in-store,C0126
1471,2025-02-06,Thursday,P14,Rye Loaf,Bread,1,4.9,0,4.9,card,in-store,C0126
1472,2025-02-06,Thursday,P12,Bagel - Plain,Bread,3,2.25,0,6.75,card,in-store,
1472,2025-02-06,Thursday,P05,Pain au Chocolat,Pastry,3,3.5,0,10.5,card,in-store,
1472,2025-02-06,Thursday,P10,Birthday Cake (whole),Cake,1,32.0,0,32.0,card,in-store,
1473,2025-02-06,Thursday,P03,Whole Wheat Loaf,Bread,1,4.75,0,4.75,upi,in-store,C0124
1474,2025-02-06,Thursday,P10,Birthday Cake (whole),Cake,1,32.0,0,32.0,cash,online,C0014
1475,2025-02-06,Thursday,P01,Sourdough Loaf,Bread,1,4.5,0,4.5,card,in-store,
1476,2025-02-06,Thursday,P08,Chocolate Chip Cookie,Cookie,1,2.0,0,2.0,upi,online,C0059
1476,2025-02-06,Thursday,P15,Scone - Blueberry,Pastry,3,3.0,0,9.0,upi,online,C0059
1477,2025-02-06,Thursday,P11,Cupcake (single),Cake,1,3.25,0,3.25,upi,in-store,C0040
1478,2025-02-06,Thursday,P13,Bagel - Everything,Bread,1,2.5,0,2.5,upi,in-store,C0043
1478,2025-02-06,Thursday,P13,Bagel - Everything,Bread,2,2.5,0,5.0,upi,in-store,C0043
1480,2025-02-07,Friday,P05,Pain au Chocolat,Pastry,1,3.5,0,3.5,upi,in-store,C0110
1480,2025-02-07,Friday,P06,Cinnamon Roll,Pastry,1,3.75,0,3.75,upi,in-store,C0110
1481,2025-02-07,Friday,P01,Sourdough Loaf,Bread,2,4.5,0,9.0,upi,in-store,
1482,2025-02-07,Friday,P02,Baguette,Bread,1,3.25,0,3.25,upi,in-store,C0112
1482,2025-02-07,Friday,P08,Chocolate Chip Cookie,Cookie,2,2.0,0,4.0,upi,in-store,C0112
1483,2025-02-07,Friday,P01,Sourdough Loaf,Bread,1,4.5,0,4.5,cash,in-store,
1484,2025-02-07,Friday,P15,Scone - Blueberry,Pastry,1,3.0,0,3.0,card,in-store,C0032
1484,2025-02-07,Friday,P06,Cinnamon Roll,Pastry,1,3.75,0,3.75,card,in-store,C0032
1485,2025-02-07,Friday,P01,Sourdough Loaf,Bread,1,4.5,0,4.5,upi,online,C0030
1486,2025-02-07,Friday,P03,Whole Wheat Loaf,Bread,1,4.75,0,4.75,cash,catering,
1487,2025-02-07,Friday,P02,Baguette,Bread,2,3.25,0,6.5,cash,online,C0096
1487,2025-02-07,Friday,P09,Oatmeal Raisin Cookie,Cookie,1,2.0,0,2.0,cash,online,C0096
1488,2025-02-07,Friday,P15,Scone - Blueberry,Pastry,1,3.0,0,3.0,upi,online,
1488,2025-02-07,Friday,P07,Blueberry Muffin,Pastry,1,2.75,0,2.75,upi,online,
1488,2025-02-07,Friday,P06,Cinnamon Roll,Pastry,3,3.75,0,11.25,upi,online,
1489,2025-02-07,Friday,P12,Bagel - Plain,Bread,1,2.25,0,2.25,upi,online,
1489,2025-02-07,Friday,P10,Birthday Cake (whole),Cake,1,32.0,0,32.0,upi,online,
1490,2025-02-07,Friday,P03,Whole Wheat Loaf,Bread,1,4.75,0,4.75,upi,in-store,C0010
1490,2025-02-07,Friday,P15,Scone - Blueberry,Pastry,1,3.0,0,3.0,upi,in-store,C0010
1491,2025-02-07,Friday,P04,Croissant,Pastry,1,3.0,0,3.0,card,in-store,C0086
1492,2025-02-07,Friday,P15,Scone - Blueberry,Pastry,1,3.0,0,3.0,upi,in-store,C0047
1492,2025-02-07,Friday,P13,Bagel - Everything,Bread,1,2.5,0,2.5,upi,in-store,C0047
1494,2025-02-08,Saturday,P14,Rye Loaf,Bread,2,4.9,0,9.8,card,online,C0005
1495,2025-02-08,Saturday,P08,Chocolate Chip Cookie,Cookie,3,2.0,0,6.0,upi,in-store,
1496,2025-02-08,Saturday,P01,Sourdough Loaf,Bread,3,4.5,0,13.5,card,catering,C0032
1497,2025-02-08,Saturday,P05,Pain au Chocolat,Pastry,1,3.5,0,3.5,upi,in-store,C0124
1497,2025-02-08,Saturday,P01,Sourdough Loaf,Bread,2,4.5,0,9.0,upi,in-store,C0124
1498,2025-02-08,Saturday,P05,Pain au Chocolat,Pastry,1,3.5,0,3.5,card,online,C0014
1498,2025-02-08,Saturday,P04,Croissant,Pastry,1,3.0,0,3.0,card,online,C0014
1498,2025-02-08,Saturday,P11,Cupcake (single),Cake,1,3.25,0,3.25,card,online,C0014
1498,2025-02-08,Saturday,P12,Bagel - Plain,Bread,3,2.25,0,6.75,card,online,C0014
1499,2025-02-08,Saturday,P08,Chocolate Chip Cookie,Cookie,1,2.0,0,2.0,upi,in-store,
1499,2025-02-08,Saturday,P03,Whole Wheat Loaf,Bread,1,4.75,0,4.75,upi,in-store,
1499,2025-02-08,Saturday,P10,Birthday Cake (whole),Cake,1,32.0,0,32.0,upi,in-store,
1500,2025-02-08,Saturday,P15,Scone - Blueberry,Pastry,1,3.0,0,3.0,upi,in-store,C0054
1500,2025-02-08,Saturday,P12,Bagel - Plain,Bread,3,2.25,0,6.75,upi,in-store,C0054
1500,2025-02-08,Saturday,P10,Birthday Cake (whole),Cake,1,32.0,0,32.0,upi,in-store,C0054
1501,2025-02-08,Saturday,P01,Sourdough Loaf,Bread,1,4.5,0,4.5,upi,online,
1502,2025-02-08,Saturday,P08,Chocolate Chip Cookie,Cookie,1,2.0,0,2.0,upi,online,C0052
1503,2025-02-08,Saturday,P12,Bagel - Plain,Bread,3,2.25,0,6.75,cash,in-store,C0116
1503,2025-02-08,Saturday,P06,Cinnamon Roll,Pastry,1,3.75,0,3.75,cash,in-store,C0116
1505,2025-02-08,Saturday,P11,Cupcake (single),Cake,1,3.25,0,3.25,card,in-store,C0020
1506,2025-02-08,Saturday,P11,Cupcake (single),Cake,1,3.25,0,3.25,card,catering,C0034
1508,2025-02-08,Saturday,P05,Pain au Chocolat,Pastry,1,3.5,0,3.5,upi,in-store,C0083
1509,2025-02-08,Saturday,P05,Pain au Chocolat,Pastry,2,3.5,0,7.0,cash,in-store,
1510,2025-02-08,Saturday,P03,Whole Wheat Loaf,Bread,1,4.75,0,4.75,cash,in-store,C0026
1510,2025-02-08,Saturday,P05,Pain au Chocolat,Pastry,1,3.5,0,3.5,cash,in-store,C0026
1510,2025-02-08,Saturday,P07,Blueberry Muffin,Pastry,1,2.75,0,2.75,cash,in-store,C0026
1511,2025-02-08,Saturday,P06,Cinnamon Roll,Pastry,1,3.75,0,3.75,upi,in-store,C0068
1512,2025-02-08,Saturday,P04,Croissant,Pastry,1,3.0,0,3.0,cash,in-store,C0008
1513,2025-02-08,Saturday,P14,Rye Loaf,Bread,1,4.9,0,4.9,cash,in-store,C0002
1513,2025-02-08,Saturday,P10,Birthday Cake (whole),Cake,1,32.0,0,32.0,cash,in-store,C0002
1514,2025-02-08,Saturday,P12,Bagel - Plain,Bread,1,2.25,0,2.25,upi,online,C0129
1514,2025-02-08,Saturday,P05,Pain au Chocolat,Pastry,1,3.5,0,3.5,upi,online,C0129
1515,2025-02-08,Saturday,P08,Chocolate Chip Cookie,Cookie,3,2.0,0,6.0,card,in-store,C0047
1516,2025-02-08,Saturday,P01,Sourdough Loaf,Bread,2,4.5,0,9.0,upi,in-store,C0049
1516,2025-02-08,Saturday,P13,Bagel - Everything,Bread,1,2.5,0,2.5,upi,in-store,C0049
1516,2025-02-08,Saturday,P05,Pain au Chocolat,Pastry,1,3.5,0,3.5,upi,in-store,C0049
1517,2025-02-09,Sunday,P15,Scone - Blueberry,Pastry,1,3.0,0,3.0,upi,in-store,C0040
1518,2025-02-09,Sunday,P05,Pain au Chocolat,Pastry,3,3.5,0,10.5,upi,online,C0026
1519,2025-02-09,Sunday,P04,Croissant,Pastry,3,3.0,0,9.0,cash,catering,C0095
1519,2025-02-09,Sunday,P14,Rye Loaf,Bread,3,4.9,0,14.7,cash,catering,C0095
1519,2025-02-09,Sunday,P05,Pain au Chocolat,Pastry,3,3.5,0,10.5,cash,catering,C0095
1519,2025-02-09,Sunday,P03,Whole Wheat Loaf,Bread,2,4.75,0,9.5,cash,catering,C0095
1521,2025-02-09,Sunday,P15,Scone - Blueberry,Pastry,1,3.0,0,3.0,upi,in-store,
1524,2025-02-09,Sunday,P12,Bagel - Plain,Bread,2,2.25,0,4.5,upi,in-store,C0003
1525,2025-02-09,Sunday,P11,Cupcake (single),Cake,1,3.25,0,3.25,cash,in-store,
1526,2025-02-09,Sunday,P14,Rye Loaf,Bread,1,4.9,0,4.9,cash,in-store,C0119
1528,2025-02-09,Sunday,P04,Croissant,Pastry,1,3.0,0,3.0,upi,in-store,C0029
1529,2025-02-09,Sunday,P15,Scone - Blueberry,Pastry,1,3.0,0,3.0,cash,in-store,
1531,2025-02-09,Sunday,P02,Baguette,Bread,3,3.25,0,9.75,cash,in-store,C0015
1531,2025-02-09,Sunday,P06,Cinnamon Roll,Pastry,1,3.75,0,3.75,cash,in-store,C0015
1532,2025-02-09,Sunday,P05,Pain au Chocolat,Pastry,1,3.5,0,3.5,upi,in-store,
1533,2025-02-09,Sunday,P04,Croissant,Pastry,3,3.0,0,9.0,upi,in-store,C0088
1534,2025-02-09,Sunday,P09,Oatmeal Raisin Cookie,Cookie,1,2.0,0,2.0,upi,in-store,C0038
1534,2025-02-09,Sunday,P15,Scone - Blueberry,Pastry,1,3.0,0,3.0,upi,in-store,C0038
1535,2025-02-09,Sunday,P05,Pain au Chocolat,Pastry,2,3.5,0,7.0,card,in-store,C0001
1535,2025-02-09,Sunday,P13,Bagel - Everything,Bread,1,2.5,0,2.5,card,in-store,C0001
1535,2025-02-09,Sunday,P06,Cinnamon Roll,Pastry,1,3.75,0,3.75,card,in-store,C0001
1536,2025-02-09,Sunday,P07,Blueberry Muffin,Pastry,1,2.75,0,2.75,card,in-store,C0029
1537,2025-02-09,Sunday,P07,Blueberry Muffin,Pastry,1,2.75,0,2.75,upi,in-store,C0008
1538,2025-02-09,Sunday,P07,Blueberry Muffin,Pastry,2,2.75,0,5.5,card,in-store,C0006
1538,2025-02-09,Sunday,P09,Oatmeal Raisin Cookie,Cookie,1,2.0,0,2.0,card,in-store,C0006
1539,2025-02-09,Sunday,P14,Rye Loaf,Bread,1,4.9,0,4.9,upi,in-store,
1539,2025-02-09,Sunday,P02,Baguette,Bread,3,3.25,0,9.75,upi,in-store,
1540,2025-02-15,Saturday,P05,Pain au Chocolat,Pastry,1,3.5,0,3.5,upi,in-store,
1540,2025-02-15,Saturday,P10,Birthday Cake (whole),Cake,1,32.0,0,32.0,upi,in-store,
1540,2025-02-15,Saturday,P14,Rye Loaf,Bread,1,4.9,0,4.9,upi,in-store,
1541,2025-02-15,Saturday,P02,Baguette,Bread,1,3.25,0,3.25,cash,in-store,C0033
1542,2025-02-15,Saturday,P12,Bagel - Plain,Bread,1,2.25,0,2.25,upi,in-store,C0030
1542,2025-02-15,Saturday,P12,Bagel - Plain,Bread,1,2.25,0,2.25,upi,in-store,C0030
1543,2025-02-15,Saturday,P06,Cinnamon Roll,Pastry,1,3.75,0,3.75,card,in-store,C0121
1544,2025-02-15,Saturday,P13,Bagel - Everything,Bread,1,2.5,0,2.5,card,in-store,
1545,2025-02-15,Saturday,P02,Baguette,Bread,3,3.25,0,9.75,cash,in-store,C0103
1546,2025-02-15,Saturday,P09,Oatmeal Raisin Cookie,Cookie,1,2.0,0,2.0,upi,in-store,
1546,2025-02-15,Saturday,P14,Rye Loaf,Bread,1,4.9,0,4.9,upi,in-store,
1546,2025-02-15,Saturday,P04,Croissant,Pastry,1,3.0,0,3.0,upi,in-store,
1546,2025-02-15,Saturday,P13,Bagel - Everything,Bread,1,2.5,0,2.5,upi,in-store,
1547,2025-02-15,Saturday,P01,Sourdough Loaf,Bread,3,4.5,0,13.5,card,in-store,C0029
1547,2025-02-15,Saturday,P04,Croissant,Pastry,1,3.0,0,3.0,card,in-store,C0029
1549,2025-02-15,Saturday,P14,Rye Loaf,Bread,1,4.9,0,4.9,cash,catering,C0069
1550,2025-02-15,Saturday,P09,Oatmeal Raisin Cookie,Cookie,1,2.0,0,2.0,card,in-store,C0050
1551,2025-02-15,Saturday,P12,Bagel - Plain,Bread,1,2.25,0,2.25,upi,online,C0075
1551,2025-02-15,Saturday,P11,Cupcake (single),Cake,1,3.25,0,3.25,upi,online,C0075
1552,2025-02-15,Saturday,P02,Baguette,Bread,1,3.25,0,3.25,upi,catering,
1552,2025-02-15,Saturday,P08,Chocolate Chip Cookie,Cookie,1,2.0,0,2.0,upi,catering,
1553,2025-02-15,Saturday,P10,Birthday Cake (whole),Cake,1,32.0,0,32.0,upi,online,
1553,2025-02-15,Saturday,P03,Whole Wheat Loaf,Bread,1,4.75,0,4.75,upi,online,
1554,2025-02-15,Saturday,P11,Cupcake (single),Cake,1,3.25,0,3.25,cash,in-store,
1556,2025-02-15,Saturday,P07,Blueberry Muffin,Pastry,1,2.75,0,2.75,upi,in-store,C0092
1556,2025-02-15,Saturday,P03,Whole Wheat Loaf,Bread,1,4.75,0,4.75,upi,in-store,C0092
1556,2025-02-15,Saturday,P05,Pain au Chocolat,Pastry,2,3.5,0,7.0,upi,in-store,C0092
1557,2025-02-15,Saturday,P14,Rye Loaf,Bread,1,4.9,0,4.9,upi,in-store,
1558,2025-02-15,Saturday,P15,Scone - Blueberry,Pastry,1,3.0,0,3.0,upi,online,C0130
1558,2025-02-15,Saturday,P12,Bagel - Plain,Bread,1,2.25,0,2.25,upi,online,C0130
1558,2025-02-15,Saturday,P09,Oatmeal Raisin Cookie,Cookie,1,2.0,0,2.0,upi,online,C0130
1559,2025-02-15,Saturday,P14,Rye Loaf,Bread,1,4.9,0,4.9,upi,in-store,C0033
1560,2025-02-15,Saturday,P03,Whole Wheat Loaf,Bread,1,4.75,0,4.75,upi,in-store,
1560,2025-02-15,Saturday,P10,Birthday Cake (whole),Cake,1,32.0,0,32.0,upi,in-store,
1560,2025-02-15,Saturday,P14,Rye Loaf,Bread,1,4.9,0,4.9,upi,in-store,
1561,2025-02-15,Saturday,P10,Birthday Cake (whole),Cake,1,32.0,0,32.0,card,online,C0036
1562,2025-02-15,Saturday,P09,Oatmeal Raisin Cookie,Cookie,1,2.0,0,2.0,upi,in-store,C0052
1562,2025-02-15,Saturday,P07,Blueberry Muffin,Pastry,1,2.75,0,2.75,upi,in-store,C0052
1563,2025-02-15,Saturday,P05,Pain au Chocolat,Pastry,3,3.5,0,10.5,cash,in-store,C0080
1563,2025-02-15,Saturday,P09,Oatmeal Raisin Cookie,Cookie,2,2.0,0,4.0,cash,in-store,C0080
1564,2025-02-15,Saturday,P09,Oatmeal Raisin Cookie,Cookie,1,2.0,0,2.0,cash,in-store,C0114
1564,2025-02-15,Saturday,P05,Pain au Chocolat,Pastry,1,3.5,0,3.5,cash,in-store,C0114
1565,2025-02-16,Sunday,P07,Blueberry Muffin,Pastry,1,2.75,0,2.75,upi,in-store,C0002
1566,2025-02-16,Sunday,P12,Bagel - Plain,Bread,3,2.25,0,6.75,upi,in-store,C0054
1566,2025-02-16,Sunday,P08,Chocolate Chip Cookie,Cookie,1,2.0,0,2.0,upi,in-store,C0054
1567,2025-02-16,Sunday,P05,Pain au Chocolat,Pastry,1,3.5,0,3.5,card,in-store,C0014
1567,2025-02-16,Sunday,P12,Bagel - Plain,Bread,3,2.25,0,6.75,card,in-store,C0014
1567,2025-02-16,Sunday,P12,Bagel - Plain,Bread,3,2.25,0,6.75,card,in-store,C0014
1568,2025-02-16,Sunday,P02,Baguette,Bread,1,3.25,0,3.25,upi,in-store,C0004
1569,2025-02-16,Sunday,P03,Whole Wheat Loaf,Bread,1,4.75,0,4.75,upi,in-store,C0117
1569,2025-02-16,Sunday,P11,Cupcake (single),Cake,1,3.25,0,3.25,upi,in-store,C0117
1570,2025-02-16,Sunday,P08,Chocolate Chip Cookie,Cookie,1,2.0,0,2.0,upi,online,
1571,2025-02-16,Sunday,P14,Rye Loaf,Bread,1,4.9,0,4.9,upi,in-store,C0083
1571,2025-02-16,Sunday,P15,Scone - Blueberry,Pastry,1,3.0,0,3.0,upi,in-store,C0083
1571,2025-02-16,Sunday,P15,Scone - Blueberry,Pastry,2,3.0,0,6.0,upi,in-store,C0083
1572,2025-02-16,Sunday,P02,Baguette,Bread,1,3.25,0,3.25,upi,in-store,C0091
1573,2025-02-16,Sunday,P12,Bagel - Plain,Bread,3,2.25,0,6.75,card,in-store,C0101
1574,2025-02-16,Sunday,P07,Blueberry Muffin,Pastry,1,2.75,0,2.75,card,online,C0089
1576,2025-02-16,Sunday,P02,Baguette,Bread,1,3.25,0,3.25,upi,in-store,C0062
1576,2025-02-16,Sunday,P12,Bagel - Plain,Bread,1,2.25,0,2.25,upi,in-store,C0062
1577,2025-02-16,Sunday,P08,Chocolate Chip Cookie,Cookie,1,2.0,0,2.0,card,in-store,
1577,2025-02-16,Sunday,P09,Oatmeal Raisin Cookie,Cookie,3,2.0,0,6.0,card,in-store,
1578,2025-02-16,Sunday,P11,Cupcake (single),Cake,1,3.25,0,3.25,upi,in-store,C0109
1578,2025-02-16,Sunday,P01,Sourdough Loaf,Bread,1,4.5,0,4.5,upi,in-store,C0109
1581,2025-02-16,Sunday,P14,Rye Loaf,Bread,3,4.9,0,14.7,cash,in-store,
1582,2025-02-16,Sunday,P11,Cupcake (single),Cake,1,3.25,0,3.25,upi,in-store,
1583,2025-02-16,Sunday,P07,Blueberry Muffin,Pastry,1,2.75,0,2.75,card,in-store,C0015
1584,2025-02-16,Sunday,P03,Whole Wheat Loaf,Bread,1,4.75,0,4.75,card,in-store,
1584,2025-02-16,Sunday,P12,Bagel - Plain,Bread,3,2.25,0,6.75,card,in-store,
1585,2025-02-16,Sunday,P07,Blueberry Muffin,Pastry,1,2.75,0,2.75,card,in-store,C0119
1585,2025-02-16,Sunday,P09,Oatmeal Raisin Cookie,Cookie,2,2.0,0,4.0,card,in-store,C0119
1586,2025-02-16,Sunday,P14,Rye Loaf,Bread,1,4.9,0,4.9,card,in-store,
1587,2025-02-16,Sunday,P07,Blueberry Muffin,Pastry,1,2.75,0,2.75,upi,in-store,
1587,2025-02-16,Sunday,P11,Cupcake (single),Cake,1,3.25,0,3.25,upi,in-store,
1587,2025-02-16,Sunday,P10,Birthday Cake (whole),Cake,1,32.0,0,32.0,upi,in-store,
1588,2025-02-16,Sunday,P02,Baguette,Bread,1,3.25,0,3.25,upi,online,C0094
1590,2025-02-17,Monday,P09,Oatmeal Raisin Cookie,Cookie,3,2.0,0,6.0,card,in-store,C0092
1591,2025-02-17,Monday,P15,Scone - Blueberry,Pastry,1,3.0,0,3.0,card,in-store,
1592,2025-02-17,Monday,P04,Croissant,Pastry,2,3.0,0,6.0,cash,in-store,C0079
1593,2025-02-17,Monday,P02,Baguette,Bread,1,3.25,0,3.25,upi,in-store,C0075
1594,2025-02-17,Monday,P15,Scone - Blueberry,Pastry,1,3.0,0,3.0,upi,online,C0042
1595,2025-02-17,Monday,P13,Bagel - Everything,Bread,2,2.5,0,5.0,cash,online,C0112
1596,2025-02-17,Monday,P11,Cupcake (single),Cake,1,3.25,0,3.25,card,in-store,
1597,2025-02-17,Monday,P14,Rye Loaf,Bread,2,4.9,0,9.8,upi,in-store,
1597,2025-02-17,Monday,P01,Sourdough Loaf,Bread,1,4.5,0,4.5,upi,in-store,
1597,2025-02-17,Monday,P01,Sourdough Loaf,Bread,1,4.5,0,4.5,upi,in-store,
1598,2025-02-17,Monday,P07,Blueberry Muffin,Pastry,2,2.75,0,5.5,cash,in-store,C0072
1598,2025-02-17,Monday,P12,Bagel - Plain,Bread,1,2.25,0,2.25,cash,in-store,C0072
1600,2025-02-17,Monday,P07,Blueberry Muffin,Pastry,1,2.75,0,2.75,cash,in-store,C0100
1600,2025-02-17,Monday,P02,Baguette,Bread,1,3.25,0,3.25,cash,in-store,C0100
1600,2025-02-17,Monday,P06,Cinnamon Roll,Pastry,1,3.75,0,3.75,cash,in-store,C0100
1601,2025-02-17,Monday,P14,Rye Loaf,Bread,1,4.9,0,4.9,cash,in-store,C0116
1602,2025-02-17,Monday,P04,Croissant,Pastry,1,3.0,0,3.0,card,online,
1603,2025-02-17,Monday,P10,Birthday Cake (whole),Cake,1,32.0,0,32.0,upi,in-store,
1605,2025-02-17,Monday,P12,Bagel - Plain,Bread,1,2.25,0,2.25,card,in-store,C0120
1605,2025-02-17,Monday,P05,Pain au Chocolat,Pastry,1,3.5,0,3.5,card,in-store,C0120
1605,2025-02-17,Monday,P03,Whole Wheat Loaf,Bread,2,4.75,0,9.5,card,in-store,C0120
1606,2025-02-17,Monday,P08,Chocolate Chip Cookie,Cookie,1,2.0,0,2.0,cash,in-store,C0057
1606,2025-02-17,Monday,P01,Sourdough Loaf,Bread,1,4.5,0,4.5,cash,in-store,C0057
1606,2025-02-17,Monday,P03,Whole Wheat Loaf,Bread,1,4.75,0,4.75,cash,in-store,C0057
1607,2025-02-17,Monday,P04,Croissant,Pastry,2,3.0,0,6.0,cash,online,C0076
1607,2025-02-17,Monday,P09,Oatmeal Raisin Cookie,Cookie,2,2.0,0,4.0,cash,online,C0076
1608,2025-02-18,Tuesday,P07,Blueberry Muffin,Pastry,1,2.75,0,2.75,upi,in-store,
1608,2025-02-18,Tuesday,P08,Chocolate Chip Cookie,Cookie,1,2.0,0,2.0,upi,in-store,
1609,2025-02-18,Tuesday,P05,Pain au Chocolat,Pastry,3,3.5,0,10.5,upi,in-store,C0062
1609,2025-02-18,Tuesday,P10,Birthday Cake (whole),Cake,1,32.0,0,32.0,upi,in-store,C0062
1609,2025-02-18,Tuesday,P05,Pain au Chocolat,Pastry,1,3.5,0,3.5,upi,in-store,C0062
1610,2025-02-18,Tuesday,P15,Scone - Blueberry,Pastry,1,3.0,0,3.0,cash,online,
1611,2025-02-18,Tuesday,P02,Baguette,Bread,1,3.25,0,3.25,upi,in-store,C0033
1611,2025-02-18,Tuesday,P13,Bagel - Everything,Bread,1,2.5,0,2.5,upi,in-store,C0033
1611,2025-02-18,Tuesday,P12,Bagel - Plain,Bread,1,2.25,0,2.25,upi,in-store,C0033
1612,2025-02-18,Tuesday,P06,Cinnamon Roll,Pastry,1,3.75,0,3.75,card,in-store,C0096
1612,2025-02-18,Tuesday,P12,Bagel - Plain,Bread,3,2.25,0,6.75,card,in-store,C0096
1613,2025-02-18,Tuesday,P13,Bagel - Everything,Bread,1,2.5,0,2.5,cash,online,C0110
1613,2025-02-18,Tuesday,P09,Oatmeal Raisin Cookie,Cookie,1,2.0,0,2.0,cash,online,C0110
1613,2025-02-18,Tuesday,P03,Whole Wheat Loaf,Bread,1,4.75,0,4.75,cash,online,C0110
1614,2025-02-18,Tuesday,P11,Cupcake (single),Cake,1,3.25,0,3.25,upi,in-store,
1614,2025-02-18,Tuesday,P15,Scone - Blueberry,Pastry,2,3.0,0,6.0,upi,in-store,
1615,2025-02-18,Tuesday,P14,Rye Loaf,Bread,2,4.9,0,9.8,card,online,C0098
1616,2025-02-18,Tuesday,P05,Pain au Chocolat,Pastry,2,3.5,0,7.0,cash,in-store,C0118
1617,2025-02-18,Tuesday,P07,Blueberry Muffin,Pastry,1,2.75,0,2.75,upi,in-store,C0034
1617,2025-02-18,Tuesday,P02,Baguette,Bread,1,3.25,0,3.25,upi,in-store,C0034
1618,2025-02-18,Tuesday,P04,Croissant,Pastry,1,3.0,0,3.0,card,in-store,C0112
1618,2025-02-18,Tuesday,P01,Sourdough Loaf,Bread,2,4.5,0,9.0,card,in-store,C0112
1619,2025-02-18,Tuesday,P07,Blueberry Muffin,Pastry,3,2.75,0,8.25,upi,in-store,C0064
1619,2025-02-18,Tuesday,P12,Bagel - Plain,Bread,1,2.25,0,2.25,upi,in-store,C0064
1620,2025-02-18,Tuesday,P10,Birthday Cake (whole),Cake,1,32.0,0,32.0,card,in-store,C0075
1620,2025-02-18,Tuesday,P08,Chocolate Chip Cookie,Cookie,2,2.0,0,4.0,card,in-store,C0075
1621,2025-02-18,Tuesday,P07,Blueberry Muffin,Pastry,1,2.75,0,2.75,upi,in-store,
1622,2025-02-18,Tuesday,P13,Bagel - Everything,Bread,1,2.5,0,2.5,upi,in-store,C0083
1623,2025-02-18,Tuesday,P03,Whole Wheat Loaf,Bread,1,4.75,0,4.75,upi,in-store,C0048
1625,2025-02-18,Tuesday,P08,Chocolate Chip Cookie,Cookie,2,2.0,0,4.0,card,in-store,C0054
1627,2025-02-19,Wednesday,P08,Chocolate Chip Cookie,Cookie,1,2.0,0,2.0,card,in-store,C0101
1628,2025-02-19,Wednesday,P05,Pain au Chocolat,Pastry,3,3.5,0,10.5,cash,in-store,
1628,2025-02-19,Wednesday,P03,Whole Wheat Loaf,Bread,1,4.75,0,4.75,cash,in-store,
1628,2025-02-19,Wednesday,P08,Chocolate Chip Cookie,Cookie,1,2.0,0,2.0,cash,in-store,
1630,2025-02-19,Wednesday,P14,Rye Loaf,Bread,1,4.9,0,4.9,card,in-store,
1630,2025-02-19,Wednesday,P08,Chocolate Chip Cookie,Cookie,1,2.0,0,2.0,card,in-store,
1631,2025-02-19,Wednesday,P09,Oatmeal Raisin Cookie,Cookie,1,2.0,0,2.0,card,online,
1633,2025-02-19,Wednesday,P08,Chocolate Chip Cookie,Cookie,3,2.0,0,6.0,card,in-store,
1635,2025-02-19,Wednesday,P01,Sourdough Loaf,Bread,1,4.5,0,4.5,card,in-store,C0090
1636,2025-02-19,Wednesday,P14,Rye Loaf,Bread,2,4.9,0,9.8,cash,in-store,
1637,2025-02-19,Wednesday,P13,Bagel - Everything,Bread,2,2.5,0,5.0,upi,in-store,C0102
1637,2025-02-19,Wednesday,P08,Chocolate Chip Cookie,Cookie,2,2.0,0,4.0,upi,in-store,C0102
1638,2025-02-20,Thursday,P15,Scone - Blueberry,Pastry,1,3.0,0,3.0,upi,in-store,C0111
1639,2025-02-20,Thursday,P01,Sourdough Loaf,Bread,1,4.5,0,4.5,upi,in-store,C0074
1639,2025-02-20,Thursday,P07,Blueberry Muffin,Pastry,2,2.75,0,5.5,upi,in-store,C0074
1640,2025-02-20,Thursday,P14,Rye Loaf,Bread,1,4.9,0,4.9,cash,in-store,
1642,2025-02-20,Thursday,P13,Bagel - Everything,Bread,1,2.5,0,2.5,upi,in-store,
1643,2025-02-20,Thursday,P12,Bagel - Plain,Bread,1,2.25,0,2.25,card,online,C0075
1644,2025-02-20,Thursday,P03,Whole Wheat Loaf,Bread,1,4.75,0,4.75,card,in-store,
1644,2025-02-20,Thursday,P13,Bagel - Everything,Bread,1,2.5,0,2.5,card,in-store,
1647,2025-02-20,Thursday,P11,Cupcake (single),Cake,1,3.25,0,3.25,upi,in-store,
1648,2025-02-20,Thursday,P12,Bagel - Plain,Bread,1,2.25,0,2.25,card,in-store,
1649,2025-02-20,Thursday,P06,Cinnamon Roll,Pastry,1,3.75,0,3.75,upi,in-store,C0126
1650,2025-02-20,Thursday,P08,Chocolate Chip Cookie,Cookie,1,2.0,0,2.0,cash,in-store,C0088
1651,2025-02-20,Thursday,P01,Sourdough Loaf,Bread,1,4.5,0,4.5,card,in-store,C0129
1651,2025-02-20,Thursday,P07,Blueberry Muffin,Pastry,1,2.75,0,2.75,card,in-store,C0129
1651,2025-02-20,Thursday,P15,Scone - Blueberry,Pastry,1,3.0,0,3.0,card,in-store,C0129
1652,2025-02-20,Thursday,P08,Chocolate Chip Cookie,Cookie,3,2.0,0,6.0,upi,online,
1652,2025-02-20,Thursday,P12,Bagel - Plain,Bread,1,2.25,0,2.25,upi,online,
1653,2025-02-20,Thursday,P08,Chocolate Chip Cookie,Cookie,1,2.0,0,2.0,cash,catering,C0071
1653,2025-02-20,Thursday,P15,Scone - Blueberry,Pastry,2,3.0,0,6.0,cash,catering,C0071
1654,2025-02-21,Friday,P14,Rye Loaf,Bread,1,4.9,0,4.9,cash,online,
1655,2025-02-21,Friday,P10,Birthday Cake (whole),Cake,1,32.0,0,32.0,upi,in-store,C0093
1656,2025-02-21,Friday,P14,Rye Loaf,Bread,2,4.9,0,9.8,card,in-store,C0055
1656,2025-02-21,Friday,P12,Bagel - Plain,Bread,3,2.25,0,6.75,card,in-store,C0055
1657,2025-02-21,Friday,P07,Blueberry Muffin,Pastry,3,2.75,0,8.25,upi,in-store,C0074
1658,2025-02-21,Friday,P02,Baguette,Bread,1,3.25,0,3.25,cash,in-store,C0081
1659,2025-02-21,Friday,P02,Baguette,Bread,1,3.25,0,3.25,upi,in-store,
1660,2025-02-21,Friday,P08,Chocolate Chip Cookie,Cookie,1,2.0,0,2.0,upi,in-store,
1661,2025-02-21,Friday,P07,Blueberry Muffin,Pastry,1,2.75,0,2.75,card,in-store,C0120
1661,2025-02-21,Friday,P07,Blueberry Muffin,Pastry,1,2.75,0,2.75,card,in-store,C0120
1662,2025-02-21,Friday,P15,Scone - Blueberry,Pastry,1,3.0,0,3.0,upi,in-store,
1663,2025-02-21,Friday,P04,Croissant,Pastry,1,3.0,0,3.0,card,in-store,C0026
1663,2025-02-21,Friday,P12,Bagel - Plain,Bread,1,2.25,0,2.25,card,in-store,C0026
1663,2025-02-21,Friday,P15,Scone - Blueberry,Pastry,1,3.0,0,3.0,card,in-store,C0026
1664,2025-02-21,Friday,P09,Oatmeal Raisin Cookie,Cookie,1,2.0,0,2.0,upi,online,C0088
1664,2025-02-21,Friday,P06,Cinnamon Roll,Pastry,1,3.75,0,3.75,upi,online,C0088
1664,2025-02-21,Friday,P12,Bagel - Plain,Bread,1,2.25,0,2.25,upi,online,C0088
1664,2025-02-21,Friday,P01,Sourdough Loaf,Bread,1,4.5,0,4.5,upi,online,C0088
1665,2025-02-21,Friday,P05,Pain au Chocolat,Pastry,1,3.5,0,3.5,card,online,C0004
1666,2025-02-22,Saturday,P03,Whole Wheat Loaf,Bread,1,4.75,0,4.75,upi,in-store,C0082
1668,2025-02-22,Saturday,P05,Pain au Chocolat,Pastry,1,3.5,0,3.5,upi,in-store,C0115
1669,2025-02-22,Saturday,P08,Chocolate Chip Cookie,Cookie,1,2.0,0,2.0,cash,in-store,C0074
1670,2025-02-22,Saturday,P12,Bagel - Plain,Bread,1,2.25,0,2.25,card,in-store,
1671,2025-02-22,Saturday,P14,Rye Loaf,Bread,3,4.9,0,14.7,upi,in-store,
1671,2025-02-22,Saturday,P08,Chocolate Chip Cookie,Cookie,1,2.0,0,2.0,upi,in-store,
1671,2025-02-22,Saturday,P09,Oatmeal Raisin Cookie,Cookie,1,2.0,0,2.0,upi,in-store,
1672,2025-02-22,Saturday,P09,Oatmeal Raisin Cookie,Cookie,1,2.0,0,2.0,cash,in-store,
1672,2025-02-22,Saturday,P09,Oatmeal Raisin Cookie,Cookie,1,2.0,0,2.0,cash,in-store,
1674,2025-02-22,Saturday,P08,Chocolate Chip Cookie,Cookie,2,2.0,0,4.0,cash,in-store,C0067
1674,2025-02-22,Saturday,P04,Croissant,Pastry,2,3.0,0,6.0,cash,in-store,C0067
1674,2025-02-22,Saturday,P07,Blueberry Muffin,Pastry,1,2.75,0,2.75,cash,in-store,C0067
1674,2025-02-22,Saturday,P01,Sourdough Loaf,Bread,1,4.5,0,4.5,cash,in-store,C0067
1675,2025-02-22,Saturday,P05,Pain au Chocolat,Pastry,1,3.5,0,3.5,card,in-store,C0048
1676,2025-02-22,Saturday,P12,Bagel - Plain,Bread,1,2.25,0,2.25,upi,in-store,C0048
1676,2025-02-22,Saturday,P10,Birthday Cake (whole),Cake,1,32.0,0,32.0,upi,in-store,C0048
1677,2025-02-22,Saturday,P11,Cupcake (single),Cake,1,3.25,0,3.25,cash,in-store,
1678,2025-02-22,Saturday,P11,Cupcake (single),Cake,1,3.25,0,3.25,card,online,
1678,2025-02-22,Saturday,P15,Scone - Blueberry,Pastry,2,3.0,0,6.0,card,online,
1678,2025-02-22,Saturday,P07,Blueberry Muffin,Pastry,1,2.75,0,2.75,card,online,
1679,2025-02-22,Saturday,P13,Bagel - Everything,Bread,1,2.5,0,2.5,upi,in-store,
1680,2025-02-22,Saturday,P15,Scone - Blueberry,Pastry,1,3.0,0,3.0,card,in-store,C0101
1681,2025-02-22,Saturday,P04,Croissant,Pastry,1,3.0,0,3.0,upi,online,C0011
1681,2025-02-22,Saturday,P11,Cupcake (single),Cake,1,3.25,0,3.25,upi,online,C0011
1681,2025-02-22,Saturday,P15,Scone - Blueberry,Pastry,2,3.0,0,6.0,upi,online,C0011
1682,2025-02-22,Saturday,P10,Birthday Cake (whole),Cake,1,32.0,0,32.0,cash,online,C0109
1683,2025-02-22,Saturday,P05,Pain au Chocolat,Pastry,1,3.5,0,3.5,cash,in-store,C0084
1684,2025-02-22,Saturday,P14,Rye Loaf,Bread,1,4.9,0,4.9,cash,in-store,C0092
1684,2025-02-22,Saturday,P05,Pain au Chocolat,Pastry,2,3.5,0,7.0,cash,in-store,C0092
1685,2025-02-22,Saturday,P10,Birthday Cake (whole),Cake,1,32.0,0,32.0,card,in-store,C0119
1687,2025-02-22,Saturday,P07,Blueberry Muffin,Pastry,1,2.75,0,2.75,upi,in-store,C0003
1687,2025-02-22,Saturday,P14,Rye Loaf,Bread,1,4.9,0,4.9,upi,in-store,C0003
1688,2025-02-22,Saturday,P14,Rye Loaf,Bread,1,4.9,0,4.9,cash,in-store,
1688,2025-02-22,Saturday,P03,Whole Wheat Loaf,Bread,2,4.75,0,9.5,cash,in-store,
1689,2025-02-22,Saturday,P11,Cupcake (single),Cake,1,3.25,0,3.25,cash,online,C0029
1689,2025-02-22,Saturday,P11,Cupcake (single),Cake,1,3.25,0,3.25,cash,online,C0029
1690,2025-02-23,Sunday,P08,Chocolate Chip Cookie,Cookie,1,2.0,0,2.0,upi,in-store,C0064
1691,2025-02-23,Sunday,P02,Baguette,Bread,2,3.25,0,6.5,card,in-store,
1692,2025-02-23,Sunday,P05,Pain au Chocolat,Pastry,1,3.5,0,3.5,upi,in-store,
1692,2025-02-23,Sunday,P03,Whole Wheat Loaf,Bread,3,4.75,0,14.25,upi,in-store,
1694,2025-02-23,Sunday,P08,Chocolate Chip Cookie,Cookie,2,2.0,0,4.0,upi,in-store,C0016
1694,2025-02-23,Sunday,P02,Baguette,Bread,1,3.25,0,3.25,upi,in-store,C0016
1694,2025-02-23,Sunday,P03,Whole Wheat Loaf,Bread,1,4.75,0,4.75,upi,in-store,C0016
1695,2025-02-23,Sunday,P05,Pain au Chocolat,Pastry,1,3.5,0,3.5,card,in-store,C0012
1696,2025-02-23,Sunday,P01,Sourdough Loaf,Bread,1,4.5,0,4.5,cash,catering,
1697,2025-02-23,Sunday,P05,Pain au Chocolat,Pastry,1,3.5,0,3.5,upi,in-store,C0012
1698,2025-02-23,Sunday,P07,Blueberry Muffin,Pastry,1,2.75,0,2.75,card,in-store,C0128
1699,2025-02-23,Sunday,P11,Cupcake (single),Cake,1,3.25,0,3.25,upi,online,C0103
1700,2025-02-23,Sunday,P14,Rye Loaf,Bread,3,4.9,0,14.7,card,online,
1700,2025-02-23,Sunday,P12,Bagel - Plain,Bread,3,2.25,0,6.75,card,online,
1700,2025-02-23,Sunday,P07,Blueberry Muffin,Pastry,2,2.75,0,5.5,card,online,
1701,2025-02-23,Sunday,P05,Pain au Chocolat,Pastry,1,3.5,0,3.5,upi,in-store,C0017
1701,2025-02-23,Sunday,P13,Bagel - Everything,Bread,1,2.5,0,2.5,upi,in-store,C0017
1701,2025-02-23,Sunday,P04,Croissant,Pastry,1,3.0,0,3.0,upi,in-store,C0017
1703,2025-02-23,Sunday,P03,Whole Wheat Loaf,Bread,1,4.75,0,4.75,upi,in-store,
1704,2025-02-23,Sunday,P06,Cinnamon Roll,Pastry,3,3.75,0,11.25,upi,in-store,
1704,2025-02-23,Sunday,P09,Oatmeal Raisin Cookie,Cookie,1,2.0,0,2.0,upi,in-store,
1705,2025-02-23,Sunday,P13,Bagel - Everything,Bread,3,2.5,0,7.5,card,in-store,C0097
1705,2025-02-23,Sunday,P10,Birthday Cake (whole),Cake,1,32.0,0,32.0,card,in-store,C0097
1706,2025-02-23,Sunday,P05,Pain au Chocolat,Pastry,1,3.5,0,3.5,upi,in-store,C0005
1707,2025-02-23,Sunday,P05,Pain au Chocolat,Pastry,2,3.5,0,7.0,cash,in-store,
1708,2025-02-23,Sunday,P07,Blueberry Muffin,Pastry,1,2.75,0,2.75,upi,in-store,C0090
1709,2025-02-23,Sunday,P09,Oatmeal Raisin Cookie,Cookie,1,2.0,0,2.0,cash,online,C0007
1710,2025-02-23,Sunday,P13,Bagel - Everything,Bread,1,2.5,0,2.5,upi,in-store,
1711,2025-02-23,Sunday,P08,Chocolate Chip Cookie,Cookie,1,2.0,0,2.0,card,in-store,
1711,2025-02-23,Sunday,P04,Croissant,Pastry,1,3.0,0,3.0,card,in-store,
1712,2025-02-23,Sunday,P01,Sourdough Loaf,Bread,1,4.5,0,4.5,upi,catering,
1712,2025-02-23,Sunday,P12,Bagel - Plain,Bread,1,2.25,0,2.25,upi,catering,
1713,2025-02-23,Sunday,P06,Cinnamon Roll,Pastry,3,3.75,0,11.25,card,online,
1714,2025-02-23,Sunday,P04,Croissant,Pastry,1,3.0,0,3.0,upi,online,C0007
1714,2025-02-23,Sunday,P02,Baguette,Bread,1,3.25,0,3.25,upi,online,C0007
1715,2025-02-23,Sunday,P10,Birthday Cake (whole),Cake,1,32.0,0,32.0,cash,online,
1716,2025-02-23,Sunday,P13,Bagel - Everything,Bread,1,2.5,0,2.5,card,in-store,
1717,2025-02-23,Sunday,P04,Croissant,Pastry,1,3.0,0,3.0,cash,catering,C0059
1718,2025-02-23,Sunday,P09,Oatmeal Raisin Cookie,Cookie,1,2.0,0,2.0,upi,in-store,C0089
1719,2025-02-23,Sunday,P11,Cupcake (single),Cake,1,3.25,0,3.25,cash,in-store,
1721,2025-02-24,Monday,P02,Baguette,Bread,3,3.25,0,9.75,upi,in-store,
1722,2025-02-24,Monday,P03,Whole Wheat Loaf,Bread,1,4.75,0,4.75,upi,in-store,C0104
1723,2025-02-24,Monday,P05,Pain au Chocolat,Pastry,1,3.5,0,3.5,upi,online,C0115
1723,2025-02-24,Monday,P08,Chocolate Chip Cookie,Cookie,3,2.0,0,6.0,upi,online,C0115
1723,2025-02-24,Monday,P10,Birthday Cake (whole),Cake,1,32.0,0,32.0,upi,online,C0115
1724,2025-02-24,Monday,P05,Pain au Chocolat,Pastry,2,3.5,0,7.0,cash,in-store,C0028
1724,2025-02-24,Monday,P05,Pain au Chocolat,Pastry,1,3.5,0,3.5,cash,in-store,C0028
1725,2025-02-24,Monday,P07,Blueberry Muffin,Pastry,3,2.75,0,8.25,upi,in-store,
1725,2025-02-24,Monday,P02,Baguette,Bread,3,3.25,0,9.75,upi,in-store,
1726,2025-02-24,Monday,P08,Chocolate Chip Cookie,Cookie,1,2.0,0,2.0,card,in-store,C0111
1726,2025-02-24,Monday,P14,Rye Loaf,Bread,1,4.9,0,4.9,card,in-store,C0111
1726,2025-02-24,Monday,P01,Sourdough Loaf,Bread,2,4.5,0,9.0,card,in-store,C0111
1727,2025-02-24,Monday,P07,Blueberry Muffin,Pastry,3,2.75,0,8.25,upi,online,
1728,2025-02-24,Monday,P12,Bagel - Plain,Bread,3,2.25,0,6.75,cash,online,C0055
1729,2025-02-24,Monday,P07,Blueberry Muffin,Pastry,1,2.75,0,2.75,card,in-store,
1729,2025-02-24,Monday,P15,Scone - Blueberry,Pastry,1,3.0,0,3.0,card,in-store,
1730,2025-02-24,Monday,P06,Cinnamon Roll,Pastry,1,3.75,0,3.75,cash,in-store,
1730,2025-02-24,Monday,P15,Scone - Blueberry,Pastry,3,3.0,0,9.0,cash,in-store,
1730,2025-02-24,Monday,P14,Rye Loaf,Bread,1,4.9,0,4.9,cash,in-store,
1731,2025-02-24,Monday,P14,Rye Loaf,Bread,1,4.9,0,4.9,card,in-store,C0096
1731,2025-02-24,Monday,P12,Bagel - Plain,Bread,1,2.25,0,2.25,card,in-store,C0096
1732,2025-02-24,Monday,P15,Scone - Blueberry,Pastry,2,3.0,0,6.0,cash,in-store,C0019
1733,2025-02-24,Monday,P15,Scone - Blueberry,Pastry,1,3.0,0,3.0,cash,in-store,C0048
1734,2025-02-24,Monday,P10,Birthday Cake (whole),Cake,1,32.0,0,32.0,upi,in-store,
1735,2025-02-24,Monday,P05,Pain au Chocolat,Pastry,1,3.5,0,3.5,card,online,C0101
1736,2025-02-24,Monday,P13,Bagel - Everything,Bread,1,2.5,0,2.5,upi,in-store,
1736,2025-02-24,Monday,P03,Whole Wheat Loaf,Bread,1,4.75,0,4.75,upi,in-store,
1736,2025-02-24,Monday,P15,Scone - Blueberry,Pastry,1,3.0,0,3.0,upi,in-store,
1736,2025-02-24,Monday,P12,Bagel - Plain,Bread,2,2.25,0,4.5,upi,in-store,
1737,2025-02-25,Tuesday,P05,Pain au Chocolat,Pastry,1,3.5,0,3.5,cash,in-store,C0129
1738,2025-02-25,Tuesday,P14,Rye Loaf,Bread,1,4.9,0,4.9,card,in-store,C0010
1739,2025-02-25,Tuesday,P07,Blueberry Muffin,Pastry,2,2.75,0,5.5,upi,in-store,
1740,2025-02-25,Tuesday,P02,Baguette,Bread,1,3.25,0,3.25,upi,in-store,C0009
1741,2025-02-25,Tuesday,P10,Birthday Cake (whole),Cake,1,32.0,0,32.0,upi,in-store,C0075
1743,2025-02-25,Tuesday,P03,Whole Wheat Loaf,Bread,1,4.75,0,4.75,upi,in-store,C0084
1743,2025-02-25,Tuesday,P01,Sourdough Loaf,Bread,1,4.5,0,4.5,upi,in-store,C0084
1744,2025-02-25,Tuesday,P03,Whole Wheat Loaf,Bread,1,4.75,0,4.75,upi,in-store,
1744,2025-02-25,Tuesday,P05,Pain au Chocolat,Pastry,2,3.5,0,7.0,upi,in-store,
1746,2025-02-25,Tuesday,P01,Sourdough Loaf,Bread,3,4.5,0,13.5,card,in-store,
1746,2025-02-25,Tuesday,P07,Blueberry Muffin,Pastry,1,2.75,0,2.75,card,in-store,
1747,2025-02-25,Tuesday,P07,Blueberry Muffin,Pastry,1,2.75,0,2.75,card,in-store,
1747,2025-02-25,Tuesday,P09,Oatmeal Raisin Cookie,Cookie,1,2.0,0,2.0,card,in-store,
1748,2025-02-25,Tuesday,P12,Bagel - Plain,Bread,1,2.25,0,2.25,upi,in-store,C0038
1749,2025-02-26,Wednesday,P01,Sourdough Loaf,Bread,2,4.5,0,9.0,card,in-store,
1750,2025-02-26,Wednesday,P14,Rye Loaf,Bread,1,4.9,0,4.9,upi,online,
1751,2025-02-26,Wednesday,P14,Rye Loaf,Bread,1,4.9,0,4.9,card,in-store,C0030
1752,2025-02-26,Wednesday,P05,Pain au Chocolat,Pastry,1,3.5,0,3.5,card,online,
1753,2025-02-26,Wednesday,P04,Croissant,Pastry,1,3.0,0,3.0,card,in-store,C0041
1753,2025-02-26,Wednesday,P01,Sourdough Loaf,Bread,1,4.5,0,4.5,card,in-store,C0041
1753,2025-02-26,Wednesday,P12,Bagel - Plain,Bread,3,2.25,0,6.75,card,in-store,C0041
1754,2025-02-26,Wednesday,P09,Oatmeal Raisin Cookie,Cookie,1,2.0,0,2.0,card,in-store,
1755,2025-02-26,Wednesday,P15,Scone - Blueberry,Pastry,1,3.0,0,3.0,upi,in-store,C0102
1756,2025-02-26,Wednesday,P09,Oatmeal Raisin Cookie,Cookie,2,2.0,0,4.0,card,in-store,C0025
1756,2025-02-26,Wednesday,P09,Oatmeal Raisin Cookie,Cookie,1,2.0,0,2.0,card,in-store,C0025
1757,2025-02-26,Wednesday,P01,Sourdough Loaf,Bread,1,4.5,0,4.5,cash,in-store,
1757,2025-02-26,Wednesday,P05,Pain au Chocolat,Pastry,1,3.5,0,3.5,cash,in-store,
1758,2025-02-26,Wednesday,P03,Whole Wheat Loaf,Bread,1,4.75,0,4.75,card,in-store,C0059
1759,2025-02-27,Thursday,P11,Cupcake (single),Cake,1,3.25,0,3.25,card,in-store,C0024
1759,2025-02-27,Thursday,P07,Blueberry Muffin,Pastry,1,2.75,0,2.75,card,in-store,C0024
1759,2025-02-27,Thursday,P12,Bagel - Plain,Bread,1,2.25,0,2.25,card,in-store,C0024
1760,2025-02-27,Thursday,P13,Bagel - Everything,Bread,1,2.5,0,2.5,card,in-store,C0070
1760,2025-02-27,Thursday,P01,Sourdough Loaf,Bread,1,4.5,0,4.5,card,in-store,C0070
1761,2025-02-27,Thursday,P15,Scone - Blueberry,Pastry,1,3.0,0,3.0,upi,in-store,C0043
1761,2025-02-27,Thursday,P02,Baguette,Bread,1,3.25,0,3.25,upi,in-store,C0043
1761,2025-02-27,Thursday,P12,Bagel - Plain,Bread,1,2.25,0,2.25,upi,in-store,C0043
1762,2025-02-27,Thursday,P07,Blueberry Muffin,Pastry,1,2.75,0,2.75,card,in-store,C0061
1762,2025-02-27,Thursday,P11,Cupcake (single),Cake,1,3.25,0,3.25,card,in-store,C0061
1762,2025-02-27,Thursday,P06,Cinnamon Roll,Pastry,1,3.75,0,3.75,card,in-store,C0061
1763,2025-02-27,Thursday,P05,Pain au Chocolat,Pastry,2,3.5,0,7.0,upi,in-store,
1763,2025-02-27,Thursday,P11,Cupcake (single),Cake,1,3.25,0,3.25,upi,in-store,
1764,2025-02-27,Thursday,P09,Oatmeal Raisin Cookie,Cookie,1,2.0,0,2.0,cash,online,C0128
1767,2025-02-27,Thursday,P03,Whole Wheat Loaf,Bread,1,4.75,0,4.75,upi,in-store,
1767,2025-02-27,Thursday,P07,Blueberry Muffin,Pastry,1,2.75,0,2.75,upi,in-store,
1767,2025-02-27,Thursday,P02,Baguette,Bread,2,3.25,0,6.5,upi,in-store,
1768,2025-02-27,Thursday,P05,Pain au Chocolat,Pastry,1,3.5,0,3.5,cash,online,C0032
1768,2025-02-27,Thursday,P09,Oatmeal Raisin Cookie,Cookie,1,2.0,0,2.0,cash,online,C0032
1770,2025-02-28,Friday,P15,Scone - Blueberry,Pastry,1,3.0,0,3.0,card,in-store,C0079
1771,2025-02-28,Friday,P03,Whole Wheat Loaf,Bread,1,4.75,0,4.75,cash,in-store,C0039
1771,2025-02-28,Friday,P07,Blueberry Muffin,Pastry,3,2.75,0,8.25,cash,in-store,C0039
1771,2025-02-28,Friday,P03,Whole Wheat Loaf,Bread,1,4.75,0,4.75,cash,in-store,C0039
1772,2025-02-28,Friday,P14,Rye Loaf,Bread,1,4.9,0,4.9,card,in-store,
1772,2025-02-28,Friday,P07,Blueberry Muffin,Pastry,1,2.75,0,2.75,card,in-store,
1773,2025-02-28,Friday,P07,Blueberry Muffin,Pastry,1,2.75,0,2.75,card,in-store,C0066
1773,2025-02-28,Friday,P05,Pain au Chocolat,Pastry,3,3.5,0,10.5,card,in-store,C0066
1773,2025-02-28,Friday,P06,Cinnamon Roll,Pastry,3,3.75,0,11.25,card,in-store,C0066
1774,2025-02-28,Friday,P08,Chocolate Chip Cookie,Cookie,1,2.0,0,2.0,cash,in-store,
1775,2025-02-28,Friday,P03,Whole Wheat Loaf,Bread,1,4.75,0,4.75,cash,in-store,C0075
1775,2025-02-28,Friday,P04,Croissant,Pastry,3,3.0,0,9.0,cash,in-store,C0075
1775,2025-02-28,Friday,P09,Oatmeal Raisin Cookie,Cookie,1,2.0,0,2.0,cash,in-store,C0075
1775,2025-02-28,Friday,P09,Oatmeal Raisin Cookie,Cookie,1,2.0,0,2.0,cash,in-store,C0075
1776,2025-02-28,Friday,P13,Bagel - Everything,Bread,3,2.5,0,7.5,card,online,C0058
1776,2025-02-28,Friday,P03,Whole Wheat Loaf,Bread,1,4.75,0,4.75,card,online,C0058
1777,2025-02-28,Friday,P13,Bagel - Everything,Bread,1,2.5,0,2.5,upi,online,C0018
1777,2025-02-28,Friday,P03,Whole Wheat Loaf,Bread,1,4.75,0,4.75,upi,online,C0018
1779,2025-02-28,Friday,P15,Scone - Blueberry,Pastry,1,3.0,0,3.0,upi,in-store,C0089
1780,2025-02-28,Friday,P05,Pain au Chocolat,Pastry,1,3.5,0,3.5,upi,in-store,C0111
1781,2025-02-28,Friday,P07,Blueberry Muffin,Pastry,2,2.75,0,5.5,upi,in-store,
1781,2025-02-28,Friday,P02,Baguette,Bread,1,3.25,0,3.25,upi,in-store,
1782,2025-02-28,Friday,P07,Blueberry Muffin,Pastry,1,2.75,0,2.75,card,in-store,C0089
1784,2025-02-28,Friday,P12,Bagel - Plain,Bread,2,2.25,0,4.5,card,in-store,C0115
1786,2025-03-01,Saturday,P14,Rye Loaf,Bread,2,4.9,0,9.8,upi,online,C0009
1787,2025-03-01,Saturday,P10,Birthday Cake (whole),Cake,1,32.0,0,32.0,upi,in-store,C0022
1788,2025-03-01,Saturday,P08,Chocolate Chip Cookie,Cookie,1,2.0,0,2.0,card,in-store,C0040
1788,2025-03-01,Saturday,P12,Bagel - Plain,Bread,1,2.25,0,2.25,card,in-store,C0040
1789,2025-03-01,Saturday,P07,Blueberry Muffin,Pastry,1,2.75,0,2.75,cash,in-store,C0027
1789,2025-03-01,Saturday,P03,Whole Wheat Loaf,Bread,1,4.75,0,4.75,cash,in-store,C0027
1790,2025-03-01,Saturday,P05,Pain au Chocolat,Pastry,2,3.5,0,7.0,card,in-store,
1790,2025-03-01,Saturday,P05,Pain au Chocolat,Pastry,3,3.5,0,10.5,card,in-store,
1791,2025-03-01,Saturday,P02,Baguette,Bread,1,3.25,0,3.25,upi,in-store,
1791,2025-03-01,Saturday,P08,Chocolate Chip Cookie,Cookie,1,2.0,0,2.0,upi,in-store,
1792,2025-03-01,Saturday,P05,Pain au Chocolat,Pastry,1,3.5,0,3.5,card,online,C0080
1792,2025-03-01,Saturday,P09,Oatmeal Raisin Cookie,Cookie,1,2.0,0,2.0,card,online,C0080
1792,2025-03-01,Saturday,P12,Bagel - Plain,Bread,1,2.25,0,2.25,card,online,C0080
1793,2025-03-01,Saturday,P06,Cinnamon Roll,Pastry,1,3.75,0,3.75,card,in-store,
1794,2025-03-01,Saturday,P07,Blueberry Muffin,Pastry,1,2.75,0,2.75,cash,in-store,
1795,2025-03-01,Saturday,P05,Pain au Chocolat,Pastry,1,3.5,0,3.5,card,online,C0091
1796,2025-03-01,Saturday,P10,Birthday Cake (whole),Cake,1,32.0,0,32.0,upi,in-store,
1798,2025-03-01,Saturday,P14,Rye Loaf,Bread,1,4.9,0,4.9,upi,in-store,C0063
1800,2025-03-01,Saturday,P09,Oatmeal Raisin Cookie,Cookie,1,2.0,0,2.0,card,in-store,
1800,2025-03-01,Saturday,P04,Croissant,Pastry,2,3.0,0,6.0,card,in-store,
1801,2025-03-02,Sunday,P12,Bagel - Plain,Bread,1,2.25,0,2.25,cash,in-store,C0052
1801,2025-03-02,Sunday,P14,Rye Loaf,Bread,1,4.9,0,4.9,cash,in-store,C0052
1802,2025-03-02,Sunday,P14,Rye Loaf,Bread,1,4.9,0,4.9,cash,in-store,C0111
1802,2025-03-02,Sunday,P03,Whole Wheat Loaf,Bread,1,4.75,0,4.75,cash,in-store,C0111
1802,2025-03-02,Sunday,P08,Chocolate Chip Cookie,Cookie,1,2.0,0,2.0,cash,in-store,C0111
1802,2025-03-02,Sunday,P13,Bagel - Everything,Bread,1,2.5,0,2.5,cash,in-store,C0111
1803,2025-03-02,Sunday,P03,Whole Wheat Loaf,Bread,1,4.75,0,4.75,upi,catering,
1804,2025-03-02,Sunday,P05,Pain au Chocolat,Pastry,2,3.5,0,7.0,cash,in-store,
1805,2025-03-02,Sunday,P03,Whole Wheat Loaf,Bread,1,4.75,0,4.75,card,in-store,C0049
1806,2025-03-02,Sunday,P07,Blueberry Muffin,Pastry,2,2.75,0,5.5,upi,online,C0102
1807,2025-03-02,Sunday,P15,Scone - Blueberry,Pastry,1,3.0,0,3.0,card,in-store,C0076
1807,2025-03-02,Sunday,P03,Whole Wheat Loaf,Bread,1,4.75,0,4.75,card,in-store,C0076
1807,2025-03-02,Sunday,P10,Birthday Cake (whole),Cake,1,32.0,0,32.0,card,in-store,C0076
1807,2025-03-02,Sunday,P07,Blueberry Muffin,Pastry,1,2.75,0,2.75,card,in-store,C0076
1808,2025-03-02,Sunday,P09,Oatmeal Raisin Cookie,Cookie,3,2.0,0,6.0,upi,in-store,C0066
1809,2025-03-02,Sunday,P01,Sourdough Loaf,Bread,1,4.5,0,4.5,cash,in-store,
1810,2025-03-02,Sunday,P07,Blueberry Muffin,Pastry,1,2.75,0,2.75,upi,in-store,C0063
1811,2025-03-02,Sunday,P08,Chocolate Chip Cookie,Cookie,1,2.0,0,2.0,upi,in-store,
1812,2025-03-02,Sunday,P04,Croissant,Pastry,1,3.0,0,3.0,upi,in-store,C0004
1813,2025-03-02,Sunday,P15,Scone - Blueberry,Pastry,1,3.0,0,3.0,card,in-store,
1814,2025-03-02,Sunday,P08,Chocolate Chip Cookie,Cookie,1,2.0,0,2.0,upi,in-store,C0082
1814,2025-03-02,Sunday,P08,Chocolate Chip Cookie,Cookie,1,2.0,0,2.0,upi,in-store,C0082
1815,2025-03-02,Sunday,P08,Chocolate Chip Cookie,Cookie,2,2.0,0,4.0,cash,in-store,
1816,2025-03-02,Sunday,P03,Whole Wheat Loaf,Bread,1,4.75,0,4.75,upi,in-store,
1817,2025-03-02,Sunday,P08,Chocolate Chip Cookie,Cookie,1,2.0,0,2.0,card,in-store,
1817,2025-03-02,Sunday,P07,Blueberry Muffin,Pastry,1,2.75,0,2.75,card,in-store,
1818,2025-03-02,Sunday,P08,Chocolate Chip Cookie,Cookie,1,2.0,0,2.0,cash,in-store,
1818,2025-03-02,Sunday,P14,Rye Loaf,Bread,1,4.9,0,4.9,cash,in-store,
1819,2025-03-03,Monday,P04,Croissant,Pastry,1,3.0,0,3.0,upi,in-store,C0055
1819,2025-03-03,Monday,P02,Baguette,Bread,1,3.25,0,3.25,upi,in-store,C0055
1820,2025-03-03,Monday,P04,Croissant,Pastry,1,3.0,0,3.0,cash,online,
1820,2025-03-03,Monday,P05,Pain au Chocolat,Pastry,2,3.5,0,7.0,cash,online,
1821,2025-03-03,Monday,P08,Chocolate Chip Cookie,Cookie,2,2.0,0,4.0,upi,in-store,C0061
1821,2025-03-03,Monday,P12,Bagel - Plain,Bread,1,2.25,0,2.25,upi,in-store,C0061
1821,2025-03-03,Monday,P14,Rye Loaf,Bread,2,4.9,0,9.8,upi,in-store,C0061
1822,2025-03-03,Monday,P15,Scone - Blueberry,Pastry,1,3.0,0,3.0,cash,online,
1823,2025-03-03,Monday,P14,Rye Loaf,Bread,3,4.9,0,14.7,card,in-store,
1823,2025-03-03,Monday,P07,Blueberry Muffin,Pastry,1,2.75,0,2.75,card,in-store,
1824,2025-03-03,Monday,P04,Croissant,Pastry,1,3.0,0,3.0,card,in-store,C0024
1825,2025-03-03,Monday,P03,Whole Wheat Loaf,Bread,1,4.75,0,4.75,card,in-store,
1826,2025-03-03,Monday,P08,Chocolate Chip Cookie,Cookie,2,2.0,0,4.0,cash,in-store,
1827,2025-03-03,Monday,P08,Chocolate Chip Cookie,Cookie,3,2.0,0,6.0,cash,in-store,
1827,2025-03-03,Monday,P05,Pain au Chocolat,Pastry,1,3.5,0,3.5,cash,in-store,
1827,2025-03-03,Monday,P01,Sourdough Loaf,Bread,3,4.5,0,13.5,cash,in-store,
1827,2025-03-03,Monday,P11,Cupcake (single),Cake,1,3.25,0,3.25,cash,in-store,
1828,2025-03-03,Monday,P04,Croissant,Pastry,1,3.0,0,3.0,cash,in-store,
1828,2025-03-03,Monday,P06,Cinnamon Roll,Pastry,1,3.75,0,3.75,cash,in-store,
1828,2025-03-03,Monday,P02,Baguette,Bread,1,3.25,0,3.25,cash,in-store,
1829,2025-03-03,Monday,P04,Croissant,Pastry,1,3.0,0,3.0,upi,online,C0095
1831,2025-03-03,Monday,P11,Cupcake (single),Cake,1,3.25,0,3.25,cash,in-store,
1831,2025-03-03,Monday,P15,Scone - Blueberry,Pastry,2,3.0,0,6.0,cash,in-store,
1832,2025-03-03,Monday,P14,Rye Loaf,Bread,1,4.9,0,4.9,cash,online,C0044
1833,2025-03-03,Monday,P04,Croissant,Pastry,1,3.0,0,3.0,upi,in-store,
1834,2025-03-03,Monday,P01,Sourdough Loaf,Bread,3,4.5,0,13.5,cash,in-store,C0050
1834,2025-03-03,Monday,P09,Oatmeal Raisin Cookie,Cookie,3,2.0,0,6.0,cash,in-store,C0050
1835,2025-03-03,Monday,P01,Sourdough Loaf,Bread,2,4.5,0,9.0,upi,in-store,
1835,2025-03-03,Monday,P03,Whole Wheat Loaf,Bread,1,4.75,0,4.75,upi,in-store,
1835,2025-03-03,Monday,P04,Croissant,Pastry,1,3.0,0,3.0,upi,in-store,
1836,2025-03-03,Monday,P03,Whole Wheat Loaf,Bread,1,4.75,0,4.75,cash,online,
1837,2025-03-03,Monday,P15,Scone - Blueberry,Pastry,3,3.0,0,9.0,upi,in-store,C0011
1837,2025-03-03,Monday,P08,Chocolate Chip Cookie,Cookie,1,2.0,0,2.0,upi,in-store,C0011
1838,2025-03-04,Tuesday,P07,Blueberry Muffin,Pastry,2,2.75,0,5.5,card,in-store,C0025
1839,2025-03-04,Tuesday,P14,Rye Loaf,Bread,1,4.9,0,4.9,cash,in-store,
1839,2025-03-04,Tuesday,P15,Scone - Blueberry,Pastry,1,3.0,0,3.0,cash,in-store,
1840,2025-03-04,Tuesday,P07,Blueberry Muffin,Pastry,2,2.75,0,5.5,upi,in-store,
1841,2025-03-04,Tuesday,P12,Bagel - Plain,Bread,1,2.25,0,2.25,card,online,C0093
1842,2025-03-04,Tuesday,P02,Baguette,Bread,1,3.25,0,3.25,cash,in-store,
1843,2025-03-04,Tuesday,P10,Birthday Cake (whole),Cake,1,32.0,0,32.0,cash,in-store,C0039
1844,2025-03-04,Tuesday,P02,Baguette,Bread,1,3.25,0,3.25,upi,in-store,
1845,2025-03-04,Tuesday,P13,Bagel - Everything,Bread,1,2.5,0,2.5,upi,online,C0120
1846,2025-03-04,Tuesday,P09,Oatmeal Raisin Cookie,Cookie,1,2.0,0,2.0,cash,in-store,C0112
1846,2025-03-04,Tuesday,P01,Sourdough Loaf,Bread,1,4.5,0,4.5,cash,in-store,C0112
1847,2025-03-05,Wednesday,P02,Baguette,Bread,1,3.25,0,3.25,cash,in-store,
1848,2025-03-05,Wednesday,P15,Scone - Blueberry,Pastry,1,3.0,0,3.0,upi,in-store,
1850,2025-03-05,Wednesday,P07,Blueberry Muffin,Pastry,1,2.75,0,2.75,cash,in-store,C0113
1850,2025-03-05,Wednesday,P13,Bagel - Everything,Bread,1,2.5,0,2.5,cash,in-store,C0113
1851,2025-03-05,Wednesday,P15,Scone - Blueberry,Pastry,2,3.0,0,6.0,card,online,C0114
1852,2025-03-05,Wednesday,P11,Cupcake (single),Cake,1,3.25,0,3.25,card,in-store,C0128
1852,2025-03-05,Wednesday,P04,Croissant,Pastry,1,3.0,0,3.0,card,in-store,C0128
1853,2025-03-05,Wednesday,P02,Baguette,Bread,1,3.25,0,3.25,card,in-store,
1856,2025-03-05,Wednesday,P11,Cupcake (single),Cake,1,3.25,0,3.25,card,in-store,
1856,2025-03-05,Wednesday,P13,Bagel - Everything,Bread,1,2.5,0,2.5,card,in-store,
1856,2025-03-05,Wednesday,P09,Oatmeal Raisin Cookie,Cookie,1,2.0,0,2.0,card,in-store,
1857,2025-03-05,Wednesday,P06,Cinnamon Roll,Pastry,3,3.75,0,11.25,upi,in-store,C0035
1858,2025-03-05,Wednesday,P14,Rye Loaf,Bread,1,4.9,0,4.9,cash,in-store,C0060
1858,2025-03-05,Wednesday,P08,Chocolate Chip Cookie,Cookie,1,2.0,0,2.0,cash,in-store,C0060
1859,2025-03-05,Wednesday,P10,Birthday Cake (whole),Cake,1,32.0,0,32.0,upi,in-store,
1860,2025-03-05,Wednesday,P07,Blueberry Muffin,Pastry,1,2.75,0,2.75,upi,online,
1860,2025-03-05,Wednesday,P07,Blueberry Muffin,Pastry,3,2.75,0,8.25,upi,online,
1861,2025-03-05,Wednesday,P15,Scone - Blueberry,Pastry,1,3.0,0,3.0,cash,online,C0054
1863,2025-03-06,Thursday,P02,Baguette,Bread,1,3.25,0,3.25,upi,online,C0062
1864,2025-03-06,Thursday,P15,Scone - Blueberry,Pastry,2,3.0,0,6.0,upi,in-store,C0082
1865,2025-03-06,Thursday,P02,Baguette,Bread,1,3.25,0,3.25,cash,in-store,
1865,2025-03-06,Thursday,P03,Whole Wheat Loaf,Bread,1,4.75,0,4.75,cash,in-store,
1865,2025-03-06,Thursday,P04,Croissant,Pastry,1,3.0,0,3.0,cash,in-store,
1866,2025-03-06,Thursday,P07,Blueberry Muffin,Pastry,1,2.75,0,2.75,upi,in-store,C0111
1866,2025-03-06,Thursday,P03,Whole Wheat Loaf,Bread,1,4.75,0,4.75,upi,in-store,C0111
1867,2025-03-06,Thursday,P03,Whole Wheat Loaf,Bread,1,4.75,0,4.75,card,in-store,C0097
1868,2025-03-06,Thursday,P04,Croissant,Pastry,1,3.0,0,3.0,card,in-store,C0036
1868,2025-03-06,Thursday,P15,Scone - Blueberry,Pastry,1,3.0,0,3.0,card,in-store,C0036
1869,2025-03-06,Thursday,P02,Baguette,Bread,1,3.25,0,3.25,cash,in-store,
1869,2025-03-06,Thursday,P14,Rye Loaf,Bread,2,4.9,0,9.8,cash,in-store,
1870,2025-03-06,Thursday,P12,Bagel - Plain,Bread,1,2.25,0,2.25,upi,in-store,
1871,2025-03-06,Thursday,P08,Chocolate Chip Cookie,Cookie,1,2.0,0,2.0,card,in-store,C0130
1872,2025-03-06,Thursday,P13,Bagel - Everything,Bread,1,2.5,0,2.5,cash,online,C0109
1872,2025-03-06,Thursday,P05,Pain au Chocolat,Pastry,1,3.5,0,3.5,cash,online,C0109
1873,2025-03-06,Thursday,P14,Rye Loaf,Bread,1,4.9,0,4.9,card,in-store,
1874,2025-03-06,Thursday,P06,Cinnamon Roll,Pastry,3,3.75,0,11.25,card,in-store,C0058
1874,2025-03-06,Thursday,P05,Pain au Chocolat,Pastry,1,3.5,0,3.5,card,in-store,C0058
1875,2025-03-06,Thursday,P08,Chocolate Chip Cookie,Cookie,2,2.0,0,4.0,cash,in-store,
1877,2025-03-07,Friday,P02,Baguette,Bread,1,3.25,0,3.25,card,in-store,C0122
1878,2025-03-07,Friday,P01,Sourdough Loaf,Bread,1,4.5,0,4.5,card,in-store,
1878,2025-03-07,Friday,P14,Rye Loaf,Bread,3,4.9,0,14.7,card,in-store,
1879,2025-03-07,Friday,P09,Oatmeal Raisin Cookie,Cookie,3,2.0,0,6.0,cash,in-store,
1880,2025-03-07,Friday,P03,Whole Wheat Loaf,Bread,1,4.75,0,4.75,card,in-store,C0097
1880,2025-03-07,Friday,P03,Whole Wheat Loaf,Bread,1,4.75,0,4.75,card,in-store,C0097
1881,2025-03-07,Friday,P04,Croissant,Pastry,1,3.0,0,3.0,upi,in-store,C0020
1881,2025-03-07,Friday,P07,Blueberry Muffin,Pastry,1,2.75,0,2.75,upi,in-store,C0020
1882,2025-03-07,Friday,P08,Chocolate Chip Cookie,Cookie,1,2.0,0,2.0,upi,in-store,C0027
1883,2025-03-07,Friday,P15,Scone - Blueberry,Pastry,3,3.0,0,9.0,card,in-store,
1884,2025-03-07,Friday,P10,Birthday Cake (whole),Cake,1,32.0,0,32.0,cash,online,
1884,2025-03-07,Friday,P02,Baguette,Bread,1,3.25,0,3.25,cash,online,
1884,2025-03-07,Friday,P11,Cupcake (single),Cake,1,3.25,0,3.25,cash,online,
1885,2025-03-07,Friday,P09,Oatmeal Raisin Cookie,Cookie,1,2.0,0,2.0,cash,in-store,
1885,2025-03-07,Friday,P09,Oatmeal Raisin Cookie,Cookie,1,2.0,0,2.0,cash,in-store,
1886,2025-03-07,Friday,P13,Bagel - Everything,Bread,1,2.5,0,2.5,cash,catering,C0102
1887,2025-03-07,Friday,P02,Baguette,Bread,2,3.25,0,6.5,upi,online,
1887,2025-03-07,Friday,P03,Whole Wheat Loaf,Bread,1,4.75,0,4.75,upi,online,
1887,2025-03-07,Friday,P08,Chocolate Chip Cookie,Cookie,1,2.0,0,2.0,upi,online,
1888,2025-03-07,Friday,P08,Chocolate Chip Cookie,Cookie,1,2.0,0,2.0,upi,in-store,C0055
1889,2025-03-07,Friday,P04,Croissant,Pastry,1,3.0,0,3.0,cash,in-store,
1891,2025-03-07,Friday,P05,Pain au Chocolat,Pastry,1,3.5,0,3.5,card,in-store,C0068
1891,2025-03-07,Friday,P07,Blueberry Muffin,Pastry,2,2.75,0,5.5,card,in-store,C0068
1892,2025-03-07,Friday,P14,Rye Loaf,Bread,1,4.9,0,4.9,upi,in-store,
1893,2025-03-08,Saturday,P11,Cupcake (single),Cake,1,3.25,0,3.25,cash,in-store,C0052
1893,2025-03-08,Saturday,P09,Oatmeal Raisin Cookie,Cookie,1,2.0,0,2.0,cash,in-store,C0052
1894,2025-03-08,Saturday,P10,Birthday Cake (whole),Cake,1,32.0,0,32.0,upi,in-store,C0044
1895,2025-03-08,Saturday,P10,Birthday Cake (whole),Cake,1,32.0,0,32.0,upi,in-store,
1895,2025-03-08,Saturday,P03,Whole Wheat Loaf,Bread,1,4.75,0,4.75,upi,in-store,
1896,2025-03-08,Saturday,P07,Blueberry Muffin,Pastry,1,2.75,0,2.75,upi,in-store,C0059
1896,2025-03-08,Saturday,P13,Bagel - Everything,Bread,1,2.5,0,2.5,upi,in-store,C0059
1896,2025-03-08,Saturday,P05,Pain au Chocolat,Pastry,3,3.5,0,10.5,upi,in-store,C0059
1897,2025-03-08,Saturday,P07,Blueberry Muffin,Pastry,1,2.75,0,2.75,cash,in-store,C0028
1897,2025-03-08,Saturday,P08,Chocolate Chip Cookie,Cookie,1,2.0,0,2.0,cash,in-store,C0028
1899,2025-03-08,Saturday,P14,Rye Loaf,Bread,1,4.9,0,4.9,card,in-store,
1899,2025-03-08,Saturday,P14,Rye Loaf,Bread,1,4.9,0,4.9,card,in-store,
1899,2025-03-08,Saturday,P07,Blueberry Muffin,Pastry,1,2.75,0,2.75,card,in-store,
1900,2025-03-08,Saturday,P07,Blueberry Muffin,Pastry,1,2.75,0,2.75,cash,online,C0115
1900,2025-03-08,Saturday,P09,Oatmeal Raisin Cookie,Cookie,2,2.0,0,4.0,cash,online,C0115
1901,2025-03-08,Saturday,P12,Bagel - Plain,Bread,1,2.25,0,2.25,upi,catering,C0105
1901,2025-03-08,Saturday,P03,Whole Wheat Loaf,Bread,1,4.75,0,4.75,upi,catering,C0105
1902,2025-03-08,Saturday,P08,Chocolate Chip Cookie,Cookie,2,2.0,0,4.0,cash,in-store,C0108
1903,2025-03-08,Saturday,P12,Bagel - Plain,Bread,1,2.25,0,2.25,upi,in-store,C0036
1903,2025-03-08,Saturday,P02,Baguette,Bread,1,3.25,0,3.25,upi,in-store,C0036
1903,2025-03-08,Saturday,P02,Baguette,Bread,3,3.25,0,9.75,upi,in-store,C0036
1904,2025-03-08,Saturday,P11,Cupcake (single),Cake,1,3.25,0,3.25,cash,in-store,C0016
1905,2025-03-08,Saturday,P10,Birthday Cake (whole),Cake,1,32.0,0,32.0,card,online,
1905,2025-03-08,Saturday,P12,Bagel - Plain,Bread,1,2.25,0,2.25,card,online,
1906,2025-03-08,Saturday,P04,Croissant,Pastry,1,3.0,0,3.0,upi,in-store,
1906,2025-03-08,Saturday,P03,Whole Wheat Loaf,Bread,1,4.75,0,4.75,upi,in-store,
1907,2025-03-08,Saturday,P08,Chocolate Chip Cookie,Cookie,1,2.0,0,2.0,cash,in-store,
1907,2025-03-08,Saturday,P07,Blueberry Muffin,Pastry,1,2.75,0,2.75,cash,in-store,
1908,2025-03-08,Saturday,P09,Oatmeal Raisin Cookie,Cookie,1,2.0,0,2.0,upi,in-store,
1908,2025-03-08,Saturday,P08,Chocolate Chip Cookie,Cookie,1,2.0,0,2.0,upi,in-store,
1909,2025-03-08,Saturday,P07,Blueberry Muffin,Pastry,1,2.75,0,2.75,upi,online,
1910,2025-03-08,Saturday,P08,Chocolate Chip Cookie,Cookie,2,2.0,0,4.0,upi,in-store,C0060
1912,2025-03-08,Saturday,P15,Scone - Blueberry,Pastry,1,3.0,0,3.0,upi,in-store,
1912,2025-03-08,Saturday,P10,Birthday Cake (whole),Cake,1,32.0,0,32.0,upi,in-store,
1913,2025-03-08,Saturday,P09,Oatmeal Raisin Cookie,Cookie,3,2.0,0,6.0,upi,in-store,
1913,2025-03-08,Saturday,P04,Croissant,Pastry,1,3.0,0,3.0,upi,in-store,
1913,2025-03-08,Saturday,P04,Croissant,Pastry,1,3.0,0,3.0,upi,in-store,
1914,2025-03-08,Saturday,P05,Pain au Chocolat,Pastry,1,3.5,0,3.5,upi,online,C0016
1915,2025-03-08,Saturday,P07,Blueberry Muffin,Pastry,2,2.75,0,5.5,card,in-store,C0125
1915,2025-03-08,Saturday,P15,Scone - Blueberry,Pastry,1,3.0,0,3.0,card,in-store,C0125
1916,2025-03-09,Sunday,P06,Cinnamon Roll,Pastry,1,3.75,0,3.75,upi,in-store,C0085
1917,2025-03-09,Sunday,P09,Oatmeal Raisin Cookie,Cookie,1,2.0,0,2.0,card,in-store,
1917,2025-03-09,Sunday,P14,Rye Loaf,Bread,1,4.9,0,4.9,card,in-store,
1919,2025-03-09,Sunday,P09,Oatmeal Raisin Cookie,Cookie,3,2.0,0,6.0,cash,in-store,C0021
1919,2025-03-09,Sunday,P12,Bagel - Plain,Bread,1,2.25,0,2.25,cash,in-store,C0021
1920,2025-03-09,Sunday,P13,Bagel - Everything,Bread,1,2.5,0,2.5,cash,catering,
1920,2025-03-09,Sunday,P07,Blueberry Muffin,Pastry,1,2.75,0,2.75,cash,catering,
1920,2025-03-09,Sunday,P07,Blueberry Muffin,Pastry,1,2.75,0,2.75,cash,catering,
1921,2025-03-09,Sunday,P07,Blueberry Muffin,Pastry,1,2.75,0,2.75,upi,in-store,C0034
1921,2025-03-09,Sunday,P05,Pain au Chocolat,Pastry,1,3.5,0,3.5,upi,in-store,C0034
1922,2025-03-09,Sunday,P12,Bagel - Plain,Bread,1,2.25,0,2.25,cash,in-store,
1922,2025-03-09,Sunday,P03,Whole Wheat Loaf,Bread,2,4.75,0,9.5,cash,in-store,
1922,2025-03-09,Sunday,P09,Oatmeal Raisin Cookie,Cookie,1,2.0,0,2.0,cash,in-store,
1923,2025-03-09,Sunday,P05,Pain au Chocolat,Pastry,1,3.5,0,3.5,card,in-store,C0122
1923,2025-03-09,Sunday,P11,Cupcake (single),Cake,1,3.25,0,3.25,card,in-store,C0122
1924,2025-03-09,Sunday,P13,Bagel - Everything,Bread,1,2.5,0,2.5,card,in-store,C0094
1925,2025-03-09,Sunday,P14,Rye Loaf,Bread,1,4.9,0,4.9,upi,in-store,
1926,2025-03-09,Sunday,P13,Bagel - Everything,Bread,2,2.5,0,5.0,upi,in-store,
1926,2025-03-09,Sunday,P12,Bagel - Plain,Bread,2,2.25,0,4.5,upi,in-store,
1926,2025-03-09,Sunday,P10,Birthday Cake (whole),Cake,1,32.0,0,32.0,upi,in-store,
1926,2025-03-09,Sunday,P02,Baguette,Bread,1,3.25,0,3.25,upi,in-store,
1927,2025-03-09,Sunday,P15,Scone - Blueberry,Pastry,1,3.0,0,3.0,upi,in-store,C0058
1927,2025-03-09,Sunday,P13,Bagel - Everything,Bread,1,2.5,0,2.5,upi,in-store,C0058
1928,2025-03-09,Sunday,P03,Whole Wheat Loaf,Bread,3,4.75,0,14.25,cash,in-store,C0015
1929,2025-03-09,Sunday,P07,Blueberry Muffin,Pastry,1,2.75,0,2.75,upi,in-store,
1929,2025-03-09,Sunday,P02,Baguette,Bread,1,3.25,0,3.25,upi,in-store,
1930,2025-03-09,Sunday,P07,Blueberry Muffin,Pastry,1,2.75,0,2.75,upi,in-store,
1931,2025-03-09,Sunday,P03,Whole Wheat Loaf,Bread,1,4.75,0,4.75,card,in-store,C0098
1932,2025-03-09,Sunday,P14,Rye Loaf,Bread,1,4.9,0,4.9,upi,in-store,C0054
1934,2025-03-10,Monday,P10,Birthday Cake (whole),Cake,1,32.0,0,32.0,upi,in-store,C0058
1935,2025-03-10,Monday,P07,Blueberry Muffin,Pastry,3,2.75,0,8.25,card,online,
1936,2025-03-10,Monday,P13,Bagel - Everything,Bread,1,2.5,0,2.5,card,online,C0108
1937,2025-03-10,Monday,P09,Oatmeal Raisin Cookie,Cookie,1,2.0,0,2.0,cash,in-store,
1938,2025-03-10,Monday,P12,Bagel - Plain,Bread,1,2.25,0,2.25,card,online,
1939,2025-03-10,Monday,P05,Pain au Chocolat,Pastry,1,3.5,0,3.5,upi,in-store,C0103
1939,2025-03-10,Monday,P12,Bagel - Plain,Bread,1,2.25,0,2.25,upi,in-store,C0103
1939,2025-03-10,Monday,P06,Cinnamon Roll,Pastry,1,3.75,0,3.75,upi,in-store,C0103
1940,2025-03-10,Monday,P15,Scone - Blueberry,Pastry,1,3.0,0,3.0,cash,in-store,
1941,2025-03-10,Monday,P07,Blueberry Muffin,Pastry,2,2.75,0,5.5,card,online,
1941,2025-03-10,Monday,P01,Sourdough Loaf,Bread,1,4.5,0,4.5,card,online,
1942,2025-03-11,Tuesday,P06,Cinnamon Roll,Pastry,1,3.75,0,3.75,card,catering,C0121
1943,2025-03-11,Tuesday,P07,Blueberry Muffin,Pastry,1,2.75,0,2.75,cash,online,
1944,2025-03-11,Tuesday,P03,Whole Wheat Loaf,Bread,2,4.75,0,9.5,upi,in-store,
1944,2025-03-11,Tuesday,P09,Oatmeal Raisin Cookie,Cookie,1,2.0,0,2.0,upi,in-store,
1945,2025-03-11,Tuesday,P09,Oatmeal Raisin Cookie,Cookie,1,2.0,0,2.0,card,in-store,
1945,2025-03-11,Tuesday,P03,Whole Wheat Loaf,Bread,1,4.75,0,4.75,card,in-store,
1946,2025-03-11,Tuesday,P07,Blueberry Muffin,Pastry,3,2.75,0,8.25,upi,in-store,
1947,2025-03-11,Tuesday,P02,Baguette,Bread,1,3.25,0,3.25,card,in-store,C0111
1947,2025-03-11,Tuesday,P08,Chocolate Chip Cookie,Cookie,1,2.0,0,2.0,card,in-store,C0111
1948,2025-03-11,Tuesday,P10,Birthday Cake (whole),Cake,1,32.0,0,32.0,upi,catering,
1948,2025-03-11,Tuesday,P01,Sourdough Loaf,Bread,2,4.5,0,9.0,upi,catering,
1949,2025-03-11,Tuesday,P15,Scone - Blueberry,Pastry,1,3.0,0,3.0,cash,in-store,C0102
1950,2025-03-11,Tuesday,P08,Chocolate Chip Cookie,Cookie,1,2.0,0,2.0,upi,online,
1951,2025-03-11,Tuesday,P14,Rye Loaf,Bread,1,4.9,0,4.9,upi,in-store,
1952,2025-03-11,Tuesday,P02,Baguette,Bread,3,3.25,0,9.75,upi,online,C0050
1953,2025-03-11,Tuesday,P13,Bagel - Everything,Bread,1,2.5,0,2.5,cash,in-store,
1953,2025-03-11,Tuesday,P07,Blueberry Muffin,Pastry,1,2.75,0,2.75,cash,in-store,
1953,2025-03-11,Tuesday,P11,Cupcake (single),Cake,1,3.25,0,3.25,cash,in-store,
1954,2025-03-11,Tuesday,P04,Croissant,Pastry,1,3.0,0,3.0,card,in-store,C0008
1956,2025-03-12,Wednesday,P05,Pain au Chocolat,Pastry,1,3.5,0,3.5,upi,online,
1957,2025-03-12,Wednesday,P08,Chocolate Chip Cookie,Cookie,1,2.0,0,2.0,cash,in-store,C0009
1958,2025-03-12,Wednesday,P06,Cinnamon Roll,Pastry,1,3.75,0,3.75,cash,in-store,
1958,2025-03-12,Wednesday,P06,Cinnamon Roll,Pastry,1,3.75,0,3.75,cash,in-store,
1959,2025-03-12,Wednesday,P08,Chocolate Chip Cookie,Cookie,1,2.0,0,2.0,cash,online,C0062
1959,2025-03-12,Wednesday,P05,Pain au Chocolat,Pastry,1,3.5,0,3.5,cash,online,C0062
1959,2025-03-12,Wednesday,P07,Blueberry Muffin,Pastry,1,2.75,0,2.75,cash,online,C0062
1960,2025-03-12,Wednesday,P01,Sourdough Loaf,Bread,1,4.5,0,4.5,cash,in-store,C0004
1960,2025-03-12,Wednesday,P06,Cinnamon Roll,Pastry,1,3.75,0,3.75,cash,in-store,C0004
1961,2025-03-12,Wednesday,P14,Rye Loaf,Bread,1,4.9,0,4.9,card,in-store,C0063
1962,2025-03-12,Wednesday,P07,Blueberry Muffin,Pastry,3,2.75,0,8.25,card,online,C0045
1962,2025-03-12,Wednesday,P01,Sourdough Loaf,Bread,1,4.5,0,4.5,card,online,C0045
1963,2025-03-12,Wednesday,P04,Croissant,Pastry,1,3.0,0,3.0,upi,online,
1963,2025-03-12,Wednesday,P07,Blueberry Muffin,Pastry,3,2.75,0,8.25,upi,online,
1963,2025-03-12,Wednesday,P03,Whole Wheat Loaf,Bread,1,4.75,0,4.75,upi,online,
1964,2025-03-12,Wednesday,P10,Birthday Cake (whole),Cake,1,32.0,0,32.0,cash,in-store,
1964,2025-03-12,Wednesday,P02,Baguette,Bread,1,3.25,0,3.25,cash,in-store,
1964,2025-03-12,Wednesday,P08,Chocolate Chip Cookie,Cookie,1,2.0,0,2.0,cash,in-store,
1965,2025-03-13,Thursday,P12,Bagel - Plain,Bread,1,2.25,0,2.25,upi,in-store,
1965,2025-03-13,Thursday,P10,Birthday Cake (whole),Cake,1,32.0,0,32.0,upi,in-store,
1966,2025-03-13,Thursday,P08,Chocolate Chip Cookie,Cookie,1,2.0,0,2.0,upi,in-store,C0005
1966,2025-03-13,Thursday,P12,Bagel - Plain,Bread,1,2.25,0,2.25,upi,in-store,C0005
1966,2025-03-13,Thursday,P07,Blueberry Muffin,Pastry,2,2.75,0,5.5,upi,in-store,C0005
1967,2025-03-13,Thursday,P10,Birthday Cake (whole),Cake,1,32.0,0,32.0,upi,online,
1967,2025-03-13,Thursday,P09,Oatmeal Raisin Cookie,Cookie,1,2.0,0,2.0,upi,online,
1967,2025-03-13,Thursday,P03,Whole Wheat Loaf,Bread,1,4.75,0,4.75,upi,online,
1968,2025-03-13,Thursday,P10,Birthday Cake (whole),Cake,1,32.0,0,32.0,upi,in-store,C0065
1968,2025-03-13,Thursday,P10,Birthday Cake (whole),Cake,1,32.0,0,32.0,upi,in-store,C0065
1968,2025-03-13,Thursday,P13,Bagel - Everything,Bread,1,2.5,0,2.5,upi,in-store,C0065
1969,2025-03-13,Thursday,P03,Whole Wheat Loaf,Bread,1,4.75,0,4.75,card,in-store,
1969,2025-03-13,Thursday,P09,Oatmeal Raisin Cookie,Cookie,1,2.0,0,2.0,card,in-store,
1970,2025-03-13,Thursday,P03,Whole Wheat Loaf,Bread,2,4.75,0,9.5,upi,in-store,C0105
1971,2025-03-13,Thursday,P02,Baguette,Bread,3,3.25,0,9.75,card,in-store,
1972,2025-03-13,Thursday,P15,Scone - Blueberry,Pastry,1,3.0,0,3.0,cash,online,C0034
1972,2025-03-13,Thursday,P02,Baguette,Bread,3,3.25,0,9.75,cash,online,C0034
1973,2025-03-14,Friday,P07,Blueberry Muffin,Pastry,1,2.75,0,2.75,upi,in-store,
1973,2025-03-14,Friday,P02,Baguette,Bread,1,3.25,0,3.25,upi,in-store,
1974,2025-03-14,Friday,P07,Blueberry Muffin,Pastry,1,2.75,0,2.75,upi,in-store,C0057
1976,2025-03-14,Friday,P08,Chocolate Chip Cookie,Cookie,1,2.0,0,2.0,upi,in-store,
1976,2025-03-14,Friday,P03,Whole Wheat Loaf,Bread,2,4.75,0,9.5,upi,in-store,
1977,2025-03-14,Friday,P05,Pain au Chocolat,Pastry,3,3.5,0,10.5,card,in-store,C0051
1977,2025-03-14,Friday,P03,Whole Wheat Loaf,Bread,3,4.75,0,14.25,card,in-store,C0051
1979,2025-03-14,Friday,P06,Cinnamon Roll,Pastry,1,3.75,0,3.75,cash,in-store,
1979,2025-03-14,Friday,P14,Rye Loaf,Bread,1,4.9,0,4.9,cash,in-store,
1980,2025-03-14,Friday,P02,Baguette,Bread,3,3.25,0,9.75,card,in-store,
1981,2025-03-14,Friday,P11,Cupcake (single),Cake,1,3.25,0,3.25,upi,in-store,
1982,2025-03-14,Friday,P05,Pain au Chocolat,Pastry,1,3.5,0,3.5,upi,online,C0002
1983,2025-03-14,Friday,P05,Pain au Chocolat,Pastry,1,3.5,0,3.5,cash,in-store,
1983,2025-03-14,Friday,P07,Blueberry Muffin,Pastry,1,2.75,0,2.75,cash,in-store,
1984,2025-03-14,Friday,P05,Pain au Chocolat,Pastry,1,3.5,0,3.5,upi,catering,
1985,2025-03-14,Friday,P07,Blueberry Muffin,Pastry,1,2.75,0,2.75,upi,in-store,
1986,2025-03-14,Friday,P04,Croissant,Pastry,1,3.0,0,3.0,card,in-store,C0046
1987,2025-03-14,Friday,P08,Chocolate Chip Cookie,Cookie,1,2.0,0,2.0,upi,in-store,C0009
1989,2025-03-15,Saturday,P12,Bagel - Plain,Bread,1,2.25,0,2.25,upi,online,C0022
1990,2025-03-15,Saturday,P14,Rye Loaf,Bread,3,4.9,0,14.7,card,online,
1990,2025-03-15,Saturday,P13,Bagel - Everything,Bread,1,2.5,0,2.5,card,online,
1991,2025-03-15,Saturday,P08,Chocolate Chip Cookie,Cookie,1,2.0,0,2.0,upi,in-store,
1991,2025-03-15,Saturday,P12,Bagel - Plain,Bread,1,2.25,0,2.25,upi,in-store,
1992,2025-03-15,Saturday,P09,Oatmeal Raisin Cookie,Cookie,1,2.0,0,2.0,cash,in-store,C0053
1993,2025-03-15,Saturday,P01,Sourdough Loaf,Bread,3,4.5,0,13.5,card,in-store,C0107
1994,2025-03-15,Saturday,P07,Blueberry Muffin,Pastry,2,2.75,0,5.5,card,online,C0073
1995,2025-03-15,Saturday,P10,Birthday Cake (whole),Cake,1,32.0,0,32.0,upi,in-store,
1995,2025-03-15,Saturday,P05,Pain au Chocolat,Pastry,1,3.5,0,3.5,upi,in-store,
1996,2025-03-15,Saturday,P08,Chocolate Chip Cookie,Cookie,1,2.0,0,2.0,upi,catering,
1997,2025-03-15,Saturday,P10,Birthday Cake (whole),Cake,1,32.0,0,32.0,card,in-store,C0027
1998,2025-03-15,Saturday,P03,Whole Wheat Loaf,Bread,2,4.75,0,9.5,upi,in-store,
1999,2025-03-15,Saturday,P15,Scone - Blueberry,Pastry,1,3.0,0,3.0,upi,in-store,
1999,2025-03-15,Saturday,P05,Pain au Chocolat,Pastry,1,3.5,0,3.5,upi,in-store,
1999,2025-03-15,Saturday,P09,Oatmeal Raisin Cookie,Cookie,1,2.0,0,2.0,upi,in-store,
2000,2025-03-15,Saturday,P08,Chocolate Chip Cookie,Cookie,1,2.0,0,2.0,card,online,C0022
2000,2025-03-15,Saturday,P14,Rye Loaf,Bread,1,4.9,0,4.9,card,online,C0022
2001,2025-03-15,Saturday,P14,Rye Loaf,Bread,1,4.9,0,4.9,upi,in-store,
2002,2025-03-15,Saturday,P05,Pain au Chocolat,Pastry,1,3.5,0,3.5,upi,in-store,C0096
2002,2025-03-15,Saturday,P07,Blueberry Muffin,Pastry,3,2.75,0,8.25,upi,in-store,C0096
2003,2025-03-15,Saturday,P11,Cupcake (single),Cake,1,3.25,0,3.25,card,online,C0013
2004,2025-03-15,Saturday,P15,Scone - Blueberry,Pastry,3,3.0,0,9.0,cash,in-store,C0062
2004,2025-03-15,Saturday,P02,Baguette,Bread,1,3.25,0,3.25,cash,in-store,C0062
2005,2025-03-16,Sunday,P07,Blueberry Muffin,Pastry,3,2.75,0,8.25,upi,online,C0038
2006,2025-03-16,Sunday,P03,Whole Wheat Loaf,Bread,1,4.75,0,4.75,card,in-store,
2007,2025-03-16,Sunday,P07,Blueberry Muffin,Pastry,2,2.75,0,5.5,upi,in-store,C0009
2008,2025-03-16,Sunday,P03,Whole Wheat Loaf,Bread,1,4.75,0,4.75,cash,online,C0003
2008,2025-03-16,Sunday,P13,Bagel - Everything,Bread,1,2.5,0,2.5,cash,online,C0003
2008,2025-03-16,Sunday,P12,Bagel - Plain,Bread,1,2.25,0,2.25,cash,online,C0003
2009,2025-03-16,Sunday,P14,Rye Loaf,Bread,1,4.9,0,4.9,cash,in-store,C0015
2010,2025-03-16,Sunday,P11,Cupcake (single),Cake,1,3.25,0,3.25,cash,online,C0093
2010,2025-03-16,Sunday,P05,Pain au Chocolat,Pastry,1,3.5,0,3.5,cash,online,C0093
2010,2025-03-16,Sunday,P04,Croissant,Pastry,3,3.0,0,9.0,cash,online,C0093
2012,2025-03-16,Sunday,P14,Rye Loaf,Bread,1,4.9,0,4.9,upi,in-store,
2012,2025-03-16,Sunday,P15,Scone - Blueberry,Pastry,1,3.0,0,3.0,upi,in-store,
2013,2025-03-16,Sunday,P13,Bagel - Everything,Bread,2,2.5,0,5.0,card,online,
2014,2025-03-16,Sunday,P01,Sourdough Loaf,Bread,1,4.5,0,4.5,cash,in-store,C0122
2015,2025-03-16,Sunday,P04,Croissant,Pastry,1,3.0,0,3.0,upi,in-store,C0124
2015,2025-03-16,Sunday,P01,Sourdough Loaf,Bread,2,4.5,0,9.0,upi,in-store,C0124
2015,2025-03-16,Sunday,P08,Chocolate Chip Cookie,Cookie,1,2.0,0,2.0,upi,in-store,C0124
2016,2025-03-16,Sunday,P14,Rye Loaf,Bread,1,4.9,0,4.9,card,catering,
2017,2025-03-16,Sunday,P15,Scone - Blueberry,Pastry,3,3.0,0,9.0,card,in-store,C0103
2017,2025-03-16,Sunday,P10,Birthday Cake (whole),Cake,1,32.0,0,32.0,card,in-store,C0103
2018,2025-03-16,Sunday,P11,Cupcake (single),Cake,1,3.25,0,3.25,upi,in-store,C0025
2018,2025-03-16,Sunday,P15,Scone - Blueberry,Pastry,1,3.0,0,3.0,upi,in-store,C0025
2018,2025-03-16,Sunday,P14,Rye Loaf,Bread,3,4.9,0,14.7,upi,in-store,C0025
2019,2025-03-16,Sunday,P10,Birthday Cake (whole),Cake,1,32.0,0,32.0,upi,in-store,C0125
2019,2025-03-16,Sunday,P14,Rye Loaf,Bread,2,4.9,0,9.8,upi,in-store,C0125
2020,2025-03-16,Sunday,P11,Cupcake (single),Cake,1,3.25,0,3.25,upi,in-store,C0014
2020,2025-03-16,Sunday,P07,Blueberry Muffin,Pastry,1,2.75,0,2.75,upi,in-store,C0014
2021,2025-03-16,Sunday,P05,Pain au Chocolat,Pastry,1,3.5,0,3.5,upi,in-store,C0056
2021,2025-03-16,Sunday,P03,Whole Wheat Loaf,Bread,2,4.75,0,9.5,upi,in-store,C0056
2021,2025-03-16,Sunday,P06,Cinnamon Roll,Pastry,1,3.75,0,3.75,upi,in-store,C0056
2022,2025-03-16,Sunday,P04,Croissant,Pastry,1,3.0,0,3.0,card,in-store,C0022
2022,2025-03-16,Sunday,P10,Birthday Cake (whole),Cake,1,32.0,0,32.0,card,in-store,C0022
2023,2025-03-16,Sunday,P05,Pain au Chocolat,Pastry,1,3.5,0,3.5,upi,online,
2023,2025-03-16,Sunday,P04,Croissant,Pastry,1,3.0,0,3.0,upi,online,
2024,2025-03-16,Sunday,P02,Baguette,Bread,1,3.25,0,3.25,card,in-store,C0090
2025,2025-03-17,Monday,P12,Bagel - Plain,Bread,1,2.25,0,2.25,upi,online,C0091
2027,2025-03-17,Monday,P15,Scone - Blueberry,Pastry,1,3.0,0,3.0,card,in-store,C0032
2027,2025-03-17,Monday,P12,Bagel - Plain,Bread,2,2.25,0,4.5,card,in-store,C0032
2028,2025-03-17,Monday,P04,Croissant,Pastry,1,3.0,0,3.0,card,in-store,C0115
2029,2025-03-17,Monday,P09,Oatmeal Raisin Cookie,Cookie,1,2.0,0,2.0,card,in-store,
2029,2025-03-17,Monday,P14,Rye Loaf,Bread,3,4.9,0,14.7,card,in-store,
2030,2025-03-17,Monday,P05,Pain au Chocolat,Pastry,1,3.5,0,3.5,cash,in-store,
2030,2025-03-17,Monday,P15,Scone - Blueberry,Pastry,1,3.0,0,3.0,cash,in-store,
2032,2025-03-17,Monday,P02,Baguette,Bread,1,3.25,0,3.25,card,in-store,C0102
2033,2025-03-17,Monday,P12,Bagel - Plain,Bread,3,2.25,0,6.75,card,online,C0006
2033,2025-03-17,Monday,P05,Pain au Chocolat,Pastry,3,3.5,0,10.5,card,online,C0006
2033,2025-03-17,Monday,P12,Bagel - Plain,Bread,1,2.25,0,2.25,card,online,C0006
2034,2025-03-17,Monday,P04,Croissant,Pastry,1,3.0,0,3.0,cash,catering,C0065
2035,2025-03-17,Monday,P12,Bagel - Plain,Bread,1,2.25,0,2.25,upi,in-store,C0064
2036,2025-03-17,Monday,P07,Blueberry Muffin,Pastry,1,2.75,0,2.75,card,in-store,
2037,2025-03-17,Monday,P09,Oatmeal Raisin Cookie,Cookie,1,2.0,0,2.0,card,catering,C0003
2037,2025-03-17,Monday,P09,Oatmeal Raisin Cookie,Cookie,1,2.0,0,2.0,card,catering,C0003
2038,2025-03-17,Monday,P07,Blueberry Muffin,Pastry,3,2.75,0,8.25,upi,in-store,C0063
2038,2025-03-17,Monday,P10,Birthday Cake (whole),Cake,1,32.0,0,32.0,upi,in-store,C0063
2038,2025-03-17,Monday,P11,Cupcake (single),Cake,1,3.25,0,3.25,upi,in-store,C0063
2039,2025-03-17,Monday,P01,Sourdough Loaf,Bread,1,4.5,0,4.5,upi,in-store,C0031
2040,2025-03-18,Tuesday,P08,Chocolate Chip Cookie,Cookie,1,2.0,0,2.0,upi,in-store,
2040,2025-03-18,Tuesday,P15,Scone - Blueberry,Pastry,1,3.0,0,3.0,upi,in-store,
2040,2025-03-18,Tuesday,P07,Blueberry Muffin,Pastry,1,2.75,0,2.75,upi,in-store,
2040,2025-03-18,Tuesday,P10,Birthday Cake (whole),Cake,1,32.0,0,32.0,upi,in-store,
2041,2025-03-18,Tuesday,P06,Cinnamon Roll,Pastry,1,3.75,0,3.75,card,in-store,
2042,2025-03-18,Tuesday,P15,Scone - Blueberry,Pastry,2,3.0,0,6.0,upi,online,
2044,2025-03-18,Tuesday,P12,Bagel - Plain,Bread,1,2.25,0,2.25,card,online,C0008
2044,2025-03-18,Tuesday,P07,Blueberry Muffin,Pastry,1,2.75,0,2.75,card,online,C0008
2046,2025-03-18,Tuesday,P06,Cinnamon Roll,Pastry,1,3.75,0,3.75,upi,online,
2047,2025-03-18,Tuesday,P04,Croissant,Pastry,3,3.0,0,9.0,upi,online,
2047,2025-03-18,Tuesday,P09,Oatmeal Raisin Cookie,Cookie,1,2.0,0,2.0,upi,online,
2048,2025-03-18,Tuesday,P10,Birthday Cake (whole),Cake,1,32.0,0,32.0,card,in-store,C0053
2049,2025-03-18,Tuesday,P05,Pain au Chocolat,Pastry,3,3.5,0,10.5,upi,in-store,
2049,2025-03-18,Tuesday,P11,Cupcake (single),Cake,1,3.25,0,3.25,upi,in-store,
2050,2025-03-18,Tuesday,P05,Pain au Chocolat,Pastry,1,3.5,0,3.5,card,in-store,
2050,2025-03-18,Tuesday,P03,Whole Wheat Loaf,Bread,1,4.75,0,4.75,card,in-store,
2051,2025-03-18,Tuesday,P04,Croissant,Pastry,1,3.0,0,3.0,upi,in-store,C0028
2051,2025-03-18,Tuesday,P01,Sourdough Loaf,Bread,1,4.5,0,4.5,upi,in-store,C0028
2052,2025-03-18,Tuesday,P15,Scone - Blueberry,Pastry,2,3.0,0,6.0,upi,in-store,
2053,2025-03-19,Wednesday,P05,Pain au Chocolat,Pastry,1,3.5,0,3.5,cash,online,
2054,2025-03-19,Wednesday,P09,Oatmeal Raisin Cookie,Cookie,3,2.0,0,6.0,card,in-store,
2054,2025-03-19,Wednesday,P01,Sourdough Loaf,Bread,1,4.5,0,4.5,card,in-store,
2055,2025-03-19,Wednesday,P04,Croissant,Pastry,3,3.0,0,9.0,upi,in-store,C0110
2056,2025-03-19,Wednesday,P08,Chocolate Chip Cookie,Cookie,1,2.0,0,2.0,upi,in-store,C0112
2056,2025-03-19,Wednesday,P01,Sourdough Loaf,Bread,1,4.5,0,4.5,upi,in-store,C0112
2057,2025-03-19,Wednesday,P08,Chocolate Chip Cookie,Cookie,3,2.0,0,6.0,card,online,
2058,2025-03-19,Wednesday,P08,Chocolate Chip Cookie,Cookie,2,2.0,0,4.0,cash,in-store,C0051
2060,2025-03-19,Wednesday,P15,Scone - Blueberry,Pastry,1,3.0,0,3.0,upi,catering,
2060,2025-03-19,Wednesday,P11,Cupcake (single),Cake,1,3.25,0,3.25,upi,catering,
2060,2025-03-19,Wednesday,P05,Pain au Chocolat,Pastry,2,3.5,0,7.0,upi,catering,
2061,2025-03-19,Wednesday,P11,Cupcake (single),Cake,1,3.25,0,3.25,upi,in-store,
2062,2025-03-19,Wednesday,P07,Blueberry Muffin,Pastry,1,2.75,0,2.75,card,in-store,
2063,2025-03-19,Wednesday,P01,Sourdough Loaf,Bread,3,4.5,0,13.5,upi,in-store,
2063,2025-03-19,Wednesday,P14,Rye Loaf,Bread,1,4.9,0,4.9,upi,in-store,
2064,2025-03-19,Wednesday,P14,Rye Loaf,Bread,1,4.9,0,4.9,upi,in-store,
2065,2025-03-20,Thursday,P05,Pain au Chocolat,Pastry,1,3.5,0,3.5,upi,catering,
2065,2025-03-20,Thursday,P10,Birthday Cake (whole),Cake,1,32.0,0,32.0,upi,catering,
2066,2025-03-20,Thursday,P13,Bagel - Everything,Bread,1,2.5,0,2.5,cash,in-store,C0036
2068,2025-03-20,Thursday,P07,Blueberry Muffin,Pastry,3,2.75,0,8.25,cash,in-store,C0059
2069,2025-03-20,Thursday,P14,Rye Loaf,Bread,2,4.9,0,9.8,card,online,C0058
2069,2025-03-20,Thursday,P15,Scone - Blueberry,Pastry,1,3.0,0,3.0,card,online,C0058
2069,2025-03-20,Thursday,P07,Blueberry Muffin,Pastry,3,2.75,0,8.25,card,online,C0058
2069,2025-03-20,Thursday,P02,Baguette,Bread,2,3.25,0,6.5,card,online,C0058
2070,2025-03-20,Thursday,P02,Baguette,Bread,1,3.25,0,3.25,card,in-store,C0005
2071,2025-03-20,Thursday,P02,Baguette,Bread,1,3.25,0,3.25,cash,online,
2072,2025-03-20,Thursday,P07,Blueberry Muffin,Pastry,1,2.75,0,2.75,upi,in-store,C0035
2073,2025-03-20,Thursday,P05,Pain au Chocolat,Pastry,1,3.5,0,3.5,upi,in-store,C0100
2073,2025-03-20,Thursday,P02,Baguette,Bread,1,3.25,0,3.25,upi,in-store,C0100
2074,2025-03-20,Thursday,P10,Birthday Cake (whole),Cake,1,32.0,0,32.0,upi,in-store,C0114
2074,2025-03-20,Thursday,P15,Scone - Blueberry,Pastry,1,3.0,0,3.0,upi,in-store,C0114
2075,2025-03-20,Thursday,P05,Pain au Chocolat,Pastry,3,3.5,0,10.5,upi,in-store,
2075,2025-03-20,Thursday,P12,Bagel - Plain,Bread,1,2.25,0,2.25,upi,in-store,
2076,2025-03-20,Thursday,P06,Cinnamon Roll,Pastry,1,3.75,0,3.75,upi,in-store,
2077,2025-03-20,Thursday,P13,Bagel - Everything,Bread,3,2.5,0,7.5,upi,in-store,C0017
2077,2025-03-20,Thursday,P07,Blueberry Muffin,Pastry,3,2.75,0,8.25,upi,in-store,C0017
2079,2025-03-21,Friday,P01,Sourdough Loaf,Bread,3,4.5,0,13.5,card,online,C0049
2079,2025-03-21,Friday,P05,Pain au Chocolat,Pastry,1,3.5,0,3.5,card,online,C0049
2080,2025-03-21,Friday,P05,Pain au Chocolat,Pastry,1,3.5,0,3.5,upi,online,C0016
2081,2025-03-21,Friday,P09,Oatmeal Raisin Cookie,Cookie,2,2.0,0,4.0,cash,in-store,
2081,2025-03-21,Friday,P09,Oatmeal Raisin Cookie,Cookie,3,2.0,0,6.0,cash,in-store,
2082,2025-03-21,Friday,P11,Cupcake (single),Cake,1,3.25,0,3.25,upi,in-store,C0022
2083,2025-03-21,Friday,P08,Chocolate Chip Cookie,Cookie,1,2.0,0,2.0,upi,in-store,C0033
2083,2025-03-21,Friday,P08,Chocolate Chip Cookie,Cookie,2,2.0,0,4.0,upi,in-store,C0033
2084,2025-03-21,Friday,P10,Birthday Cake (whole),Cake,1,32.0,0,32.0,card,in-store,
2085,2025-03-21,Friday,P03,Whole Wheat Loaf,Bread,1,4.75,0,4.75,upi,in-store,C0036
2086,2025-03-21,Friday,P13,Bagel - Everything,Bread,2,2.5,0,5.0,card,in-store,C0007
2087,2025-03-21,Friday,P11,Cupcake (single),Cake,1,3.25,0,3.25,cash,in-store,C0128
2088,2025-03-22,Saturday,P06,Cinnamon Roll,Pastry,1,3.75,0,3.75,card,in-store,
2089,2025-03-22,Saturday,P14,Rye Loaf,Bread,1,4.9,0,4.9,card,in-store,
2090,2025-03-22,Saturday,P06,Cinnamon Roll,Pastry,1,3.75,0,3.75,upi,in-store,C0085
2090,2025-03-22,Saturday,P05,Pain au Chocolat,Pastry,1,3.5,0,3.5,upi,in-store,C0085
2091,2025-03-22,Saturday,P11,Cupcake (single),Cake,1,3.25,0,3.25,card,in-store,
2092,2025-03-22,Saturday,P07,Blueberry Muffin,Pastry,2,2.75,0,5.5,card,in-store,
2093,2025-03-22,Saturday,P01,Sourdough Loaf,Bread,3,4.5,0,13.5,upi,in-store,C0048
2093,2025-03-22,Saturday,P05,Pain au Chocolat,Pastry,1,3.5,0,3.5,upi,in-store,C0048
2094,2025-03-22,Saturday,P07,Blueberry Muffin,Pastry,1,2.75,0,2.75,cash,in-store,C0072
2095,2025-03-22,Saturday,P09,Oatmeal Raisin Cookie,Cookie,1,2.0,0,2.0,upi,in-store,C0095
2095,2025-03-22,Saturday,P14,Rye Loaf,Bread,2,4.9,0,9.8,upi,in-store,C0095
2096,2025-03-22,Saturday,P14,Rye Loaf,Bread,1,4.9,0,4.9,cash,in-store,C0089
2097,2025-03-22,Saturday,P10,Birthday Cake (whole),Cake,1,32.0,0,32.0,cash,in-store,C0029
2098,2025-03-22,Saturday,P09,Oatmeal Raisin Cookie,Cookie,1,2.0,0,2.0,cash,in-store,C0094
2098,2025-03-22,Saturday,P03,Whole Wheat Loaf,Bread,1,4.75,0,4.75,cash,in-store,C0094
2099,2025-03-22,Saturday,P09,Oatmeal Raisin Cookie,Cookie,1,2.0,0,2.0,card,in-store,C0042
2100,2025-03-22,Saturday,P07,Blueberry Muffin,Pastry,1,2.75,0,2.75,upi,in-store,
2101,2025-03-22,Saturday,P07,Blueberry Muffin,Pastry,1,2.75,0,2.75,upi,in-store,C0107
2102,2025-03-22,Saturday,P13,Bagel - Everything,Bread,1,2.5,0,2.5,upi,in-store,C0073
2102,2025-03-22,Saturday,P13,Bagel - Everything,Bread,2,2.5,0,5.0,upi,in-store,C0073
2103,2025-03-22,Saturday,P07,Blueberry Muffin,Pastry,1,2.75,0,2.75,upi,in-store,C0105
2103,2025-03-22,Saturday,P15,Scone - Blueberry,Pastry,1,3.0,0,3.0,upi,in-store,C0105
2104,2025-03-22,Saturday,P06,Cinnamon Roll,Pastry,1,3.75,0,3.75,card,catering,
2104,2025-03-22,Saturday,P11,Cupcake (single),Cake,1,3.25,0,3.25,card,catering,
2104,2025-03-22,Saturday,P03,Whole Wheat Loaf,Bread,2,4.75,0,9.5,card,catering,
2105,2025-03-22,Saturday,P13,Bagel - Everything,Bread,1,2.5,0,2.5,card,in-store,
2106,2025-03-23,Sunday,P13,Bagel - Everything,Bread,1,2.5,0,2.5,cash,in-store,C0065
2107,2025-03-23,Sunday,P08,Chocolate Chip Cookie,Cookie,1,2.0,0,2.0,upi,in-store,
2108,2025-03-23,Sunday,P08,Chocolate Chip Cookie,Cookie,3,2.0,0,6.0,upi,online,C0069
2108,2025-03-23,Sunday,P12,Bagel - Plain,Bread,1,2.25,0,2.25,upi,online,C0069
2108,2025-03-23,Sunday,P03,Whole Wheat Loaf,Bread,1,4.75,0,4.75,upi,online,C0069
2109,2025-03-23,Sunday,P11,Cupcake (single),Cake,1,3.25,0,3.25,cash,in-store,
2109,2025-03-23,Sunday,P05,Pain au Chocolat,Pastry,3,3.5,0,10.5,cash,in-store,
2109,2025-03-23,Sunday,P12,Bagel - Plain,Bread,1,2.25,0,2.25,cash,in-store,
2110,2025-03-23,Sunday,P02,Baguette,Bread,1,3.25,0,3.25,card,online,C0058
2111,2025-03-23,Sunday,P08,Chocolate Chip Cookie,Cookie,1,2.0,0,2.0,card,in-store,C0074
2112,2025-03-23,Sunday,P08,Chocolate Chip Cookie,Cookie,1,2.0,0,2.0,upi,online,
2112,2025-03-23,Sunday,P03,Whole Wheat Loaf,Bread,1,4.75,0,4.75,upi,online,
2112,2025-03-23,Sunday,P09,Oatmeal Raisin Cookie,Cookie,1,2.0,0,2.0,upi,online,
2113,2025-03-23,Sunday,P12,Bagel - Plain,Bread,1,2.25,0,2.25,cash,in-store,
2113,2025-03-23,Sunday,P07,Blueberry Muffin,Pastry,1,2.75,0,2.75,cash,in-store,
2113,2025-03-23,Sunday,P12,Bagel - Plain,Bread,3,2.25,0,6.75,cash,in-store,
2113,2025-03-23,Sunday,P03,Whole Wheat Loaf,Bread,1,4.75,0,4.75,cash,in-store,
2114,2025-03-23,Sunday,P02,Baguette,Bread,1,3.25,0,3.25,card,in-store,C0042
2114,2025-03-23,Sunday,P04,Croissant,Pastry,1,3.0,0,3.0,card,in-store,C0042
2115,2025-03-23,Sunday,P04,Croissant,Pastry,1,3.0,0,3.0,upi,online,
2116,2025-03-23,Sunday,P01,Sourdough Loaf,Bread,2,4.5,0,9.0,upi,in-store,
2116,2025-03-23,Sunday,P12,Bagel - Plain,Bread,1,2.25,0,2.25,upi,in-store,
2118,2025-03-23,Sunday,P12,Bagel - Plain,Bread,1,2.25,0,2.25,upi,online,C0118
2118,2025-03-23,Sunday,P05,Pain au Chocolat,Pastry,3,3.5,0,10.5,upi,online,C0118
2118,2025-03-23,Sunday,P08,Chocolate Chip Cookie,Cookie,1,2.0,0,2.0,upi,online,C0118
2119,2025-03-23,Sunday,P05,Pain au Chocolat,Pastry,1,3.5,0,3.5,cash,in-store,
2119,2025-03-23,Sunday,P08,Chocolate Chip Cookie,Cookie,1,2.0,0,2.0,cash,in-store,
2119,2025-03-23,Sunday,P07,Blueberry Muffin,Pastry,3,2.75,0,8.25,cash,in-store,
2121,2025-03-23,Sunday,P05,Pain au Chocolat,Pastry,1,3.5,0,3.5,upi,in-store,C0074
2122,2025-03-23,Sunday,P04,Croissant,Pastry,1,3.0,0,3.0,cash,in-store,C0020
2123,2025-03-23,Sunday,P07,Blueberry Muffin,Pastry,2,2.75,0,5.5,upi,in-store,C0073
2124,2025-03-23,Sunday,P12,Bagel - Plain,Bread,1,2.25,0,2.25,cash,in-store,C0108
2126,2025-03-23,Sunday,P07,Blueberry Muffin,Pastry,1,2.75,0,2.75,upi,in-store,
2126,2025-03-23,Sunday,P10,Birthday Cake (whole),Cake,1,32.0,0,32.0,upi,in-store,
2127,2025-03-23,Sunday,P10,Birthday Cake (whole),Cake,1,32.0,0,32.0,card,in-store,
2128,2025-03-24,Monday,P10,Birthday Cake (whole),Cake,1,32.0,0,32.0,card,in-store,
2129,2025-03-24,Monday,P06,Cinnamon Roll,Pastry,1,3.75,0,3.75,card,in-store,
2130,2025-03-24,Monday,P06,Cinnamon Roll,Pastry,1,3.75,0,3.75,upi,in-store,
2131,2025-03-24,Monday,P05,Pain au Chocolat,Pastry,1,3.5,0,3.5,upi,online,
2131,2025-03-24,Monday,P02,Baguette,Bread,1,3.25,0,3.25,upi,online,
2131,2025-03-24,Monday,P12,Bagel - Plain,Bread,3,2.25,0,6.75,upi,online,
2132,2025-03-24,Monday,P10,Birthday Cake (whole),Cake,1,32.0,0,32.0,upi,in-store,
2132,2025-03-24,Monday,P03,Whole Wheat Loaf,Bread,1,4.75,0,4.75,upi,in-store,
2133,2025-03-24,Monday,P10,Birthday Cake (whole),Cake,1,32.0,0,32.0,upi,in-store,C0055
2133,2025-03-24,Monday,P03,Whole Wheat Loaf,Bread,1,4.75,0,4.75,upi,in-store,C0055
2134,2025-03-24,Monday,P08,Chocolate Chip Cookie,Cookie,3,2.0,0,6.0,card,in-store,C0071
2135,2025-03-24,Monday,P09,Oatmeal Raisin Cookie,Cookie,1,2.0,0,2.0,card,in-store,C0008
2136,2025-03-24,Monday,P06,Cinnamon Roll,Pastry,3,3.75,0,11.25,card,in-store,
2136,2025-03-24,Monday,P04,Croissant,Pastry,1,3.0,0,3.0,card,in-store,
2136,2025-03-24,Monday,P15,Scone - Blueberry,Pastry,1,3.0,0,3.0,card,in-store,
2137,2025-03-24,Monday,P13,Bagel - Everything,Bread,2,2.5,0,5.0,cash,online,C0117
2137,2025-03-24,Monday,P12,Bagel - Plain,Bread,3,2.25,0,6.75,cash,online,C0117
2137,2025-03-24,Monday,P03,Whole Wheat Loaf,Bread,3,4.75,0,14.25,cash,online,C0117
2138,2025-03-24,Monday,P08,Chocolate Chip Cookie,Cookie,1,2.0,0,2.0,card,in-store,C0091
2138,2025-03-24,Monday,P07,Blueberry Muffin,Pastry,1,2.75,0,2.75,card,in-store,C0091
2139,2025-03-24,Monday,P02,Baguette,Bread,1,3.25,0,3.25,card,in-store,C0039
2141,2025-03-25,Tuesday,P14,Rye Loaf,Bread,1,4.9,0,4.9,card,in-store,
2141,2025-03-25,Tuesday,P12,Bagel - Plain,Bread,3,2.25,0,6.75,card,in-store,
2142,2025-03-25,Tuesday,P14,Rye Loaf,Bread,1,4.9,0,4.9,upi,in-store,
2142,2025-03-25,Tuesday,P02,Baguette,Bread,3,3.25,0,9.75,upi,in-store,
2143,2025-03-25,Tuesday,P05,Pain au Chocolat,Pastry,1,3.5,0,3.5,upi,online,
2144,2025-03-25,Tuesday,P11,Cupcake (single),Cake,1,3.25,0,3.25,cash,online,C0110
2145,2025-03-25,Tuesday,P07,Blueberry Muffin,Pastry,1,2.75,0,2.75,card,in-store,C0072
2146,2025-03-25,Tuesday,P10,Birthday Cake (whole),Cake,1,32.0,0,32.0,card,in-store,
2147,2025-03-25,Tuesday,P06,Cinnamon Roll,Pastry,1,3.75,0,3.75,card,in-store,C0004
2147,2025-03-25,Tuesday,P14,Rye Loaf,Bread,3,4.9,0,14.7,card,in-store,C0004
2149,2025-03-25,Tuesday,P05,Pain au Chocolat,Pastry,2,3.5,0,7.0,upi,in-store,C0090
2149,2025-03-25,Tuesday,P07,Blueberry Muffin,Pastry,1,2.75,0,2.75,upi,in-store,C0090
2150,2025-03-25,Tuesday,P06,Cinnamon Roll,Pastry,1,3.75,0,3.75,cash,in-store,
2151,2025-03-25,Tuesday,P02,Baguette,Bread,1,3.25,0,3.25,cash,online,
2151,2025-03-25,Tuesday,P12,Bagel - Plain,Bread,1,2.25,0,2.25,cash,online,
2154,2025-03-26,Wednesday,P12,Bagel - Plain,Bread,1,2.25,0,2.25,upi,in-store,C0102
2155,2025-03-26,Wednesday,P05,Pain au Chocolat,Pastry,2,3.5,0,7.0,upi,in-store,C0019
2155,2025-03-26,Wednesday,P12,Bagel - Plain,Bread,1,2.25,0,2.25,upi,in-store,C0019
2155,2025-03-26,Wednesday,P03,Whole Wheat Loaf,Bread,3,4.75,0,14.25,upi,in-store,C0019
2156,2025-03-26,Wednesday,P12,Bagel - Plain,Bread,2,2.25,0,4.5,upi,in-store,C0124
2156,2025-03-26,Wednesday,P14,Rye Loaf,Bread,1,4.9,0,4.9,upi,in-store,C0124
2157,2025-03-26,Wednesday,P09,Oatmeal Raisin Cookie,Cookie,1,2.0,0,2.0,card,catering,C0063
2157,2025-03-26,Wednesday,P05,Pain au Chocolat,Pastry,1,3.5,0,3.5,card,catering,C0063
2157,2025-03-26,Wednesday,P03,Whole Wheat Loaf,Bread,3,4.75,0,14.25,card,catering,C0063
2158,2025-03-26,Wednesday,P04,Croissant,Pastry,1,3.0,0,3.0,card,online,
2158,2025-03-26,Wednesday,P10,Birthday Cake (whole),Cake,1,32.0,0,32.0,card,online,
2158,2025-03-26,Wednesday,P14,Rye Loaf,Bread,1,4.9,0,4.9,card,online,
2159,2025-03-26,Wednesday,P07,Blueberry Muffin,Pastry,1,2.75,0,2.75,cash,online,C0038
2159,2025-03-26,Wednesday,P05,Pain au Chocolat,Pastry,1,3.5,0,3.5,cash,online,C0038
2160,2025-03-26,Wednesday,P08,Chocolate Chip Cookie,Cookie,1,2.0,0,2.0,card,in-store,C0088
2161,2025-03-26,Wednesday,P02,Baguette,Bread,2,3.25,0,6.5,upi,online,
2161,2025-03-26,Wednesday,P04,Croissant,Pastry,1,3.0,0,3.0,upi,online,
2162,2025-03-26,Wednesday,P13,Bagel - Everything,Bread,2,2.5,0,5.0,card,in-store,C0128
2162,2025-03-26,Wednesday,P05,Pain au Chocolat,Pastry,1,3.5,0,3.5,card,in-store,C0128
2163,2025-03-26,Wednesday,P12,Bagel - Plain,Bread,1,2.25,0,2.25,upi,in-store,C0095
2164,2025-03-26,Wednesday,P07,Blueberry Muffin,Pastry,1,2.75,0,2.75,upi,in-store,
2165,2025-03-26,Wednesday,P02,Baguette,Bread,1,3.25,0,3.25,cash,in-store,C0099
2166,2025-03-26,Wednesday,P12,Bagel - Plain,Bread,1,2.25,0,2.25,card,in-store,C0001
2167,2025-03-26,Wednesday,P03,Whole Wheat Loaf,Bread,3,4.75,0,14.25,card,online,C0065
2168,2025-03-26,Wednesday,P14,Rye Loaf,Bread,1,4.9,0,4.9,cash,in-store,C0073
2169,2025-03-27,Thursday,P11,Cupcake (single),Cake,1,3.25,0,3.25,upi,online,C0022
2170,2025-03-27,Thursday,P02,Baguette,Bread,1,3.25,0,3.25,card,catering,
2171,2025-03-27,Thursday,P09,Oatmeal Raisin Cookie,Cookie,1,2.0,0,2.0,cash,in-store,
2172,2025-03-27,Thursday,P14,Rye Loaf,Bread,1,4.9,0,4.9,upi,in-store,C0115
2172,2025-03-27,Thursday,P05,Pain au Chocolat,Pastry,1,3.5,0,3.5,upi,in-store,C0115
2172,2025-03-27,Thursday,P02,Baguette,Bread,1,3.25,0,3.25,upi,in-store,C0115
2172,2025-03-27,Thursday,P02,Baguette,Bread,1,3.25,0,3.25,upi,in-store,C0115
2173,2025-03-27,Thursday,P03,Whole Wheat Loaf,Bread,1,4.75,0,4.75,cash,in-store,
2173,2025-03-27,Thursday,P13,Bagel - Everything,Bread,1,2.5,0,2.5,cash,in-store,
2174,2025-03-27,Thursday,P11,Cupcake (single),Cake,1,3.25,0,3.25,cash,in-store,
2174,2025-03-27,Thursday,P05,Pain au Chocolat,Pastry,1,3.5,0,3.5,cash,in-store,
2175,2025-03-27,Thursday,P07,Blueberry Muffin,Pastry,1,2.75,0,2.75,cash,in-store,
2175,2025-03-27,Thursday,P15,Scone - Blueberry,Pastry,1,3.0,0,3.0,cash,in-store,
2175,2025-03-27,Thursday,P06,Cinnamon Roll,Pastry,1,3.75,0,3.75,cash,in-store,
2176,2025-03-27,Thursday,P07,Blueberry Muffin,Pastry,1,2.75,0,2.75,cash,in-store,C0046
2176,2025-03-27,Thursday,P05,Pain au Chocolat,Pastry,1,3.5,0,3.5,cash,in-store,C0046
2177,2025-03-27,Thursday,P14,Rye Loaf,Bread,3,4.9,0,14.7,upi,in-store,C0031
2177,2025-03-27,Thursday,P08,Chocolate Chip Cookie,Cookie,1,2.0,0,2.0,upi,in-store,C0031
2178,2025-03-27,Thursday,P13,Bagel - Everything,Bread,1,2.5,0,2.5,upi,in-store,
2179,2025-03-27,Thursday,P08,Chocolate Chip Cookie,Cookie,1,2.0,0,2.0,cash,in-store,C0126
2180,2025-03-27,Thursday,P11,Cupcake (single),Cake,1,3.25,0,3.25,upi,in-store,C0083
2181,2025-03-27,Thursday,P07,Blueberry Muffin,Pastry,1,2.75,0,2.75,upi,online,C0019
2181,2025-03-27,Thursday,P14,Rye Loaf,Bread,1,4.9,0,4.9,upi,online,C0019
2181,2025-03-27,Thursday,P07,Blueberry Muffin,Pastry,1,2.75,0,2.75,upi,online,C0019
2182,2025-03-27,Thursday,P14,Rye Loaf,Bread,1,4.9,0,4.9,cash,in-store,
2183,2025-03-28,Friday,P06,Cinnamon Roll,Pastry,1,3.75,0,3.75,card,in-store,
2183,2025-03-28,Friday,P12,Bagel - Plain,Bread,2,2.25,0,4.5,card,in-store,
2184,2025-03-28,Friday,P07,Blueberry Muffin,Pastry,3,2.75,0,8.25,cash,in-store,C0047
2186,2025-03-28,Friday,P01,Sourdough Loaf,Bread,3,4.5,0,13.5,upi,in-store,
2186,2025-03-28,Friday,P08,Chocolate Chip Cookie,Cookie,1,2.0,0,2.0,upi,in-store,
2186,2025-03-28,Friday,P08,Chocolate Chip Cookie,Cookie,1,2.0,0,2.0,upi,in-store,
2186,2025-03-28,Friday,P07,Blueberry Muffin,Pastry,1,2.75,0,2.75,upi,in-store,
2187,2025-03-28,Friday,P08,Chocolate Chip Cookie,Cookie,2,2.0,0,4.0,upi,online,C0120
2188,2025-03-28,Friday,P11,Cupcake (single),Cake,1,3.25,0,3.25,cash,in-store,C0123
2188,2025-03-28,Friday,P03,Whole Wheat Loaf,Bread,1,4.75,0,4.75,cash,in-store,C0123
2188,2025-03-28,Friday,P09,Oatmeal Raisin Cookie,Cookie,1,2.0,0,2.0,cash,in-store,C0123
2189,2025-03-28,Friday,P02,Baguette,Bread,1,3.25,0,3.25,card,in-store,C0126
2190,2025-03-28,Friday,P09,Oatmeal Raisin Cookie,Cookie,1,2.0,0,2.0,cash,in-store,C0025
2190,2025-03-28,Friday,P08,Chocolate Chip Cookie,Cookie,1,2.0,0,2.0,cash,in-store,C0025
2191,2025-03-28,Friday,P10,Birthday Cake (whole),Cake,1,32.0,0,32.0,upi,in-store,
2191,2025-03-28,Friday,P08,Chocolate Chip Cookie,Cookie,1,2.0,0,2.0,upi,in-store,
2191,2025-03-28,Friday,P01,Sourdough Loaf,Bread,1,4.5,0,4.5,upi,in-store,
2191,2025-03-28,Friday,P07,Blueberry Muffin,Pastry,1,2.75,0,2.75,upi,in-store,
2192,2025-03-28,Friday,P13,Bagel - Everything,Bread,1,2.5,0,2.5,cash,in-store,
2192,2025-03-28,Friday,P15,Scone - Blueberry,Pastry,3,3.0,0,9.0,cash,in-store,
2193,2025-03-29,Saturday,P08,Chocolate Chip Cookie,Cookie,1,2.0,0,2.0,cash,in-store,C0111
2195,2025-03-29,Saturday,P12,Bagel - Plain,Bread,1,2.25,0,2.25,card,in-store,C0090
2196,2025-03-29,Saturday,P12,Bagel - Plain,Bread,1,2.25,0,2.25,upi,catering,
2198,2025-03-29,Saturday,P06,Cinnamon Roll,Pastry,1,3.75,0,3.75,upi,online,
2198,2025-03-29,Saturday,P08,Chocolate Chip Cookie,Cookie,1,2.0,0,2.0,upi,online,
2199,2025-03-29,Saturday,P04,Croissant,Pastry,2,3.0,0,6.0,card,in-store,C0029
2199,2025-03-29,Saturday,P12,Bagel - Plain,Bread,2,2.25,0,4.5,card,in-store,C0029
2199,2025-03-29,Saturday,P03,Whole Wheat Loaf,Bread,1,4.75,0,4.75,card,in-store,C0029
2199,2025-03-29,Saturday,P08,Chocolate Chip Cookie,Cookie,1,2.0,0,2.0,card,in-store,C0029
2200,2025-03-29,Saturday,P10,Birthday Cake (whole),Cake,1,32.0,0,32.0,cash,in-store,C0016
2200,2025-03-29,Saturday,P13,Bagel - Everything,Bread,1,2.5,0,2.5,cash,in-store,C0016
2200,2025-03-29,Saturday,P05,Pain au Chocolat,Pastry,1,3.5,0,3.5,cash,in-store,C0016
2200,2025-03-29,Saturday,P07,Blueberry Muffin,Pastry,1,2.75,0,2.75,cash,in-store,C0016
2201,2025-03-29,Saturday,P14,Rye Loaf,Bread,1,4.9,0,4.9,upi,in-store,C0059
2201,2025-03-29,Saturday,P07,Blueberry Muffin,Pastry,1,2.75,0,2.75,upi,in-store,C0059
2202,2025-03-29,Saturday,P09,Oatmeal Raisin Cookie,Cookie,1,2.0,0,2.0,upi,in-store,
2203,2025-03-29,Saturday,P09,Oatmeal Raisin Cookie,Cookie,3,2.0,0,6.0,card,in-store,C0017
2203,2025-03-29,Saturday,P08,Chocolate Chip Cookie,Cookie,1,2.0,0,2.0,card,in-store,C0017
2204,2025-03-29,Saturday,P03,Whole Wheat Loaf,Bread,1,4.75,0,4.75,card,in-store,C0102
2205,2025-03-29,Saturday,P04,Croissant,Pastry,1,3.0,0,3.0,card,in-store,
2206,2025-03-29,Saturday,P05,Pain au Chocolat,Pastry,1,3.5,0,3.5,upi,in-store,
2207,2025-03-29,Saturday,P07,Blueberry Muffin,Pastry,1,2.75,0,2.75,upi,in-store,
2208,2025-03-29,Saturday,P14,Rye Loaf,Bread,1,4.9,0,4.9,upi,in-store,
2208,2025-03-29,Saturday,P07,Blueberry Muffin,Pastry,1,2.75,0,2.75,upi,in-store,
2208,2025-03-29,Saturday,P02,Baguette,Bread,1,3.25,0,3.25,upi,in-store,
2209,2025-03-29,Saturday,P09,Oatmeal Raisin Cookie,Cookie,1,2.0,0,2.0,upi,in-store,
2210,2025-03-29,Saturday,P11,Cupcake (single),Cake,1,3.25,0,3.25,upi,in-store,C0065
2211,2025-03-29,Saturday,P07,Blueberry Muffin,Pastry,1,2.75,0,2.75,cash,in-store,
2212,2025-03-29,Saturday,P13,Bagel - Everything,Bread,3,2.5,0,7.5,cash,in-store,C0088
2212,2025-03-29,Saturday,P15,Scone - Blueberry,Pastry,1,3.0,0,3.0,cash,in-store,C0088
2213,2025-03-29,Saturday,P14,Rye Loaf,Bread,1,4.9,0,4.9,upi,in-store,C0001
2213,2025-03-29,Saturday,P03,Whole Wheat Loaf,Bread,2,4.75,0,9.5,upi,in-store,C0001
2215,2025-03-29,Saturday,P07,Blueberry Muffin,Pastry,2,2.75,0,5.5,upi,in-store,C0096
2215,2025-03-29,Saturday,P08,Chocolate Chip Cookie,Cookie,1,2.0,0,2.0,upi,in-store,C0096
2216,2025-03-30,Sunday,P15,Scone - Blueberry,Pastry,1,3.0,0,3.0,upi,online,
2216,2025-03-30,Sunday,P01,Sourdough Loaf,Bread,1,4.5,0,4.5,upi,online,
2216,2025-03-30,Sunday,P11,Cupcake (single),Cake,1,3.25,0,3.25,upi,online,
2217,2025-03-30,Sunday,P11,Cupcake (single),Cake,1,3.25,0,3.25,cash,online,C0122
2218,2025-03-30,Sunday,P11,Cupcake (single),Cake,1,3.25,0,3.25,cash,in-store,C0113
2218,2025-03-30,Sunday,P05,Pain au Chocolat,Pastry,1,3.5,0,3.5,cash,in-store,C0113
2219,2025-03-30,Sunday,P08,Chocolate Chip Cookie,Cookie,1,2.0,0,2.0,upi,in-store,C0082
2219,2025-03-30,Sunday,P02,Baguette,Bread,2,3.25,0,6.5,upi,in-store,C0082
2220,2025-03-30,Sunday,P13,Bagel - Everything,Bread,1,2.5,0,2.5,upi,in-store,
2221,2025-03-30,Sunday,P03,Whole Wheat Loaf,Bread,1,4.75,0,4.75,upi,in-store,C0006
2221,2025-03-30,Sunday,P12,Bagel - Plain,Bread,1,2.25,0,2.25,upi,in-store,C0006
2223,2025-03-30,Sunday,P02,Baguette,Bread,1,3.25,0,3.25,upi,in-store,
2224,2025-03-30,Sunday,P07,Blueberry Muffin,Pastry,1,2.75,0,2.75,card,in-store,
2224,2025-03-30,Sunday,P15,Scone - Blueberry,Pastry,1,3.0,0,3.0,card,in-store,
2225,2025-03-30,Sunday,P05,Pain au Chocolat,Pastry,1,3.5,0,3.5,upi,in-store,C0081
2225,2025-03-30,Sunday,P15,Scone - Blueberry,Pastry,1,3.0,0,3.0,upi,in-store,C0081
2226,2025-03-30,Sunday,P11,Cupcake (single),Cake,1,3.25,0,3.25,upi,online,C0060
2226,2025-03-30,Sunday,P12,Bagel - Plain,Bread,3,2.25,0,6.75,upi,online,C0060
2227,2025-03-30,Sunday,P10,Birthday Cake (whole),Cake,1,32.0,0,32.0,upi,in-store,C0055
2229,2025-03-30,Sunday,P08,Chocolate Chip Cookie,Cookie,3,2.0,0,6.0,card,in-store,C0071
2229,2025-03-30,Sunday,P08,Chocolate Chip Cookie,Cookie,1,2.0,0,2.0,card,in-store,C0071
2230,2025-03-30,Sunday,P01,Sourdough Loaf,Bread,3,4.5,0,13.5,card,in-store,C0036
2231,2025-03-30,Sunday,P05,Pain au Chocolat,Pastry,1,3.5,0,3.5,upi,in-store,C0117
2234,2025-03-31,Monday,P03,Whole Wheat Loaf,Bread,1,4.75,0,4.75,upi,online,
2235,2025-03-31,Monday,P02,Baguette,Bread,1,3.25,0,3.25,upi,online,
2236,2025-03-31,Monday,P03,Whole Wheat Loaf,Bread,3,4.75,0,14.25,upi,in-store,C0019
2237,2025-03-31,Monday,P08,Chocolate Chip Cookie,Cookie,1,2.0,0,2.0,card,in-store,
2238,2025-03-31,Monday,P14,Rye Loaf,Bread,1,4.9,0,4.9,upi,in-store,
2238,2025-03-31,Monday,P07,Blueberry Muffin,Pastry,1,2.75,0,2.75,upi,in-store,
2239,2025-03-31,Monday,P12,Bagel - Plain,Bread,1,2.25,0,2.25,upi,in-store,C0129
2240,2025-03-31,Monday,P14,Rye Loaf,Bread,3,4.9,0,14.7,upi,in-store,
2240,2025-03-31,Monday,P15,Scone - Blueberry,Pastry,2,3.0,0,6.0,upi,in-store,
2241,2025-03-31,Monday,P14,Rye Loaf,Bread,2,4.9,0,9.8,cash,in-store,
2241,2025-03-31,Monday,P11,Cupcake (single),Cake,1,3.25,0,3.25,cash,in-store,
2242,2025-03-31,Monday,P05,Pain au Chocolat,Pastry,1,3.5,0,3.5,card,in-store,C0097
2243,2025-04-01,Tuesday,P04,Croissant,Pastry,1,3.0,0,3.0,upi,in-store,
2244,2025-04-01,Tuesday,P07,Blueberry Muffin,Pastry,1,2.75,0,2.75,card,in-store,C0031
2245,2025-04-01,Tuesday,P15,Scone - Blueberry,Pastry,1,3.0,0,3.0,upi,in-store,C0098
2246,2025-04-01,Tuesday,P12,Bagel - Plain,Bread,2,2.25,0,4.5,upi,online,
2246,2025-04-01,Tuesday,P03,Whole Wheat Loaf,Bread,1,4.75,0,4.75,upi,online,
2247,2025-04-01,Tuesday,P12,Bagel - Plain,Bread,2,2.25,0,4.5,upi,in-store,C0103
2248,2025-04-01,Tuesday,P14,Rye Loaf,Bread,1,4.9,0,4.9,cash,in-store,
2251,2025-04-01,Tuesday,P12,Bagel - Plain,Bread,2,2.25,0,4.5,card,in-store,C0077
2252,2025-04-01,Tuesday,P14,Rye Loaf,Bread,1,4.9,0,4.9,upi,in-store,
2252,2025-04-01,Tuesday,P10,Birthday Cake (whole),Cake,1,32.0,0,32.0,upi,in-store,
2252,2025-04-01,Tuesday,P03,Whole Wheat Loaf,Bread,1,4.75,0,4.75,upi,in-store,
2253,2025-04-01,Tuesday,P15,Scone - Blueberry,Pastry,2,3.0,0,6.0,cash,in-store,C0009
2254,2025-04-01,Tuesday,P04,Croissant,Pastry,2,3.0,0,6.0,upi,in-store,C0073
2254,2025-04-01,Tuesday,P14,Rye Loaf,Bread,1,4.9,0,4.9,upi,in-store,C0073
2254,2025-04-01,Tuesday,P10,Birthday Cake (whole),Cake,1,32.0,0,32.0,upi,in-store,C0073
2255,2025-04-01,Tuesday,P09,Oatmeal Raisin Cookie,Cookie,1,2.0,0,2.0,upi,in-store,
2256,2025-04-01,Tuesday,P14,Rye Loaf,Bread,1,4.9,0,4.9,upi,in-store,
2256,2025-04-01,Tuesday,P14,Rye Loaf,Bread,3,4.9,0,14.7,upi,in-store,
2257,2025-04-01,Tuesday,P11,Cupcake (single),Cake,1,3.25,0,3.25,card,in-store,
2258,2025-04-01,Tuesday,P09,Oatmeal Raisin Cookie,Cookie,1,2.0,0,2.0,card,in-store,
2258,2025-04-01,Tuesday,P08,Chocolate Chip Cookie,Cookie,1,2.0,0,2.0,card,in-store,
2259,2025-04-01,Tuesday,P04,Croissant,Pastry,1,3.0,0,3.0,cash,online,C0116
2260,2025-04-02,Wednesday,P14,Rye Loaf,Bread,1,4.9,0,4.9,card,catering,C0099
2260,2025-04-02,Wednesday,P08,Chocolate Chip Cookie,Cookie,1,2.0,0,2.0,card,catering,C0099
2261,2025-04-02,Wednesday,P04,Croissant,Pastry,1,3.0,0,3.0,upi,in-store,C0125
2262,2025-04-02,Wednesday,P07,Blueberry Muffin,Pastry,3,2.75,0,8.25,card,in-store,
2262,2025-04-02,Wednesday,P07,Blueberry Muffin,Pastry,1,2.75,0,2.75,card,in-store,
2262,2025-04-02,Wednesday,P09,Oatmeal Raisin Cookie,Cookie,3,2.0,0,6.0,card,in-store,
2263,2025-04-02,Wednesday,P01,Sourdough Loaf,Bread,1,4.5,0,4.5,upi,in-store,
2264,2025-04-02,Wednesday,P07,Blueberry Muffin,Pastry,1,2.75,0,2.75,cash,in-store,
2264,2025-04-02,Wednesday,P05,Pain au Chocolat,Pastry,3,3.5,0,10.5,cash,in-store,
2264,2025-04-02,Wednesday,P07,Blueberry Muffin,Pastry,1,2.75,0,2.75,cash,in-store,
2265,2025-04-02,Wednesday,P05,Pain au Chocolat,Pastry,1,3.5,0,3.5,cash,in-store,C0035
2266,2025-04-02,Wednesday,P02,Baguette,Bread,1,3.25,0,3.25,cash,in-store,C0117
2267,2025-04-02,Wednesday,P10,Birthday Cake (whole),Cake,1,32.0,0,32.0,card,in-store,C0061
2268,2025-04-02,Wednesday,P07,Blueberry Muffin,Pastry,1,2.75,0,2.75,cash,in-store,C0062
2268,2025-04-02,Wednesday,P07,Blueberry Muffin,Pastry,1,2.75,0,2.75,cash,in-store,C0062
2268,2025-04-02,Wednesday,P02,Baguette,Bread,1,3.25,0,3.25,cash,in-store,C0062
2269,2025-04-02,Wednesday,P09,Oatmeal Raisin Cookie,Cookie,1,2.0,0,2.0,card,in-store,C0124
2270,2025-04-02,Wednesday,P07,Blueberry Muffin,Pastry,2,2.75,0,5.5,upi,online,C0113
2271,2025-04-03,Thursday,P01,Sourdough Loaf,Bread,1,4.5,0,4.5,card,in-store,C0074
2273,2025-04-03,Thursday,P02,Baguette,Bread,1,3.25,0,3.25,cash,in-store,
2274,2025-04-03,Thursday,P14,Rye Loaf,Bread,1,4.9,0,4.9,upi,online,
2275,2025-04-03,Thursday,P15,Scone - Blueberry,Pastry,1,3.0,0,3.0,upi,online,C0126
2276,2025-04-03,Thursday,P08,Chocolate Chip Cookie,Cookie,1,2.0,0,2.0,upi,online,
2276,2025-04-03,Thursday,P15,Scone - Blueberry,Pastry,2,3.0,0,6.0,upi,online,
2277,2025-04-03,Thursday,P08,Chocolate Chip Cookie,Cookie,1,2.0,0,2.0,upi,in-store,C0130
2278,2025-04-03,Thursday,P06,Cinnamon Roll,Pastry,1,3.75,0,3.75,upi,online,C0121
2279,2025-04-03,Thursday,P08,Chocolate Chip Cookie,Cookie,1,2.0,0,2.0,upi,online,C0096
2279,2025-04-03,Thursday,P08,Chocolate Chip Cookie,Cookie,1,2.0,0,2.0,upi,online,C0096
2280,2025-04-03,Thursday,P08,Chocolate Chip Cookie,Cookie,1,2.0,0,2.0,upi,in-store,C0123
2281,2025-04-03,Thursday,P03,Whole Wheat Loaf,Bread,2,4.75,0,9.5,cash,in-store,
2281,2025-04-03,Thursday,P15,Scone - Blueberry,Pastry,1,3.0,0,3.0,cash,in-store,
2282,2025-04-03,Thursday,P14,Rye Loaf,Bread,1,4.9,0,4.9,card,online,
2282,2025-04-03,Thursday,P03,Whole Wheat Loaf,Bread,1,4.75,0,4.75,card,online,
2282,2025-04-03,Thursday,P14,Rye Loaf,Bread,3,4.9,0,14.7,card,online,
2283,2025-04-03,Thursday,P05,Pain au Chocolat,Pastry,2,3.5,0,7.0,upi,in-store,
2284,2025-04-03,Thursday,P05,Pain au Chocolat,Pastry,1,3.5,0,3.5,upi,in-store,
2285,2025-04-03,Thursday,P15,Scone - Blueberry,Pastry,1,3.0,0,3.0,upi,in-store,
2286,2025-04-03,Thursday,P12,Bagel - Plain,Bread,3,2.25,0,6.75,card,online,C0014
2287,2025-04-03,Thursday,P08,Chocolate Chip Cookie,Cookie,1,2.0,0,2.0,cash,in-store,C0097
2287,2025-04-03,Thursday,P07,Blueberry Muffin,Pastry,1,2.75,0,2.75,cash,in-store,C0097
2289,2025-04-04,Friday,P03,Whole Wheat Loaf,Bread,2,4.75,0,9.5,upi,in-store,
2289,2025-04-04,Friday,P13,Bagel - Everything,Bread,1,2.5,0,2.5,upi,in-store,
2290,2025-04-04,Friday,P04,Croissant,Pastry,3,3.0,0,9.0,card,in-store,
2291,2025-04-04,Friday,P07,Blueberry Muffin,Pastry,1,2.75,0,2.75,card,online,C0078
2292,2025-04-04,Friday,P07,Blueberry Muffin,Pastry,1,2.75,0,2.75,upi,catering,C0113
2293,2025-04-04,Friday,P12,Bagel - Plain,Bread,1,2.25,0,2.25,upi,catering,C0009
2294,2025-04-04,Friday,P14,Rye Loaf,Bread,3,4.9,0,14.7,card,in-store,
2294,2025-04-04,Friday,P09,Oatmeal Raisin Cookie,Cookie,1,2.0,0,2.0,card,in-store,
2295,2025-04-04,Friday,P08,Chocolate Chip Cookie,Cookie,2,2.0,0,4.0,cash,in-store,
2295,2025-04-04,Friday,P13,Bagel - Everything,Bread,1,2.5,0,2.5,cash,in-store,
2296,2025-04-04,Friday,P14,Rye Loaf,Bread,1,4.9,0,4.9,card,online,C0050
2296,2025-04-04,Friday,P14,Rye Loaf,Bread,1,4.9,0,4.9,card,online,C0050
2296,2025-04-04,Friday,P02,Baguette,Bread,1,3.25,0,3.25,card,online,C0050
2297,2025-04-05,Saturday,P09,Oatmeal Raisin Cookie,Cookie,3,2.0,0,6.0,upi,online,C0057
2297,2025-04-05,Saturday,P05,Pain au Chocolat,Pastry,1,3.5,0,3.5,upi,online,C0057
2298,2025-04-05,Saturday,P14,Rye Loaf,Bread,2,4.9,0,9.8,card,online,C0025
2298,2025-04-05,Saturday,P04,Croissant,Pastry,2,3.0,0,6.0,card,online,C0025
2299,2025-04-05,Saturday,P10,Birthday Cake (whole),Cake,1,32.0,0,32.0,upi,in-store,
2300,2025-04-05,Saturday,P10,Birthday Cake (whole),Cake,1,32.0,0,32.0,upi,online,C0011
2301,2025-04-05,Saturday,P12,Bagel - Plain,Bread,3,2.25,0,6.75,cash,in-store,C0056
2303,2025-04-05,Saturday,P04,Croissant,Pastry,1,3.0,0,3.0,upi,in-store,C0045
2303,2025-04-05,Saturday,P15,Scone - Blueberry,Pastry,1,3.0,0,3.0,upi,in-store,C0045
2304,2025-04-05,Saturday,P06,Cinnamon Roll,Pastry,1,3.75,0,3.75,cash,in-store,C0001
2304,2025-04-05,Saturday,P07,Blueberry Muffin,Pastry,2,2.75,0,5.5,cash,in-store,C0001
2304,2025-04-05,Saturday,P09,Oatmeal Raisin Cookie,Cookie,1,2.0,0,2.0,cash,in-store,C0001
2304,2025-04-05,Saturday,P07,Blueberry Muffin,Pastry,3,2.75,0,8.25,cash,in-store,C0001
2305,2025-04-05,Saturday,P04,Croissant,Pastry,1,3.0,0,3.0,cash,in-store,C0029
2306,2025-04-05,Saturday,P03,Whole Wheat Loaf,Bread,1,4.75,0,4.75,cash,online,
2307,2025-04-05,Saturday,P04,Croissant,Pastry,3,3.0,0,9.0,card,in-store,C0049
2308,2025-04-05,Saturday,P08,Chocolate Chip Cookie,Cookie,1,2.0,0,2.0,upi,online,
2309,2025-04-05,Saturday,P15,Scone - Blueberry,Pastry,3,3.0,0,9.0,upi,in-store,
2310,2025-04-05,Saturday,P04,Croissant,Pastry,1,3.0,0,3.0,upi,in-store,C0042
2311,2025-04-05,Saturday,P10,Birthday Cake (whole),Cake,1,32.0,0,32.0,cash,in-store,
2312,2025-04-05,Saturday,P12,Bagel - Plain,Bread,1,2.25,0,2.25,cash,in-store,C0055
2313,2025-04-05,Saturday,P07,Blueberry Muffin,Pastry,1,2.75,0,2.75,cash,in-store,
2313,2025-04-05,Saturday,P10,Birthday Cake (whole),Cake,1,32.0,0,32.0,cash,in-store,
2313,2025-04-05,Saturday,P05,Pain au Chocolat,Pastry,1,3.5,0,3.5,cash,in-store,
2314,2025-04-05,Saturday,P12,Bagel - Plain,Bread,1,2.25,0,2.25,card,catering,
2314,2025-04-05,Saturday,P02,Baguette,Bread,3,3.25,0,9.75,card,catering,
2315,2025-04-05,Saturday,P07,Blueberry Muffin,Pastry,1,2.75,0,2.75,card,in-store,C0090
2316,2025-04-05,Saturday,P14,Rye Loaf,Bread,2,4.9,0,9.8,upi,in-store,C0020
2316,2025-04-05,Saturday,P04,Croissant,Pastry,1,3.0,0,3.0,upi,in-store,C0020
2316,2025-04-05,Saturday,P01,Sourdough Loaf,Bread,1,4.5,0,4.5,upi,in-store,C0020
2318,2025-04-05,Saturday,P04,Croissant,Pastry,3,3.0,0,9.0,upi,in-store,
2321,2025-04-05,Saturday,P12,Bagel - Plain,Bread,1,2.25,0,2.25,card,online,C0098
2322,2025-04-06,Sunday,P03,Whole Wheat Loaf,Bread,3,4.75,0,14.25,cash,in-store,C0089
2322,2025-04-06,Sunday,P07,Blueberry Muffin,Pastry,1,2.75,0,2.75,cash,in-store,C0089
2322,2025-04-06,Sunday,P08,Chocolate Chip Cookie,Cookie,1,2.0,0,2.0,cash,in-store,C0089
2324,2025-04-06,Sunday,P06,Cinnamon Roll,Pastry,1,3.75,0,3.75,cash,online,C0106
2324,2025-04-06,Sunday,P06,Cinnamon Roll,Pastry,1,3.75,0,3.75,cash,online,C0106
2325,2025-04-06,Sunday,P12,Bagel - Plain,Bread,1,2.25,0,2.25,upi,in-store,
2326,2025-04-06,Sunday,P02,Baguette,Bread,1,3.25,0,3.25,card,in-store,
2327,2025-04-06,Sunday,P03,Whole Wheat Loaf,Bread,1,4.75,0,4.75,upi,online,C0045
2327,2025-04-06,Sunday,P15,Scone - Blueberry,Pastry,3,3.0,0,9.0,upi,online,C0045
2327,2025-04-06,Sunday,P05,Pain au Chocolat,Pastry,1,3.5,0,3.5,upi,online,C0045
2328,2025-04-06,Sunday,P14,Rye Loaf,Bread,1,4.9,0,4.9,cash,in-store,C0115
2329,2025-04-06,Sunday,P08,Chocolate Chip Cookie,Cookie,1,2.0,0,2.0,card,in-store,C0052
2329,2025-04-06,Sunday,P04,Croissant,Pastry,1,3.0,0,3.0,card,in-store,C0052
2330,2025-04-06,Sunday,P12,Bagel - Plain,Bread,1,2.25,0,2.25,upi,in-store,
2331,2025-04-06,Sunday,P01,Sourdough Loaf,Bread,1,4.5,0,4.5,cash,online,
2332,2025-04-06,Sunday,P04,Croissant,Pastry,1,3.0,0,3.0,upi,in-store,C0057
2332,2025-04-06,Sunday,P09,Oatmeal Raisin Cookie,Cookie,3,2.0,0,6.0,upi,in-store,C0057
2333,2025-04-06,Sunday,P01,Sourdough Loaf,Bread,1,4.5,0,4.5,upi,catering,C0023
2333,2025-04-06,Sunday,P06,Cinnamon Roll,Pastry,1,3.75,0,3.75,upi,catering,C0023
2334,2025-04-06,Sunday,P04,Croissant,Pastry,1,3.0,0,3.0,cash,in-store,C0047
2335,2025-04-06,Sunday,P14,Rye Loaf,Bread,1,4.9,0,4.9,cash,in-store,
2335,2025-04-06,Sunday,P03,Whole Wheat Loaf,Bread,1,4.75,0,4.75,cash,in-store,
2336,2025-04-06,Sunday,P08,Chocolate Chip Cookie,Cookie,1,2.0,0,2.0,upi,in-store,C0078
2337,2025-04-06,Sunday,P07,Blueberry Muffin,Pastry,1,2.75,0,2.75,upi,online,
2338,2025-04-06,Sunday,P07,Blueberry Muffin,Pastry,1,2.75,0,2.75,upi,in-store,
2339,2025-04-06,Sunday,P03,Whole Wheat Loaf,Bread,1,4.75,0,4.75,upi,in-store,C0049
2340,2025-04-06,Sunday,P12,Bagel - Plain,Bread,1,2.25,0,2.25,cash,in-store,C0078
2341,2025-04-06,Sunday,P12,Bagel - Plain,Bread,3,2.25,0,6.75,upi,online,
2342,2025-04-06,Sunday,P08,Chocolate Chip Cookie,Cookie,3,2.0,0,6.0,upi,in-store,C0008
2342,2025-04-06,Sunday,P02,Baguette,Bread,2,3.25,0,6.5,upi,in-store,C0008
2343,2025-04-06,Sunday,P03,Whole Wheat Loaf,Bread,1,4.75,0,4.75,cash,in-store,C0064
2345,2025-04-06,Sunday,P01,Sourdough Loaf,Bread,1,4.5,0,4.5,upi,online,
2346,2025-04-06,Sunday,P10,Birthday Cake (whole),Cake,1,32.0,0,32.0,upi,in-store,C0007
2347,2025-04-06,Sunday,P12,Bagel - Plain,Bread,3,2.25,0,6.75,cash,in-store,C0075
2347,2025-04-06,Sunday,P08,Chocolate Chip Cookie,Cookie,3,2.0,0,6.0,cash,in-store,C0075
2348,2025-04-06,Sunday,P08,Chocolate Chip Cookie,Cookie,3,2.0,0,6.0,upi,online,C0079
2349,2025-04-06,Sunday,P15,Scone - Blueberry,Pastry,1,3.0,0,3.0,cash,in-store,
2349,2025-04-06,Sunday,P12,Bagel - Plain,Bread,1,2.25,0,2.25,cash,in-store,
2349,2025-04-06,Sunday,P12,Bagel - Plain,Bread,1,2.25,0,2.25,cash,in-store,
2349,2025-04-06,Sunday,P10,Birthday Cake (whole),Cake,1,32.0,0,32.0,cash,in-store,
2350,2025-04-06,Sunday,P03,Whole Wheat Loaf,Bread,1,4.75,0,4.75,upi,in-store,C0130
2350,2025-04-06,Sunday,P02,Baguette,Bread,1,3.25,0,3.25,upi,in-store,C0130
2351,2025-04-06,Sunday,P04,Croissant,Pastry,1,3.0,0,3.0,cash,in-store,C0105
2352,2025-04-06,Sunday,P08,Chocolate Chip Cookie,Cookie,1,2.0,0,2.0,cash,online,
2352,2025-04-06,Sunday,P12,Bagel - Plain,Bread,1,2.25,0,2.25,cash,online,
2352,2025-04-06,Sunday,P08,Chocolate Chip Cookie,Cookie,1,2.0,0,2.0,cash,online,
2352,2025-04-06,Sunday,P14,Rye Loaf,Bread,1,4.9,0,4.9,cash,online,
2353,2025-04-06,Sunday,P13,Bagel - Everything,Bread,1,2.5,0,2.5,upi,in-store,
2354,2025-04-07,Monday,P09,Oatmeal Raisin Cookie,Cookie,1,2.0,0,2.0,upi,in-store,C0075
2355,2025-04-07,Monday,P14,Rye Loaf,Bread,3,4.9,0,14.7,card,in-store,C0062
2355,2025-04-07,Monday,P07,Blueberry Muffin,Pastry,1,2.75,0,2.75,card,in-store,C0062
2356,2025-04-07,Monday,P08,Chocolate Chip Cookie,Cookie,2,2.0,0,4.0,card,in-store,
2357,2025-04-07,Monday,P07,Blueberry Muffin,Pastry,1,2.75,0,2.75,cash,in-store,
2357,2025-04-07,Monday,P05,Pain au Chocolat,Pastry,2,3.5,0,7.0,cash,in-store,
2358,2025-04-07,Monday,P10,Birthday Cake (whole),Cake,1,32.0,0,32.0,upi,online,C0060
2358,2025-04-07,Monday,P08,Chocolate Chip Cookie,Cookie,1,2.0,0,2.0,upi,online,C0060
2359,2025-04-07,Monday,P13,Bagel - Everything,Bread,1,2.5,0,2.5,card,in-store,C0055
2360,2025-04-07,Monday,P10,Birthday Cake (whole),Cake,1,32.0,0,32.0,card,in-store,
2362,2025-04-07,Monday,P05,Pain au Chocolat,Pastry,1,3.5,0,3.5,upi,in-store,
2363,2025-04-07,Monday,P04,Croissant,Pastry,1,3.0,0,3.0,card,in-store,C0064
2363,2025-04-07,Monday,P06,Cinnamon Roll,Pastry,1,3.75,0,3.75,card,in-store,C0064
2364,2025-04-07,Monday,P13,Bagel - Everything,Bread,1,2.5,0,2.5,upi,in-store,
2364,2025-04-07,Monday,P11,Cupcake (single),Cake,1,3.25,0,3.25,upi,in-store,
2365,2025-04-07,Monday,P03,Whole Wheat Loaf,Bread,1,4.75,0,4.75,card,in-store,
2365,2025-04-07,Monday,P08,Chocolate Chip Cookie,Cookie,2,2.0,0,4.0,card,in-store,
2365,2025-04-07,Monday,P14,Rye Loaf,Bread,3,4.9,0,14.7,card,in-store,
2366,2025-04-07,Monday,P15,Scone - Blueberry,Pastry,1,3.0,0,3.0,card,in-store,
2366,2025-04-07,Monday,P13,Bagel - Everything,Bread,1,2.5,0,2.5,card,in-store,
2367,2025-04-07,Monday,P09,Oatmeal Raisin Cookie,Cookie,1,2.0,0,2.0,cash,in-store,C0112
2371,2025-04-08,Tuesday,P05,Pain au Chocolat,Pastry,1,3.5,0,3.5,upi,online,C0096
2373,2025-04-08,Tuesday,P05,Pain au Chocolat,Pastry,1,3.5,0,3.5,upi,in-store,C0128
2374,2025-04-08,Tuesday,P09,Oatmeal Raisin Cookie,Cookie,1,2.0,0,2.0,card,in-store,
2375,2025-04-09,Wednesday,P09,Oatmeal Raisin Cookie,Cookie,1,2.0,0,2.0,upi,in-store,C0104
2377,2025-04-09,Wednesday,P08,Chocolate Chip Cookie,Cookie,1,2.0,0,2.0,card,in-store,C0124
2378,2025-04-09,Wednesday,P10,Birthday Cake (whole),Cake,1,32.0,0,32.0,cash,in-store,C0012
2379,2025-04-09,Wednesday,P14,Rye Loaf,Bread,1,4.9,0,4.9,upi,in-store,C0053
2381,2025-04-09,Wednesday,P05,Pain au Chocolat,Pastry,1,3.5,0,3.5,upi,online,
2382,2025-04-09,Wednesday,P11,Cupcake (single),Cake,1,3.25,0,3.25,upi,online,C0070
2382,2025-04-09,Wednesday,P12,Bagel - Plain,Bread,1,2.25,0,2.25,upi,online,C0070
2383,2025-04-09,Wednesday,P08,Chocolate Chip Cookie,Cookie,1,2.0,0,2.0,card,online,C0123
2384,2025-04-10,Thursday,P14,Rye Loaf,Bread,1,4.9,0,4.9,card,in-store,C0059
2385,2025-04-10,Thursday,P07,Blueberry Muffin,Pastry,1,2.75,0,2.75,upi,in-store,
2386,2025-04-10,Thursday,P07,Blueberry Muffin,Pastry,3,2.75,0,8.25,upi,in-store,C0036
2386,2025-04-10,Thursday,P06,Cinnamon Roll,Pastry,1,3.75,0,3.75,upi,in-store,C0036
2387,2025-04-10,Thursday,P12,Bagel - Plain,Bread,1,2.25,0,2.25,cash,in-store,
2387,2025-04-10,Thursday,P06,Cinnamon Roll,Pastry,2,3.75,0,7.5,cash,in-store,
2387,2025-04-10,Thursday,P08,Chocolate Chip Cookie,Cookie,2,2.0,0,4.0,cash,in-store,
2387,2025-04-10,Thursday,P12,Bagel - Plain,Bread,3,2.25,0,6.75,cash,in-store,
2388,2025-04-10,Thursday,P06,Cinnamon Roll,Pastry,1,3.75,0,3.75,upi,catering,
2388,2025-04-10,Thursday,P14,Rye Loaf,Bread,1,4.9,0,4.9,upi,catering,
2388,2025-04-10,Thursday,P15,Scone - Blueberry,Pastry,1,3.0,0,3.0,upi,catering,
2390,2025-04-10,Thursday,P15,Scone - Blueberry,Pastry,2,3.0,0,6.0,cash,in-store,C0090
2390,2025-04-10,Thursday,P12,Bagel - Plain,Bread,2,2.25,0,4.5,cash,in-store,C0090
2390,2025-04-10,Thursday,P09,Oatmeal Raisin Cookie,Cookie,3,2.0,0,6.0,cash,in-store,C0090
2390,2025-04-10,Thursday,P03,Whole Wheat Loaf,Bread,2,4.75,0,9.5,cash,in-store,C0090
2391,2025-04-10,Thursday,P11,Cupcake (single),Cake,1,3.25,0,3.25,cash,online,
2391,2025-04-10,Thursday,P03,Whole Wheat Loaf,Bread,1,4.75,0,4.75,cash,online,
2391,2025-04-10,Thursday,P05,Pain au Chocolat,Pastry,1,3.5,0,3.5,cash,online,
2392,2025-04-11,Friday,P03,Whole Wheat Loaf,Bread,1,4.75,0,4.75,cash,in-store,C0092
2393,2025-04-11,Friday,P01,Sourdough Loaf,Bread,1,4.5,0,4.5,card,in-store,
2393,2025-04-11,Friday,P07,Blueberry Muffin,Pastry,2,2.75,0,5.5,card,in-store,
2395,2025-04-11,Friday,P12,Bagel - Plain,Bread,2,2.25,0,4.5,upi,in-store,
2396,2025-04-11,Friday,P12,Bagel - Plain,Bread,1,2.25,0,2.25,upi,in-store,
2397,2025-04-11,Friday,P08,Chocolate Chip Cookie,Cookie,1,2.0,0,2.0,card,in-store,
2397,2025-04-11,Friday,P07,Blueberry Muffin,Pastry,1,2.75,0,2.75,card,in-store,
2397,2025-04-11,Friday,P08,Chocolate Chip Cookie,Cookie,2,2.0,0,4.0,card,in-store,
2397,2025-04-11,Friday,P01,Sourdough Loaf,Bread,3,4.5,0,13.5,card,in-store,
2398,2025-04-11,Friday,P06,Cinnamon Roll,Pastry,2,3.75,0,7.5,card,in-store,
2398,2025-04-11,Friday,P13,Bagel - Everything,Bread,1,2.5,0,2.5,card,in-store,
2398,2025-04-11,Friday,P08,Chocolate Chip Cookie,Cookie,3,2.0,0,6.0,card,in-store,
2400,2025-04-11,Friday,P05,Pain au Chocolat,Pastry,2,3.5,0,7.0,upi,online,C0056
2401,2025-04-11,Friday,P08,Chocolate Chip Cookie,Cookie,2,2.0,0,4.0,card,in-store,C0036
2401,2025-04-11,Friday,P08,Chocolate Chip Cookie,Cookie,1,2.0,0,2.0,card,in-store,C0036
2401,2025-04-11,Friday,P14,Rye Loaf,Bread,1,4.9,0,4.9,card,in-store,C0036
2401,2025-04-11,Friday,P07,Blueberry Muffin,Pastry,1,2.75,0,2.75,card,in-store,C0036
2402,2025-04-11,Friday,P14,Rye Loaf,Bread,1,4.9,0,4.9,upi,in-store,C0012
2402,2025-04-11,Friday,P14,Rye Loaf,Bread,1,4.9,0,4.9,upi,in-store,C0012
2402,2025-04-11,Friday,P07,Blueberry Muffin,Pastry,1,2.75,0,2.75,upi,in-store,C0012
2403,2025-04-11,Friday,P15,Scone - Blueberry,Pastry,1,3.0,0,3.0,card,catering,
2404,2025-04-11,Friday,P13,Bagel - Everything,Bread,1,2.5,0,2.5,upi,in-store,
2406,2025-04-11,Friday,P04,Croissant,Pastry,1,3.0,0,3.0,card,in-store,
2407,2025-04-11,Friday,P10,Birthday Cake (whole),Cake,1,32.0,0,32.0,upi,in-store,C0010
2409,2025-04-12,Saturday,P13,Bagel - Everything,Bread,1,2.5,0,2.5,upi,in-store,C0026
2410,2025-04-12,Saturday,P11,Cupcake (single),Cake,1,3.25,0,3.25,card,in-store,C0033
2411,2025-04-12,Saturday,P02,Baguette,Bread,1,3.25,0,3.25,card,in-store,C0063
2411,2025-04-12,Saturday,P06,Cinnamon Roll,Pastry,2,3.75,0,7.5,card,in-store,C0063
2412,2025-04-12,Saturday,P14,Rye Loaf,Bread,3,4.9,0,14.7,upi,catering,
2414,2025-04-12,Saturday,P01,Sourdough Loaf,Bread,1,4.5,0,4.5,cash,in-store,
2415,2025-04-12,Saturday,P01,Sourdough Loaf,Bread,1,4.5,0,4.5,cash,in-store,
2416,2025-04-12,Saturday,P04,Croissant,Pastry,1,3.0,0,3.0,upi,in-store,C0059
2417,2025-04-12,Saturday,P14,Rye Loaf,Bread,1,4.9,0,4.9,cash,online,C0023
2417,2025-04-12,Saturday,P10,Birthday Cake (whole),Cake,1,32.0,0,32.0,cash,online,C0023
2417,2025-04-12,Saturday,P11,Cupcake (single),Cake,1,3.25,0,3.25,cash,online,C0023
2418,2025-04-12,Saturday,P07,Blueberry Muffin,Pastry,3,2.75,0,8.25,upi,in-store,
2418,2025-04-12,Saturday,P08,Chocolate Chip Cookie,Cookie,1,2.0,0,2.0,upi,in-store,
2419,2025-04-12,Saturday,P05,Pain au Chocolat,Pastry,2,3.5,0,7.0,card,in-store,
2419,2025-04-12,Saturday,P08,Chocolate Chip Cookie,Cookie,1,2.0,0,2.0,card,in-store,
2420,2025-04-12,Saturday,P13,Bagel - Everything,Bread,1,2.5,0,2.5,card,in-store,
2420,2025-04-12,Saturday,P07,Blueberry Muffin,Pastry,1,2.75,0,2.75,card,in-store,
2421,2025-04-12,Saturday,P07,Blueberry Muffin,Pastry,1,2.75,0,2.75,card,online,
2422,2025-04-12,Saturday,P15,Scone - Blueberry,Pastry,1,3.0,0,3.0,cash,in-store,C0070
2423,2025-04-12,Saturday,P04,Croissant,Pastry,1,3.0,0,3.0,upi,in-store,C0066
2424,2025-04-12,Saturday,P07,Blueberry Muffin,Pastry,1,2.75,0,2.75,upi,in-store,
2425,2025-04-12,Saturday,P13,Bagel - Everything,Bread,1,2.5,0,2.5,card,in-store,C0054
2426,2025-04-12,Saturday,P09,Oatmeal Raisin Cookie,Cookie,1,2.0,0,2.0,card,in-store,C0079
2427,2025-04-12,Saturday,P05,Pain au Chocolat,Pastry,3,3.5,0,10.5,upi,in-store,C0108
2428,2025-04-13,Sunday,P07,Blueberry Muffin,Pastry,1,2.75,0,2.75,card,online,C0036
2430,2025-04-13,Sunday,P07,Blueberry Muffin,Pastry,1,2.75,0,2.75,cash,in-store,C0094
2431,2025-04-13,Sunday,P07,Blueberry Muffin,Pastry,1,2.75,0,2.75,card,in-store,C0004
2432,2025-04-13,Sunday,P12,Bagel - Plain,Bread,3,2.25,0,6.75,card,in-store,C0088
2433,2025-04-13,Sunday,P08,Chocolate Chip Cookie,Cookie,3,2.0,0,6.0,card,in-store,
2435,2025-04-13,Sunday,P04,Croissant,Pastry,1,3.0,0,3.0,card,in-store,C0029
2435,2025-04-13,Sunday,P07,Blueberry Muffin,Pastry,1,2.75,0,2.75,card,in-store,C0029
2435,2025-04-13,Sunday,P10,Birthday Cake (whole),Cake,1,32.0,0,32.0,card,in-store,C0029
2436,2025-04-13,Sunday,P01,Sourdough Loaf,Bread,1,4.5,0,4.5,card,in-store,C0046
2437,2025-04-13,Sunday,P07,Blueberry Muffin,Pastry,1,2.75,0,2.75,upi,online,
2437,2025-04-13,Sunday,P11,Cupcake (single),Cake,1,3.25,0,3.25,upi,online,
2437,2025-04-13,Sunday,P03,Whole Wheat Loaf,Bread,1,4.75,0,4.75,upi,online,
2439,2025-04-13,Sunday,P05,Pain au Chocolat,Pastry,1,3.5,0,3.5,upi,in-store,C0013
2439,2025-04-13,Sunday,P14,Rye Loaf,Bread,1,4.9,0,4.9,upi,in-store,C0013
2439,2025-04-13,Sunday,P07,Blueberry Muffin,Pastry,3,2.75,0,8.25,upi,in-store,C0013
2440,2025-04-13,Sunday,P11,Cupcake (single),Cake,1,3.25,0,3.25,cash,in-store,C0071
2441,2025-04-13,Sunday,P08,Chocolate Chip Cookie,Cookie,1,2.0,0,2.0,cash,in-store,
2442,2025-04-13,Sunday,P14,Rye Loaf,Bread,3,4.9,0,14.7,card,online,
2442,2025-04-13,Sunday,P01,Sourdough Loaf,Bread,2,4.5,0,9.0,card,online,
2443,2025-04-13,Sunday,P02,Baguette,Bread,1,3.25,0,3.25,card,in-store,
2444,2025-04-13,Sunday,P07,Blueberry Muffin,Pastry,1,2.75,0,2.75,upi,online,C0028
2444,2025-04-13,Sunday,P10,Birthday Cake (whole),Cake,1,32.0,0,32.0,upi,online,C0028
2445,2025-04-13,Sunday,P08,Chocolate Chip Cookie,Cookie,1,2.0,0,2.0,upi,in-store,C0050
2445,2025-04-13,Sunday,P12,Bagel - Plain,Bread,1,2.25,0,2.25,upi,in-store,C0050
2446,2025-04-13,Sunday,P05,Pain au Chocolat,Pastry,1,3.5,0,3.5,cash,in-store,
2447,2025-04-13,Sunday,P11,Cupcake (single),Cake,1,3.25,0,3.25,upi,online,C0071
2448,2025-04-13,Sunday,P06,Cinnamon Roll,Pastry,1,3.75,0,3.75,card,in-store,C0045
2450,2025-04-13,Sunday,P03,Whole Wheat Loaf,Bread,1,4.75,0,4.75,card,in-store,C0097
2452,2025-04-13,Sunday,P10,Birthday Cake (whole),Cake,1,32.0,0,32.0,upi,online,C0105
2452,2025-04-13,Sunday,P14,Rye Loaf,Bread,1,4.9,0,4.9,upi,online,C0105
2453,2025-04-13,Sunday,P03,Whole Wheat Loaf,Bread,3,4.75,0,14.25,upi,in-store,C0066
2454,2025-04-14,Monday,P11,Cupcake (single),Cake,1,3.25,0,3.25,card,in-store,C0043
2455,2025-04-14,Monday,P14,Rye Loaf,Bread,2,4.9,0,9.8,card,in-store,
2456,2025-04-14,Monday,P05,Pain au Chocolat,Pastry,1,3.5,0,3.5,upi,online,C0129
2457,2025-04-14,Monday,P11,Cupcake (single),Cake,1,3.25,0,3.25,card,in-store,C0067
2458,2025-04-14,Monday,P15,Scone - Blueberry,Pastry,2,3.0,0,6.0,upi,in-store,C0067
2459,2025-04-14,Monday,P03,Whole Wheat Loaf,Bread,1,4.75,0,4.75,upi,in-store,
2459,2025-04-14,Monday,P01,Sourdough Loaf,Bread,1,4.5,0,4.5,upi,in-store,
2459,2025-04-14,Monday,P05,Pain au Chocolat,Pastry,1,3.5,0,3.5,upi,in-store,
2460,2025-04-14,Monday,P04,Croissant,Pastry,2,3.0,0,6.0,cash,online,C0092
2461,2025-04-14,Monday,P09,Oatmeal Raisin Cookie,Cookie,1,2.0,0,2.0,cash,online,C0119
2461,2025-04-14,Monday,P09,Oatmeal Raisin Cookie,Cookie,1,2.0,0,2.0,cash,online,C0119
2462,2025-04-14,Monday,P01,Sourdough Loaf,Bread,3,4.5,0,13.5,card,in-store,
2462,2025-04-14,Monday,P12,Bagel - Plain,Bread,1,2.25,0,2.25,card,in-store,
2464,2025-04-14,Monday,P10,Birthday Cake (whole),Cake,1,32.0,0,32.0,cash,in-store,C0042
2464,2025-04-14,Monday,P10,Birthday Cake (whole),Cake,1,32.0,0,32.0,cash,in-store,C0042
2465,2025-04-14,Monday,P05,Pain au Chocolat,Pastry,1,3.5,0,3.5,card,in-store,
2466,2025-04-14,Monday,P13,Bagel - Everything,Bread,1,2.5,0,2.5,card,in-store,
2466,2025-04-14,Monday,P04,Croissant,Pastry,1,3.0,0,3.0,card,in-store,
2467,2025-04-14,Monday,P15,Scone - Blueberry,Pastry,1,3.0,0,3.0,card,in-store,
2467,2025-04-14,Monday,P08,Chocolate Chip Cookie,Cookie,3,2.0,0,6.0,card,in-store,
2468,2025-04-14,Monday,P12,Bagel - Plain,Bread,1,2.25,0,2.25,upi,in-store,C0079
2468,2025-04-14,Monday,P11,Cupcake (single),Cake,1,3.25,0,3.25,upi,in-store,C0079
2469,2025-04-14,Monday,P03,Whole Wheat Loaf,Bread,1,4.75,0,4.75,card,in-store,C0095
2469,2025-04-14,Monday,P12,Bagel - Plain,Bread,1,2.25,0,2.25,card,in-store,C0095
2470,2025-04-15,Tuesday,P06,Cinnamon Roll,Pastry,1,3.75,0,3.75,upi,in-store,C0028
2471,2025-04-15,Tuesday,P02,Baguette,Bread,1,3.25,0,3.25,cash,in-store,
2472,2025-04-15,Tuesday,P09,Oatmeal Raisin Cookie,Cookie,1,2.0,0,2.0,card,in-store,
2473,2025-04-15,Tuesday,P09,Oatmeal Raisin Cookie,Cookie,3,2.0,0,6.0,card,in-store,C0016
2473,2025-04-15,Tuesday,P08,Chocolate Chip Cookie,Cookie,1,2.0,0,2.0,card,in-store,C0016
2474,2025-04-15,Tuesday,P08,Chocolate Chip Cookie,Cookie,1,2.0,0,2.0,cash,in-store,
2475,2025-04-15,Tuesday,P07,Blueberry Muffin,Pastry,2,2.75,0,5.5,card,catering,C0080
2476,2025-04-15,Tuesday,P05,Pain au Chocolat,Pastry,1,3.5,0,3.5,card,online,C0050
2476,2025-04-15,Tuesday,P07,Blueberry Muffin,Pastry,1,2.75,0,2.75,card,online,C0050
2476,2025-04-15,Tuesday,P07,Blueberry Muffin,Pastry,1,2.75,0,2.75,card,online,C0050
2477,2025-04-15,Tuesday,P10,Birthday Cake (whole),Cake,1,32.0,0,32.0,upi,in-store,C0075
2477,2025-04-15,Tuesday,P01,Sourdough Loaf,Bread,1,4.5,0,4.5,upi,in-store,C0075
2477,2025-04-15,Tuesday,P10,Birthday Cake (whole),Cake,1,32.0,0,32.0,upi,in-store,C0075
2479,2025-04-15,Tuesday,P06,Cinnamon Roll,Pastry,1,3.75,0,3.75,cash,in-store,C0037
2480,2025-04-16,Wednesday,P08,Chocolate Chip Cookie,Cookie,1,2.0,0,2.0,upi,in-store,C0113
2480,2025-04-16,Wednesday,P09,Oatmeal Raisin Cookie,Cookie,1,2.0,0,2.0,upi,in-store,C0113
2481,2025-04-16,Wednesday,P07,Blueberry Muffin,Pastry,1,2.75,0,2.75,card,in-store,C0090
2484,2025-04-16,Wednesday,P13,Bagel - Everything,Bread,3,2.5,0,7.5,card,in-store,C0086
2485,2025-04-16,Wednesday,P07,Blueberry Muffin,Pastry,1,2.75,0,2.75,upi,in-store,
2486,2025-04-16,Wednesday,P14,Rye Loaf,Bread,1,4.9,0,4.9,cash,in-store,
2486,2025-04-16,Wednesday,P15,Scone - Blueberry,Pastry,1,3.0,0,3.0,cash,in-store,
2486,2025-04-16,Wednesday,P03,Whole Wheat Loaf,Bread,2,4.75,0,9.5,cash,in-store,
2487,2025-04-16,Wednesday,P12,Bagel - Plain,Bread,1,2.25,0,2.25,card,in-store,C0040
2488,2025-04-16,Wednesday,P14,Rye Loaf,Bread,2,4.9,0,9.8,card,in-store,C0026
2489,2025-04-16,Wednesday,P14,Rye Loaf,Bread,1,4.9,0,4.9,cash,in-store,C0071
2490,2025-04-16,Wednesday,P14,Rye Loaf,Bread,2,4.9,0,9.8,upi,in-store,C0019
2490,2025-04-16,Wednesday,P05,Pain au Chocolat,Pastry,1,3.5,0,3.5,upi,in-store,C0019
2490,2025-04-16,Wednesday,P08,Chocolate Chip Cookie,Cookie,1,2.0,0,2.0,upi,in-store,C0019
2490,2025-04-16,Wednesday,P12,Bagel - Plain,Bread,3,2.25,0,6.75,upi,in-store,C0019
2493,2025-04-16,Wednesday,P04,Croissant,Pastry,1,3.0,0,3.0,card,online,C0015
2493,2025-04-16,Wednesday,P09,Oatmeal Raisin Cookie,Cookie,2,2.0,0,4.0,card,online,C0015
2494,2025-04-17,Thursday,P05,Pain au Chocolat,Pastry,1,3.5,0,3.5,upi,online,C0057
2494,2025-04-17,Thursday,P02,Baguette,Bread,3,3.25,0,9.75,upi,online,C0057
2494,2025-04-17,Thursday,P12,Bagel - Plain,Bread,1,2.25,0,2.25,upi,online,C0057
2494,2025-04-17,Thursday,P11,Cupcake (single),Cake,1,3.25,0,3.25,upi,online,C0057
2496,2025-04-17,Thursday,P03,Whole Wheat Loaf,Bread,1,4.75,0,4.75,card,online,
2496,2025-04-17,Thursday,P08,Chocolate Chip Cookie,Cookie,1,2.0,0,2.0,card,online,
2497,2025-04-17,Thursday,P08,Chocolate Chip Cookie,Cookie,1,2.0,0,2.0,card,in-store,C0083
2498,2025-04-17,Thursday,P07,Blueberry Muffin,Pastry,1,2.75,0,2.75,cash,in-store,
2501,2025-04-17,Thursday,P05,Pain au Chocolat,Pastry,1,3.5,0,3.5,upi,online,C0029
2501,2025-04-17,Thursday,P02,Baguette,Bread,3,3.25,0,9.75,upi,online,C0029
2502,2025-04-17,Thursday,P12,Bagel - Plain,Bread,1,2.25,0,2.25,upi,in-store,
2502,2025-04-17,Thursday,P04,Croissant,Pastry,2,3.0,0,6.0,upi,in-store,
2503,2025-04-17,Thursday,P12,Bagel - Plain,Bread,3,2.25,0,6.75,cash,in-store,
2504,2025-04-17,Thursday,P10,Birthday Cake (whole),Cake,1,32.0,0,32.0,cash,in-store,C0058
2504,2025-04-17,Thursday,P05,Pain au Chocolat,Pastry,2,3.5,0,7.0,cash,in-store,C0058
2504,2025-04-17,Thursday,P09,Oatmeal Raisin Cookie,Cookie,1,2.0,0,2.0,cash,in-store,C0058
2506,2025-04-17,Thursday,P07,Blueberry Muffin,Pastry,1,2.75,0,2.75,upi,in-store,
2506,2025-04-17,Thursday,P08,Chocolate Chip Cookie,Cookie,3,2.0,0,6.0,upi,in-store,
2507,2025-04-18,Friday,P13,Bagel - Everything,Bread,1,2.5,0,2.5,upi,in-store,
2508,2025-04-18,Friday,P13,Bagel - Everything,Bread,1,2.5,0,2.5,cash,in-store,C0090
2508,2025-04-18,Friday,P11,Cupcake (single),Cake,1,3.25,0,3.25,cash,in-store,C0090
2509,2025-04-18,Friday,P09,Oatmeal Raisin Cookie,Cookie,1,2.0,0,2.0,cash,catering,C0015
2510,2025-04-18,Friday,P02,Baguette,Bread,3,3.25,0,9.75,card,online,C0076
2510,2025-04-18,Friday,P14,Rye Loaf,Bread,1,4.9,0,4.9,card,online,C0076
2510,2025-04-18,Friday,P09,Oatmeal Raisin Cookie,Cookie,1,2.0,0,2.0,card,online,C0076
2511,2025-04-18,Friday,P13,Bagel - Everything,Bread,1,2.5,0,2.5,upi,in-store,C0125
2512,2025-04-18,Friday,P15,Scone - Blueberry,Pastry,1,3.0,0,3.0,upi,in-store,C0106
2512,2025-04-18,Friday,P05,Pain au Chocolat,Pastry,1,3.5,0,3.5,upi,in-store,C0106
2512,2025-04-18,Friday,P07,Blueberry Muffin,Pastry,1,2.75,0,2.75,upi,in-store,C0106
2513,2025-04-18,Friday,P12,Bagel - Plain,Bread,1,2.25,0,2.25,card,in-store,
2513,2025-04-18,Friday,P11,Cupcake (single),Cake,1,3.25,0,3.25,card,in-store,
2514,2025-04-18,Friday,P13,Bagel - Everything,Bread,1,2.5,0,2.5,upi,in-store,
2515,2025-04-18,Friday,P01,Sourdough Loaf,Bread,1,4.5,0,4.5,card,in-store,C0075
2515,2025-04-18,Friday,P15,Scone - Blueberry,Pastry,1,3.0,0,3.0,card,in-store,C0075
2516,2025-04-18,Friday,P12,Bagel - Plain,Bread,1,2.25,0,2.25,cash,in-store,C0012
2516,2025-04-18,Friday,P03,Whole Wheat Loaf,Bread,2,4.75,0,9.5,cash,in-store,C0012
2517,2025-04-18,Friday,P08,Chocolate Chip Cookie,Cookie,2,2.0,0,4.0,upi,online,C0075
2517,2025-04-18,Friday,P15,Scone - Blueberry,Pastry,2,3.0,0,6.0,upi,online,C0075
2518,2025-04-18,Friday,P10,Birthday Cake (whole),Cake,1,32.0,0,32.0,cash,in-store,C0041
2518,2025-04-18,Friday,P15,Scone - Blueberry,Pastry,1,3.0,0,3.0,cash,in-store,C0041
2519,2025-04-19,Saturday,P14,Rye Loaf,Bread,1,4.9,0,4.9,upi,in-store,
2520,2025-04-19,Saturday,P14,Rye Loaf,Bread,1,4.9,0,4.9,card,catering,C0061
2520,2025-04-19,Saturday,P03,Whole Wheat Loaf,Bread,1,4.75,0,4.75,card,catering,C0061
2521,2025-04-19,Saturday,P14,Rye Loaf,Bread,2,4.9,0,9.8,card,in-store,C0077
2522,2025-04-19,Saturday,P09,Oatmeal Raisin Cookie,Cookie,1,2.0,0,2.0,cash,online,
2522,2025-04-19,Saturday,P02,Baguette,Bread,1,3.25,0,3.25,cash,online,
2522,2025-04-19,Saturday,P09,Oatmeal Raisin Cookie,Cookie,1,2.0,0,2.0,cash,online,
2524,2025-04-19,Saturday,P10,Birthday Cake (whole),Cake,1,32.0,0,32.0,cash,in-store,C0105
2525,2025-04-19,Saturday,P10,Birthday Cake (whole),Cake,1,32.0,0,32.0,card,in-store,C0122
2525,2025-04-19,Saturday,P10,Birthday Cake (whole),Cake,1,32.0,0,32.0,card,in-store,C0122
2526,2025-04-19,Saturday,P08,Chocolate Chip Cookie,Cookie,1,2.0,0,2.0,card,in-store,
2527,2025-04-19,Saturday,P01,Sourdough Loaf,Bread,1,4.5,0,4.5,card,in-store,
2527,2025-04-19,Saturday,P08,Chocolate Chip Cookie,Cookie,1,2.0,0,2.0,card,in-store,
2527,2025-04-19,Saturday,P12,Bagel - Plain,Bread,1,2.25,0,2.25,card,in-store,
2528,2025-04-19,Saturday,P08,Chocolate Chip Cookie,Cookie,1,2.0,0,2.0,cash,online,C0130
2528,2025-04-19,Saturday,P07,Blueberry Muffin,Pastry,1,2.75,0,2.75,cash,online,C0130
2530,2025-04-19,Saturday,P05,Pain au Chocolat,Pastry,1,3.5,0,3.5,upi,online,
2530,2025-04-19,Saturday,P03,Whole Wheat Loaf,Bread,1,4.75,0,4.75,upi,online,
2530,2025-04-19,Saturday,P15,Scone - Blueberry,Pastry,1,3.0,0,3.0,upi,online,
2531,2025-04-19,Saturday,P01,Sourdough Loaf,Bread,1,4.5,0,4.5,card,in-store,
2531,2025-04-19,Saturday,P09,Oatmeal Raisin Cookie,Cookie,1,2.0,0,2.0,card,in-store,
2531,2025-04-19,Saturday,P07,Blueberry Muffin,Pastry,2,2.75,0,5.5,card,in-store,
2531,2025-04-19,Saturday,P08,Chocolate Chip Cookie,Cookie,1,2.0,0,2.0,card,in-store,
2533,2025-04-19,Saturday,P13,Bagel - Everything,Bread,1,2.5,0,2.5,upi,online,C0092
2533,2025-04-19,Saturday,P08,Chocolate Chip Cookie,Cookie,2,2.0,0,4.0,upi,online,C0092
2534,2025-04-20,Sunday,P04,Croissant,Pastry,2,3.0,0,6.0,upi,in-store,C0028
2534,2025-04-20,Sunday,P09,Oatmeal Raisin Cookie,Cookie,1,2.0,0,2.0,upi,in-store,C0028
2535,2025-04-20,Sunday,P01,Sourdough Loaf,Bread,1,4.5,0,4.5,card,in-store,
2535,2025-04-20,Sunday,P14,Rye Loaf,Bread,1,4.9,0,4.9,card,in-store,
2535,2025-04-20,Sunday,P07,Blueberry Muffin,Pastry,3,2.75,0,8.25,card,in-store,
2537,2025-04-20,Sunday,P03,Whole Wheat Loaf,Bread,3,4.75,0,14.25,cash,in-store,C0007
2539,2025-04-20,Sunday,P06,Cinnamon Roll,Pastry,1,3.75,0,3.75,cash,online,C0125
2540,2025-04-20,Sunday,P03,Whole Wheat Loaf,Bread,1,4.75,0,4.75,card,in-store,C0107
2541,2025-04-20,Sunday,P08,Chocolate Chip Cookie,Cookie,1,2.0,0,2.0,cash,online,C0070
2542,2025-04-20,Sunday,P03,Whole Wheat Loaf,Bread,1,4.75,0,4.75,card,in-store,
2542,2025-04-20,Sunday,P03,Whole Wheat Loaf,Bread,1,4.75,0,4.75,card,in-store,
2542,2025-04-20,Sunday,P06,Cinnamon Roll,Pastry,1,3.75,0,3.75,card,in-store,
2543,2025-04-20,Sunday,P11,Cupcake (single),Cake,1,3.25,0,3.25,upi,in-store,C0121
2545,2025-04-20,Sunday,P11,Cupcake (single),Cake,1,3.25,0,3.25,upi,in-store,C0081
2546,2025-04-20,Sunday,P15,Scone - Blueberry,Pastry,2,3.0,0,6.0,card,in-store,
2547,2025-04-20,Sunday,P07,Blueberry Muffin,Pastry,1,2.75,0,2.75,upi,online,
2548,2025-04-20,Sunday,P06,Cinnamon Roll,Pastry,1,3.75,0,3.75,cash,in-store,C0120
2548,2025-04-20,Sunday,P01,Sourdough Loaf,Bread,1,4.5,0,4.5,cash,in-store,C0120
2550,2025-04-20,Sunday,P08,Chocolate Chip Cookie,Cookie,1,2.0,0,2.0,card,in-store,
2551,2025-04-20,Sunday,P11,Cupcake (single),Cake,1,3.25,0,3.25,upi,in-store,C0058
2551,2025-04-20,Sunday,P05,Pain au Chocolat,Pastry,1,3.5,0,3.5,upi,in-store,C0058
2552,2025-04-20,Sunday,P07,Blueberry Muffin,Pastry,1,2.75,0,2.75,upi,in-store,C0084
2553,2025-04-20,Sunday,P07,Blueberry Muffin,Pastry,3,2.75,0,8.25,card,in-store,C0002
2553,2025-04-20,Sunday,P05,Pain au Chocolat,Pastry,3,3.5,0,10.5,card,in-store,C0002
2554,2025-04-20,Sunday,P10,Birthday Cake (whole),Cake,1,32.0,0,32.0,card,in-store,C0050
2554,2025-04-20,Sunday,P08,Chocolate Chip Cookie,Cookie,1,2.0,0,2.0,card,in-store,C0050
2555,2025-04-20,Sunday,P14,Rye Loaf,Bread,1,4.9,0,4.9,upi,in-store,
2555,2025-04-20,Sunday,P01,Sourdough Loaf,Bread,1,4.5,0,4.5,upi,in-store,
2555,2025-04-20,Sunday,P15,Scone - Blueberry,Pastry,1,3.0,0,3.0,upi,in-store,
2555,2025-04-20,Sunday,P08,Chocolate Chip Cookie,Cookie,1,2.0,0,2.0,upi,in-store,
2556,2025-04-20,Sunday,P05,Pain au Chocolat,Pastry,1,3.5,0,3.5,cash,online,
2557,2025-04-20,Sunday,P08,Chocolate Chip Cookie,Cookie,1,2.0,0,2.0,upi,in-store,
2557,2025-04-20,Sunday,P05,Pain au Chocolat,Pastry,3,3.5,0,10.5,upi,in-store,
2558,2025-04-20,Sunday,P04,Croissant,Pastry,2,3.0,0,6.0,card,in-store,C0114
2558,2025-04-20,Sunday,P14,Rye Loaf,Bread,1,4.9,0,4.9,card,in-store,C0114
2559,2025-04-20,Sunday,P09,Oatmeal Raisin Cookie,Cookie,1,2.0,0,2.0,cash,online,
2560,2025-04-20,Sunday,P13,Bagel - Everything,Bread,1,2.5,0,2.5,upi,online,
2561,2025-04-20,Sunday,P07,Blueberry Muffin,Pastry,1,2.75,0,2.75,upi,online,C0091
2562,2025-04-20,Sunday,P08,Chocolate Chip Cookie,Cookie,1,2.0,0,2.0,upi,in-store,C0011
2562,2025-04-20,Sunday,P09,Oatmeal Raisin Cookie,Cookie,1,2.0,0,2.0,upi,in-store,C0011
2562,2025-04-20,Sunday,P07,Blueberry Muffin,Pastry,1,2.75,0,2.75,upi,in-store,C0011
2564,2025-04-21,Monday,P05,Pain au Chocolat,Pastry,1,3.5,0,3.5,upi,in-store,
2564,2025-04-21,Monday,P04,Croissant,Pastry,1,3.0,0,3.0,upi,in-store,
2565,2025-04-21,Monday,P08,Chocolate Chip Cookie,Cookie,1,2.0,0,2.0,upi,in-store,C0080
2565,2025-04-21,Monday,P06,Cinnamon Roll,Pastry,1,3.75,0,3.75,upi,in-store,C0080
2565,2025-04-21,Monday,P07,Blueberry Muffin,Pastry,3,2.75,0,8.25,upi,in-store,C0080
2566,2025-04-21,Monday,P15,Scone - Blueberry,Pastry,1,3.0,0,3.0,upi,in-store,
2567,2025-04-21,Monday,P04,Croissant,Pastry,1,3.0,0,3.0,card,online,
2567,2025-04-21,Monday,P03,Whole Wheat Loaf,Bread,1,4.75,0,4.75,card,online,
2568,2025-04-21,Monday,P08,Chocolate Chip Cookie,Cookie,1,2.0,0,2.0,card,in-store,C0063
2568,2025-04-21,Monday,P02,Baguette,Bread,1,3.25,0,3.25,card,in-store,C0063
2568,2025-04-21,Monday,P01,Sourdough Loaf,Bread,1,4.5,0,4.5,card,in-store,C0063
2569,2025-04-21,Monday,P12,Bagel - Plain,Bread,1,2.25,0,2.25,cash,in-store,C0106
2569,2025-04-21,Monday,P06,Cinnamon Roll,Pastry,2,3.75,0,7.5,cash,in-store,C0106
2569,2025-04-21,Monday,P05,Pain au Chocolat,Pastry,2,3.5,0,7.0,cash,in-store,C0106
2569,2025-04-21,Monday,P12,Bagel - Plain,Bread,2,2.25,0,4.5,cash,in-store,C0106
2570,2025-04-21,Monday,P03,Whole Wheat Loaf,Bread,1,4.75,0,4.75,cash,online,C0104
2571,2025-04-21,Monday,P08,Chocolate Chip Cookie,Cookie,3,2.0,0,6.0,cash,catering,
2572,2025-04-21,Monday,P08,Chocolate Chip Cookie,Cookie,1,2.0,0,2.0,card,in-store,C0022
2573,2025-04-21,Monday,P10,Birthday Cake (whole),Cake,1,32.0,0,32.0,card,in-store,
2573,2025-04-21,Monday,P06,Cinnamon Roll,Pastry,1,3.75,0,3.75,card,in-store,
2574,2025-04-21,Monday,P08,Chocolate Chip Cookie,Cookie,1,2.0,0,2.0,card,in-store,C0124
2574,2025-04-21,Monday,P03,Whole Wheat Loaf,Bread,2,4.75,0,9.5,card,in-store,C0124
2575,2025-04-22,Tuesday,P14,Rye Loaf,Bread,3,4.9,0,14.7,card,in-store,C0056
2575,2025-04-22,Tuesday,P01,Sourdough Loaf,Bread,1,4.5,0,4.5,card,in-store,C0056
2575,2025-04-22,Tuesday,P10,Birthday Cake (whole),Cake,1,32.0,0,32.0,card,in-store,C0056
2577,2025-04-22,Tuesday,P09,Oatmeal Raisin Cookie,Cookie,1,2.0,0,2.0,cash,in-store,
2577,2025-04-22,Tuesday,P11,Cupcake (single),Cake,1,3.25,0,3.25,cash,in-store,
2579,2025-04-22,Tuesday,P12,Bagel - Plain,Bread,3,2.25,0,6.75,upi,in-store,
2580,2025-04-22,Tuesday,P13,Bagel - Everything,Bread,2,2.5,0,5.0,card,online,
2580,2025-04-22,Tuesday,P08,Chocolate Chip Cookie,Cookie,1,2.0,0,2.0,card,online,
2581,2025-04-22,Tuesday,P14,Rye Loaf,Bread,3,4.9,0,14.7,upi,in-store,C0120
2582,2025-04-22,Tuesday,P14,Rye Loaf,Bread,1,4.9,0,4.9,card,catering,C0113
2582,2025-04-22,Tuesday,P11,Cupcake (single),Cake,1,3.25,0,3.25,card,catering,C0113
2583,2025-04-22,Tuesday,P02,Baguette,Bread,1,3.25,0,3.25,cash,in-store,C0118
2584,2025-04-23,Wednesday,P07,Blueberry Muffin,Pastry,1,2.75,0,2.75,card,in-store,
2585,2025-04-23,Wednesday,P05,Pain au Chocolat,Pastry,1,3.5,0,3.5,upi,in-store,
2586,2025-04-23,Wednesday,P11,Cupcake (single),Cake,1,3.25,0,3.25,upi,in-store,
2587,2025-04-23,Wednesday,P08,Chocolate Chip Cookie,Cookie,1,2.0,0,2.0,upi,online,C0095
2588,2025-04-23,Wednesday,P01,Sourdough Loaf,Bread,1,4.5,0,4.5,cash,online,
2588,2025-04-23,Wednesday,P05,Pain au Chocolat,Pastry,1,3.5,0,3.5,cash,online,
2588,2025-04-23,Wednesday,P03,Whole Wheat Loaf,Bread,1,4.75,0,4.75,cash,online,
2589,2025-04-23,Wednesday,P01,Sourdough Loaf,Bread,1,4.5,0,4.5,upi,online,C0121
2589,2025-04-23,Wednesday,P08,Chocolate Chip Cookie,Cookie,1,2.0,0,2.0,upi,online,C0121
2590,2025-04-23,Wednesday,P07,Blueberry Muffin,Pastry,1,2.75,0,2.75,card,online,C0126
2590,2025-04-23,Wednesday,P15,Scone - Blueberry,Pastry,1,3.0,0,3.0,card,online,C0126
2590,2025-04-23,Wednesday,P10,Birthday Cake (whole),Cake,1,32.0,0,32.0,card,online,C0126
2594,2025-04-23,Wednesday,P10,Birthday Cake (whole),Cake,1,32.0,0,32.0,cash,in-store,C0078
2594,2025-04-23,Wednesday,P04,Croissant,Pastry,3,3.0,0,9.0,cash,in-store,C0078
2595,2025-04-23,Wednesday,P12,Bagel - Plain,Bread,1,2.25,0,2.25,upi,in-store,C0008
2595,2025-04-23,Wednesday,P08,Chocolate Chip Cookie,Cookie,1,2.0,0,2.0,upi,in-store,C0008
2595,2025-04-23,Wednesday,P04,Croissant,Pastry,1,3.0,0,3.0,upi,in-store,C0008
2596,2025-04-23,Wednesday,P06,Cinnamon Roll,Pastry,1,3.75,0,3.75,card,online,C0096
2596,2025-04-23,Wednesday,P09,Oatmeal Raisin Cookie,Cookie,1,2.0,0,2.0,card,online,C0096
2597,2025-04-23,Wednesday,P04,Croissant,Pastry,1,3.0,0,3.0,upi,in-store,C0024
2597,2025-04-23,Wednesday,P12,Bagel - Plain,Bread,1,2.25,0,2.25,upi,in-store,C0024
2598,2025-04-23,Wednesday,P09,Oatmeal Raisin Cookie,Cookie,1,2.0,0,2.0,upi,in-store,
2598,2025-04-23,Wednesday,P12,Bagel - Plain,Bread,1,2.25,0,2.25,upi,in-store,
2599,2025-04-24,Thursday,P08,Chocolate Chip Cookie,Cookie,1,2.0,0,2.0,cash,in-store,
2600,2025-04-24,Thursday,P01,Sourdough Loaf,Bread,3,4.5,0,13.5,card,online,C0130
2600,2025-04-24,Thursday,P13,Bagel - Everything,Bread,1,2.5,0,2.5,card,online,C0130
2600,2025-04-24,Thursday,P07,Blueberry Muffin,Pastry,2,2.75,0,5.5,card,online,C0130
2600,2025-04-24,Thursday,P13,Bagel - Everything,Bread,3,2.5,0,7.5,card,online,C0130
2601,2025-04-24,Thursday,P12,Bagel - Plain,Bread,2,2.25,0,4.5,cash,in-store,
2601,2025-04-24,Thursday,P12,Bagel - Plain,Bread,1,2.25,0,2.25,cash,in-store,
2602,2025-04-24,Thursday,P05,Pain au Chocolat,Pastry,1,3.5,0,3.5,upi,online,C0107
2603,2025-04-24,Thursday,P09,Oatmeal Raisin Cookie,Cookie,1,2.0,0,2.0,upi,in-store,
2604,2025-04-24,Thursday,P01,Sourdough Loaf,Bread,1,4.5,0,4.5,upi,in-store,
2605,2025-04-24,Thursday,P12,Bagel - Plain,Bread,1,2.25,0,2.25,upi,in-store,C0089
2606,2025-04-24,Thursday,P07,Blueberry Muffin,Pastry,1,2.75,0,2.75,upi,online,
2607,2025-04-24,Thursday,P12,Bagel - Plain,Bread,1,2.25,0,2.25,cash,catering,
2607,2025-04-24,Thursday,P14,Rye Loaf,Bread,2,4.9,0,9.8,cash,catering,
2608,2025-04-24,Thursday,P05,Pain au Chocolat,Pastry,1,3.5,0,3.5,upi,online,C0023
2609,2025-04-24,Thursday,P07,Blueberry Muffin,Pastry,2,2.75,0,5.5,card,in-store,
2610,2025-04-24,Thursday,P02,Baguette,Bread,1,3.25,0,3.25,upi,in-store,C0125
2610,2025-04-24,Thursday,P04,Croissant,Pastry,1,3.0,0,3.0,upi,in-store,C0125
2613,2025-04-24,Thursday,P15,Scone - Blueberry,Pastry,1,3.0,0,3.0,upi,in-store,
2615,2025-04-24,Thursday,P01,Sourdough Loaf,Bread,1,4.5,0,4.5,card,in-store,C0063
2616,2025-04-24,Thursday,P02,Baguette,Bread,1,3.25,0,3.25,card,catering,
2617,2025-04-25,Friday,P03,Whole Wheat Loaf,Bread,3,4.75,0,14.25,upi,online,
2617,2025-04-25,Friday,P13,Bagel - Everything,Bread,1,2.5,0,2.5,upi,online,
2617,2025-04-25,Friday,P09,Oatmeal Raisin Cookie,Cookie,1,2.0,0,2.0,upi,online,
2617,2025-04-25,Friday,P04,Croissant,Pastry,1,3.0,0,3.0,upi,online,
2618,2025-04-25,Friday,P09,Oatmeal Raisin Cookie,Cookie,1,2.0,0,2.0,card,online,C0047
2618,2025-04-25,Friday,P12,Bagel - Plain,Bread,1,2.25,0,2.25,card,online,C0047
2619,2025-04-25,Friday,P08,Chocolate Chip Cookie,Cookie,1,2.0,0,2.0,card,in-store,C0103
2621,2025-04-25,Friday,P14,Rye Loaf,Bread,1,4.9,0,4.9,card,in-store,C0109
2622,2025-04-25,Friday,P12,Bagel - Plain,Bread,1,2.25,0,2.25,card,in-store,
2622,2025-04-25,Friday,P03,Whole Wheat Loaf,Bread,2,4.75,0,9.5,card,in-store,
2622,2025-04-25,Friday,P02,Baguette,Bread,1,3.25,0,3.25,card,in-store,
2623,2025-04-25,Friday,P14,Rye Loaf,Bread,2,4.9,0,9.8,card,in-store,C0107
2623,2025-04-25,Friday,P02,Baguette,Bread,2,3.25,0,6.5,card,in-store,C0107
2624,2025-04-25,Friday,P05,Pain au Chocolat,Pastry,1,3.5,0,3.5,cash,in-store,C0054
2625,2025-04-25,Friday,P02,Baguette,Bread,1,3.25,0,3.25,cash,online,C0069
2625,2025-04-25,Friday,P09,Oatmeal Raisin Cookie,Cookie,1,2.0,0,2.0,cash,online,C0069
2626,2025-04-26,Saturday,P06,Cinnamon Roll,Pastry,2,3.75,0,7.5,cash,in-store,C0003
2627,2025-04-26,Saturday,P08,Chocolate Chip Cookie,Cookie,1,2.0,0,2.0,cash,online,
2628,2025-04-26,Saturday,P06,Cinnamon Roll,Pastry,1,3.75,0,3.75,upi,online,
2629,2025-04-26,Saturday,P05,Pain au Chocolat,Pastry,1,3.5,0,3.5,card,in-store,C0040
2630,2025-04-26,Saturday,P09,Oatmeal Raisin Cookie,Cookie,1,2.0,0,2.0,cash,in-store,C0091
2630,2025-04-26,Saturday,P03,Whole Wheat Loaf,Bread,1,4.75,0,4.75,cash,in-store,C0091
2630,2025-04-26,Saturday,P08,Chocolate Chip Cookie,Cookie,3,2.0,0,6.0,cash,in-store,C0091
2631,2025-04-26,Saturday,P04,Croissant,Pastry,1,3.0,0,3.0,card,in-store,
2632,2025-04-26,Saturday,P05,Pain au Chocolat,Pastry,2,3.5,0,7.0,cash,in-store,C0029
2632,2025-04-26,Saturday,P08,Chocolate Chip Cookie,Cookie,1,2.0,0,2.0,cash,in-store,C0029
2632,2025-04-26,Saturday,P14,Rye Loaf,Bread,1,4.9,0,4.9,cash,in-store,C0029
2633,2025-04-26,Saturday,P12,Bagel - Plain,Bread,1,2.25,0,2.25,card,in-store,
2633,2025-04-26,Saturday,P14,Rye Loaf,Bread,2,4.9,0,9.8,card,in-store,
2634,2025-04-26,Saturday,P04,Croissant,Pastry,1,3.0,0,3.0,cash,online,
2635,2025-04-26,Saturday,P14,Rye Loaf,Bread,1,4.9,0,4.9,cash,in-store,C0057
2635,2025-04-26,Saturday,P07,Blueberry Muffin,Pastry,1,2.75,0,2.75,cash,in-store,C0057
2635,2025-04-26,Saturday,P06,Cinnamon Roll,Pastry,1,3.75,0,3.75,cash,in-store,C0057
2636,2025-04-26,Saturday,P10,Birthday Cake (whole),Cake,1,32.0,0,32.0,card,in-store,C0010
2637,2025-04-26,Saturday,P08,Chocolate Chip Cookie,Cookie,1,2.0,0,2.0,card,in-store,C0002
2638,2025-04-26,Saturday,P13,Bagel - Everything,Bread,1,2.5,0,2.5,card,catering,C0128
2639,2025-04-26,Saturday,P05,Pain au Chocolat,Pastry,1,3.5,0,3.5,upi,in-store,C0005
2639,2025-04-26,Saturday,P13,Bagel - Everything,Bread,1,2.5,0,2.5,upi,in-store,C0005
2640,2025-04-26,Saturday,P03,Whole Wheat Loaf,Bread,2,4.75,0,9.5,upi,in-store,
2640,2025-04-26,Saturday,P04,Croissant,Pastry,1,3.0,0,3.0,upi,in-store,
2641,2025-04-26,Saturday,P08,Chocolate Chip Cookie,Cookie,1,2.0,0,2.0,cash,in-store,
2643,2025-04-26,Saturday,P08,Chocolate Chip Cookie,Cookie,1,2.0,0,2.0,upi,in-store,C0036
2643,2025-04-26,Saturday,P02,Baguette,Bread,1,3.25,0,3.25,upi,in-store,C0036
2644,2025-04-27,Sunday,P06,Cinnamon Roll,Pastry,1,3.75,0,3.75,upi,in-store,C0039
2644,2025-04-27,Sunday,P14,Rye Loaf,Bread,1,4.9,0,4.9,upi,in-store,C0039
2644,2025-04-27,Sunday,P11,Cupcake (single),Cake,1,3.25,0,3.25,upi,in-store,C0039
2644,2025-04-27,Sunday,P13,Bagel - Everything,Bread,1,2.5,0,2.5,upi,in-store,C0039
2645,2025-04-27,Sunday,P03,Whole Wheat Loaf,Bread,1,4.75,0,4.75,upi,online,C0115
2645,2025-04-27,Sunday,P05,Pain au Chocolat,Pastry,1,3.5,0,3.5,upi,online,C0115
2645,2025-04-27,Sunday,P08,Chocolate Chip Cookie,Cookie,1,2.0,0,2.0,upi,online,C0115
2646,2025-04-27,Sunday,P15,Scone - Blueberry,Pastry,1,3.0,0,3.0,cash,in-store,
2646,2025-04-27,Sunday,P08,Chocolate Chip Cookie,Cookie,1,2.0,0,2.0,cash,in-store,
2647,2025-04-27,Sunday,P05,Pain au Chocolat,Pastry,1,3.5,0,3.5,cash,in-store,
2647,2025-04-27,Sunday,P09,Oatmeal Raisin Cookie,Cookie,1,2.0,0,2.0,cash,in-store,
2648,2025-04-27,Sunday,P05,Pain au Chocolat,Pastry,1,3.5,0,3.5,upi,in-store,
2649,2025-04-27,Sunday,P14,Rye Loaf,Bread,3,4.9,0,14.7,cash,in-store,C0126
2650,2025-04-27,Sunday,P08,Chocolate Chip Cookie,Cookie,2,2.0,0,4.0,card,in-store,C0028
2652,2025-04-27,Sunday,P11,Cupcake (single),Cake,1,3.25,0,3.25,upi,in-store,
2653,2025-04-27,Sunday,P06,Cinnamon Roll,Pastry,1,3.75,0,3.75,upi,in-store,C0126
2654,2025-04-27,Sunday,P06,Cinnamon Roll,Pastry,1,3.75,0,3.75,upi,in-store,C0008
2655,2025-04-27,Sunday,P03,Whole Wheat Loaf,Bread,1,4.75,0,4.75,upi,in-store,C0058
2655,2025-04-27,Sunday,P04,Croissant,Pastry,1,3.0,0,3.0,upi,in-store,C0058
2656,2025-04-27,Sunday,P11,Cupcake (single),Cake,1,3.25,0,3.25,upi,in-store,C0098
2657,2025-04-27,Sunday,P15,Scone - Blueberry,Pastry,1,3.0,0,3.0,cash,in-store,C0074
2659,2025-04-27,Sunday,P02,Baguette,Bread,3,3.25,0,9.75,upi,online,
2660,2025-04-27,Sunday,P08,Chocolate Chip Cookie,Cookie,1,2.0,0,2.0,card,in-store,C0074
2661,2025-04-27,Sunday,P14,Rye Loaf,Bread,1,4.9,0,4.9,card,in-store,C0012
2662,2025-04-27,Sunday,P04,Croissant,Pastry,1,3.0,0,3.0,cash,in-store,C0060
2662,2025-04-27,Sunday,P12,Bagel - Plain,Bread,1,2.25,0,2.25,cash,in-store,C0060
2663,2025-04-27,Sunday,P15,Scone - Blueberry,Pastry,3,3.0,0,9.0,upi,in-store,C0113
2663,2025-04-27,Sunday,P07,Blueberry Muffin,Pastry,1,2.75,0,2.75,upi,in-store,C0113
2663,2025-04-27,Sunday,P03,Whole Wheat Loaf,Bread,2,4.75,0,9.5,upi,in-store,C0113
2663,2025-04-27,Sunday,P06,Cinnamon Roll,Pastry,1,3.75,0,3.75,upi,in-store,C0113
2664,2025-04-27,Sunday,P05,Pain au Chocolat,Pastry,1,3.5,0,3.5,card,in-store,C0039
2665,2025-04-27,Sunday,P13,Bagel - Everything,Bread,1,2.5,0,2.5,upi,catering,
2666,2025-04-27,Sunday,P04,Croissant,Pastry,2,3.0,0,6.0,card,online,C0012
2666,2025-04-27,Sunday,P10,Birthday Cake (whole),Cake,1,32.0,0,32.0,card,online,C0012
2667,2025-04-27,Sunday,P13,Bagel - Everything,Bread,1,2.5,0,2.5,card,in-store,
2667,2025-04-27,Sunday,P10,Birthday Cake (whole),Cake,1,32.0,0,32.0,card,in-store,
2667,2025-04-27,Sunday,P01,Sourdough Loaf,Bread,1,4.5,0,4.5,card,in-store,
2668,2025-04-27,Sunday,P04,Croissant,Pastry,1,3.0,0,3.0,upi,in-store,C0016
2669,2025-04-27,Sunday,P15,Scone - Blueberry,Pastry,3,3.0,0,9.0,card,in-store,
2670,2025-04-28,Monday,P06,Cinnamon Roll,Pastry,1,3.75,0,3.75,cash,in-store,
2672,2025-04-28,Monday,P07,Blueberry Muffin,Pastry,2,2.75,0,5.5,cash,in-store,C0017
2673,2025-04-28,Monday,P06,Cinnamon Roll,Pastry,1,3.75,0,3.75,card,in-store,
2674,2025-04-28,Monday,P11,Cupcake (single),Cake,1,3.25,0,3.25,card,in-store,C0021
2675,2025-04-28,Monday,P01,Sourdough Loaf,Bread,1,4.5,0,4.5,upi,in-store,C0086
2675,2025-04-28,Monday,P15,Scone - Blueberry,Pastry,1,3.0,0,3.0,upi,in-store,C0086
2676,2025-04-28,Monday,P15,Scone - Blueberry,Pastry,1,3.0,0,3.0,upi,catering,
2676,2025-04-28,Monday,P07,Blueberry Muffin,Pastry,1,2.75,0,2.75,upi,catering,
2678,2025-04-28,Monday,P03,Whole Wheat Loaf,Bread,1,4.75,0,4.75,cash,in-store,C0036
2679,2025-04-28,Monday,P06,Cinnamon Roll,Pastry,1,3.75,0,3.75,upi,in-store,C0050
2680,2025-04-28,Monday,P15,Scone - Blueberry,Pastry,1,3.0,0,3.0,cash,online,C0064
2681,2025-04-28,Monday,P12,Bagel - Plain,Bread,1,2.25,0,2.25,cash,in-store,
2681,2025-04-28,Monday,P10,Birthday Cake (whole),Cake,1,32.0,0,32.0,cash,in-store,
2682,2025-04-28,Monday,P06,Cinnamon Roll,Pastry,1,3.75,0,3.75,upi,online,C0028
2682,2025-04-28,Monday,P02,Baguette,Bread,1,3.25,0,3.25,upi,online,C0028
2684,2025-04-28,Monday,P12,Bagel - Plain,Bread,3,2.25,0,6.75,cash,catering,
2684,2025-04-28,Monday,P10,Birthday Cake (whole),Cake,1,32.0,0,32.0,cash,catering,
2685,2025-04-29,Tuesday,P15,Scone - Blueberry,Pastry,1,3.0,0,3.0,upi,in-store,C0026
2685,2025-04-29,Tuesday,P11,Cupcake (single),Cake,1,3.25,0,3.25,upi,in-store,C0026
2686,2025-04-29,Tuesday,P07,Blueberry Muffin,Pastry,1,2.75,0,2.75,upi,in-store,
2687,2025-04-29,Tuesday,P15,Scone - Blueberry,Pastry,2,3.0,0,6.0,upi,online,C0015
2688,2025-04-29,Tuesday,P07,Blueberry Muffin,Pastry,1,2.75,0,2.75,upi,in-store,C0105
2689,2025-04-29,Tuesday,P03,Whole Wheat Loaf,Bread,3,4.75,0,14.25,cash,online,
2690,2025-04-29,Tuesday,P14,Rye Loaf,Bread,1,4.9,0,4.9,upi,in-store,C0004
2690,2025-04-29,Tuesday,P07,Blueberry Muffin,Pastry,1,2.75,0,2.75,upi,in-store,C0004
2692,2025-04-29,Tuesday,P15,Scone - Blueberry,Pastry,1,3.0,0,3.0,card,in-store,
2694,2025-04-29,Tuesday,P02,Baguette,Bread,1,3.25,0,3.25,upi,in-store,C0113
2695,2025-04-30,Wednesday,P10,Birthday Cake (whole),Cake,1,32.0,0,32.0,cash,in-store,C0041
2695,2025-04-30,Wednesday,P02,Baguette,Bread,1,3.25,0,3.25,cash,in-store,C0041
2695,2025-04-30,Wednesday,P04,Croissant,Pastry,2,3.0,0,6.0,cash,in-store,C0041
2695,2025-04-30,Wednesday,P15,Scone - Blueberry,Pastry,3,3.0,0,9.0,cash,in-store,C0041
2697,2025-04-30,Wednesday,P03,Whole Wheat Loaf,Bread,1,4.75,0,4.75,card,in-store,C0032
2697,2025-04-30,Wednesday,P05,Pain au Chocolat,Pastry,2,3.5,0,7.0,card,in-store,C0032
2698,2025-04-30,Wednesday,P07,Blueberry Muffin,Pastry,1,2.75,0,2.75,upi,in-store,C0062
2699,2025-04-30,Wednesday,P03,Whole Wheat Loaf,Bread,1,4.75,0,4.75,upi,in-store,C0015
2699,2025-04-30,Wednesday,P15,Scone - Blueberry,Pastry,3,3.0,0,9.0,upi,in-store,C0015
2699,2025-04-30,Wednesday,P14,Rye Loaf,Bread,1,4.9,0,4.9,upi,in-store,C0015
2700,2025-04-30,Wednesday,P05,Pain au Chocolat,Pastry,1,3.5,0,3.5,cash,in-store,
2700,2025-04-30,Wednesday,P09,Oatmeal Raisin Cookie,Cookie,3,2.0,0,6.0,cash,in-store,
2700,2025-04-30,Wednesday,P15,Scone - Blueberry,Pastry,1,3.0,0,3.0,cash,in-store,
2703,2025-04-30,Wednesday,P14,Rye Loaf,Bread,3,4.9,0,14.7,card,in-store,
2703,2025-04-30,Wednesday,P09,Oatmeal Raisin Cookie,Cookie,1,2.0,0,2.0,card,in-store,
2704,2025-04-30,Wednesday,P12,Bagel - Plain,Bread,3,2.25,0,6.75,upi,in-store,
2705,2025-04-30,Wednesday,P05,Pain au Chocolat,Pastry,1,3.5,0,3.5,upi,in-store,
2705,2025-04-30,Wednesday,P08,Chocolate Chip Cookie,Cookie,1,2.0,0,2.0,upi,in-store,
2708,2025-05-01,Thursday,P07,Blueberry Muffin,Pastry,1,2.75,0,2.75,card,online,C0020
2708,2025-05-01,Thursday,P07,Blueberry Muffin,Pastry,3,2.75,0,8.25,card,online,C0020
2708,2025-05-01,Thursday,P09,Oatmeal Raisin Cookie,Cookie,1,2.0,0,2.0,card,online,C0020
2709,2025-05-01,Thursday,P07,Blueberry Muffin,Pastry,3,2.75,0,8.25,upi,in-store,C0048
2709,2025-05-01,Thursday,P14,Rye Loaf,Bread,1,4.9,0,4.9,upi,in-store,C0048
2710,2025-05-01,Thursday,P07,Blueberry Muffin,Pastry,1,2.75,0,2.75,card,in-store,C0091
2712,2025-05-01,Thursday,P02,Baguette,Bread,1,3.25,0,3.25,card,in-store,C0110
2713,2025-05-01,Thursday,P11,Cupcake (single),Cake,1,3.25,0,3.25,cash,in-store,
2716,2025-05-01,Thursday,P12,Bagel - Plain,Bread,1,2.25,0,2.25,card,catering,C0031
2716,2025-05-01,Thursday,P05,Pain au Chocolat,Pastry,1,3.5,0,3.5,card,catering,C0031
2717,2025-05-01,Thursday,P07,Blueberry Muffin,Pastry,1,2.75,0,2.75,upi,in-store,C0070
2717,2025-05-01,Thursday,P15,Scone - Blueberry,Pastry,1,3.0,0,3.0,upi,in-store,C0070
2718,2025-05-01,Thursday,P10,Birthday Cake (whole),Cake,1,32.0,0,32.0,cash,in-store,C0046
2720,2025-05-02,Friday,P12,Bagel - Plain,Bread,1,2.25,0,2.25,upi,in-store,C0006
2720,2025-05-02,Friday,P12,Bagel - Plain,Bread,1,2.25,0,2.25,upi,in-store,C0006
2720,2025-05-02,Friday,P07,Blueberry Muffin,Pastry,1,2.75,0,2.75,upi,in-store,C0006
2721,2025-05-02,Friday,P15,Scone - Blueberry,Pastry,3,3.0,0,9.0,cash,catering,C0076
2721,2025-05-02,Friday,P03,Whole Wheat Loaf,Bread,3,4.75,0,14.25,cash,catering,C0076
2722,2025-05-02,Friday,P06,Cinnamon Roll,Pastry,1,3.75,0,3.75,card,catering,
2723,2025-05-02,Friday,P05,Pain au Chocolat,Pastry,1,3.5,0,3.5,upi,in-store,
2723,2025-05-02,Friday,P09,Oatmeal Raisin Cookie,Cookie,1,2.0,0,2.0,upi,in-store,
2724,2025-05-02,Friday,P09,Oatmeal Raisin Cookie,Cookie,1,2.0,0,2.0,cash,in-store,C0117
2725,2025-05-02,Friday,P10,Birthday Cake (whole),Cake,1,32.0,0,32.0,card,in-store,C0129
2725,2025-05-02,Friday,P02,Baguette,Bread,1,3.25,0,3.25,card,in-store,C0129
2726,2025-05-02,Friday,P07,Blueberry Muffin,Pastry,1,2.75,0,2.75,cash,in-store,
2727,2025-05-02,Friday,P09,Oatmeal Raisin Cookie,Cookie,1,2.0,0,2.0,card,in-store,C0115
2727,2025-05-02,Friday,P02,Baguette,Bread,2,3.25,0,6.5,card,in-store,C0115
2728,2025-05-02,Friday,P08,Chocolate Chip Cookie,Cookie,3,2.0,0,6.0,cash,in-store,C0108
2728,2025-05-02,Friday,P03,Whole Wheat Loaf,Bread,1,4.75,0,4.75,cash,in-store,C0108
2728,2025-05-02,Friday,P08,Chocolate Chip Cookie,Cookie,1,2.0,0,2.0,cash,in-store,C0108
2728,2025-05-02,Friday,P07,Blueberry Muffin,Pastry,1,2.75,0,2.75,cash,in-store,C0108
2729,2025-05-02,Friday,P14,Rye Loaf,Bread,1,4.9,0,4.9,card,in-store,C0101
2730,2025-05-02,Friday,P12,Bagel - Plain,Bread,3,2.25,0,6.75,card,online,
2730,2025-05-02,Friday,P14,Rye Loaf,Bread,3,4.9,0,14.7,card,online,
2730,2025-05-02,Friday,P08,Chocolate Chip Cookie,Cookie,2,2.0,0,4.0,card,online,
2731,2025-05-02,Friday,P07,Blueberry Muffin,Pastry,3,2.75,0,8.25,card,in-store,
2732,2025-05-02,Friday,P12,Bagel - Plain,Bread,2,2.25,0,4.5,upi,online,C0009
2732,2025-05-02,Friday,P08,Chocolate Chip Cookie,Cookie,1,2.0,0,2.0,upi,online,C0009
2735,2025-05-02,Friday,P07,Blueberry Muffin,Pastry,3,2.75,0,8.25,upi,online,C0033
2735,2025-05-02,Friday,P15,Scone - Blueberry,Pastry,1,3.0,0,3.0,upi,online,C0033
2736,2025-05-02,Friday,P02,Baguette,Bread,1,3.25,0,3.25,upi,in-store,C0051
2738,2025-05-02,Friday,P02,Baguette,Bread,1,3.25,0,3.25,card,in-store,
2738,2025-05-02,Friday,P03,Whole Wheat Loaf,Bread,1,4.75,0,4.75,card,in-store,
2738,2025-05-02,Friday,P07,Blueberry Muffin,Pastry,1,2.75,0,2.75,card,in-store,
2739,2025-05-02,Friday,P01,Sourdough Loaf,Bread,1,4.5,0,4.5,upi,in-store,
2739,2025-05-02,Friday,P02,Baguette,Bread,1,3.25,0,3.25,upi,in-store,
2739,2025-05-02,Friday,P01,Sourdough Loaf,Bread,1,4.5,0,4.5,upi,in-store,
2740,2025-05-02,Friday,P10,Birthday Cake (whole),Cake,1,32.0,0,32.0,card,online,
2741,2025-05-03,Saturday,P15,Scone - Blueberry,Pastry,3,3.0,0,9.0,cash,catering,C0107
2742,2025-05-03,Saturday,P13,Bagel - Everything,Bread,1,2.5,0,2.5,upi,in-store,C0085
2743,2025-05-03,Saturday,P07,Blueberry Muffin,Pastry,3,2.75,0,8.25,card,in-store,C0029
2744,2025-05-03,Saturday,P05,Pain au Chocolat,Pastry,1,3.5,0,3.5,card,in-store,C0069
2744,2025-05-03,Saturday,P12,Bagel - Plain,Bread,1,2.25,0,2.25,card,in-store,C0069
2745,2025-05-03,Saturday,P13,Bagel - Everything,Bread,1,2.5,0,2.5,card,in-store,
2746,2025-05-03,Saturday,P01,Sourdough Loaf,Bread,1,4.5,0,4.5,card,in-store,C0124
2746,2025-05-03,Saturday,P02,Baguette,Bread,1,3.25,0,3.25,card,in-store,C0124
2747,2025-05-03,Saturday,P14,Rye Loaf,Bread,1,4.9,0,4.9,upi,in-store,
2747,2025-05-03,Saturday,P04,Croissant,Pastry,1,3.0,0,3.0,upi,in-store,
2748,2025-05-03,Saturday,P14,Rye Loaf,Bread,1,4.9,0,4.9,card,in-store,C0094
2748,2025-05-03,Saturday,P03,Whole Wheat Loaf,Bread,2,4.75,0,9.5,card,in-store,C0094
2748,2025-05-03,Saturday,P15,Scone - Blueberry,Pastry,1,3.0,0,3.0,card,in-store,C0094
2748,2025-05-03,Saturday,P05,Pain au Chocolat,Pastry,1,3.5,0,3.5,card,in-store,C0094
2749,2025-05-03,Saturday,P09,Oatmeal Raisin Cookie,Cookie,1,2.0,0,2.0,cash,in-store,C0084
2749,2025-05-03,Saturday,P15,Scone - Blueberry,Pastry,1,3.0,0,3.0,cash,in-store,C0084
2749,2025-05-03,Saturday,P12,Bagel - Plain,Bread,2,2.25,0,4.5,cash,in-store,C0084
2749,2025-05-03,Saturday,P08,Chocolate Chip Cookie,Cookie,3,2.0,0,6.0,cash,in-store,C0084
2750,2025-05-03,Saturday,P08,Chocolate Chip Cookie,Cookie,1,2.0,0,2.0,cash,in-store,C0012
2751,2025-05-03,Saturday,P03,Whole Wheat Loaf,Bread,2,4.75,0,9.5,card,in-store,
2752,2025-05-03,Saturday,P05,Pain au Chocolat,Pastry,1,3.5,0,3.5,card,in-store,
2753,2025-05-03,Saturday,P04,Croissant,Pastry,1,3.0,0,3.0,card,in-store,C0001
2753,2025-05-03,Saturday,P14,Rye Loaf,Bread,1,4.9,0,4.9,card,in-store,C0001
2754,2025-05-04,Sunday,P14,Rye Loaf,Bread,2,4.9,0,9.8,cash,in-store,C0062
2755,2025-05-04,Sunday,P05,Pain au Chocolat,Pastry,1,3.5,0,3.5,card,in-store,
2755,2025-05-04,Sunday,P08,Chocolate Chip Cookie,Cookie,1,2.0,0,2.0,card,in-store,
2756,2025-05-04,Sunday,P03,Whole Wheat Loaf,Bread,1,4.75,0,4.75,cash,in-store,C0111
2757,2025-05-04,Sunday,P09,Oatmeal Raisin Cookie,Cookie,1,2.0,0,2.0,cash,in-store,
2757,2025-05-04,Sunday,P02,Baguette,Bread,1,3.25,0,3.25,cash,in-store,
2758,2025-05-04,Sunday,P08,Chocolate Chip Cookie,Cookie,1,2.0,0,2.0,card,online,C0080
2758,2025-05-04,Sunday,P07,Blueberry Muffin,Pastry,1,2.75,0,2.75,card,online,C0080
2759,2025-05-04,Sunday,P12,Bagel - Plain,Bread,1,2.25,0,2.25,card,in-store,C0091
2760,2025-05-04,Sunday,P08,Chocolate Chip Cookie,Cookie,1,2.0,0,2.0,upi,in-store,C0057
2760,2025-05-04,Sunday,P06,Cinnamon Roll,Pastry,1,3.75,0,3.75,upi,in-store,C0057
2760,2025-05-04,Sunday,P12,Bagel - Plain,Bread,1,2.25,0,2.25,upi,in-store,C0057
2761,2025-05-04,Sunday,P04,Croissant,Pastry,1,3.0,0,3.0,upi,in-store,
2761,2025-05-04,Sunday,P01,Sourdough Loaf,Bread,3,4.5,0,13.5,upi,in-store,
2762,2025-05-04,Sunday,P09,Oatmeal Raisin Cookie,Cookie,1,2.0,0,2.0,cash,in-store,
2763,2025-05-04,Sunday,P12,Bagel - Plain,Bread,2,2.25,0,4.5,cash,online,C0011
2763,2025-05-04,Sunday,P02,Baguette,Bread,1,3.25,0,3.25,cash,online,C0011
2764,2025-05-04,Sunday,P14,Rye Loaf,Bread,1,4.9,0,4.9,upi,online,
2764,2025-05-04,Sunday,P05,Pain au Chocolat,Pastry,3,3.5,0,10.5,upi,online,
2765,2025-05-04,Sunday,P14,Rye Loaf,Bread,1,4.9,0,4.9,upi,in-store,C0015
2766,2025-05-04,Sunday,P07,Blueberry Muffin,Pastry,1,2.75,0,2.75,upi,online,C0075
2767,2025-05-04,Sunday,P12,Bagel - Plain,Bread,1,2.25,0,2.25,cash,in-store,
2767,2025-05-04,Sunday,P07,Blueberry Muffin,Pastry,1,2.75,0,2.75,cash,in-store,
2768,2025-05-04,Sunday,P08,Chocolate Chip Cookie,Cookie,1,2.0,0,2.0,cash,in-store,C0013
2768,2025-05-04,Sunday,P13,Bagel - Everything,Bread,1,2.5,0,2.5,cash,in-store,C0013
2768,2025-05-04,Sunday,P05,Pain au Chocolat,Pastry,1,3.5,0,3.5,cash,in-store,C0013
2768,2025-05-04,Sunday,P12,Bagel - Plain,Bread,1,2.25,0,2.25,cash,in-store,C0013
2769,2025-05-04,Sunday,P09,Oatmeal Raisin Cookie,Cookie,3,2.0,0,6.0,cash,in-store,C0100
2769,2025-05-04,Sunday,P14,Rye Loaf,Bread,1,4.9,0,4.9,cash,in-store,C0100
2770,2025-05-04,Sunday,P04,Croissant,Pastry,1,3.0,0,3.0,upi,in-store,C0077
2771,2025-05-04,Sunday,P03,Whole Wheat Loaf,Bread,1,4.75,0,4.75,upi,in-store,C0013
2772,2025-05-04,Sunday,P08,Chocolate Chip Cookie,Cookie,1,2.0,0,2.0,card,online,C0068
2772,2025-05-04,Sunday,P06,Cinnamon Roll,Pastry,1,3.75,0,3.75,card,online,C0068
2773,2025-05-04,Sunday,P05,Pain au Chocolat,Pastry,1,3.5,0,3.5,upi,in-store,
2774,2025-05-04,Sunday,P03,Whole Wheat Loaf,Bread,1,4.75,0,4.75,card,in-store,
2774,2025-05-04,Sunday,P13,Bagel - Everything,Bread,1,2.5,0,2.5,card,in-store,
2775,2025-05-04,Sunday,P15,Scone - Blueberry,Pastry,3,3.0,0,9.0,upi,in-store,C0085
2775,2025-05-04,Sunday,P07,Blueberry Muffin,Pastry,3,2.75,0,8.25,upi,in-store,C0085
2775,2025-05-04,Sunday,P02,Baguette,Bread,1,3.25,0,3.25,upi,in-store,C0085
2776,2025-05-04,Sunday,P13,Bagel - Everything,Bread,1,2.5,0,2.5,cash,in-store,
2777,2025-05-04,Sunday,P15,Scone - Blueberry,Pastry,1,3.0,0,3.0,cash,in-store,
2777,2025-05-04,Sunday,P01,Sourdough Loaf,Bread,1,4.5,0,4.5,cash,in-store,
2777,2025-05-04,Sunday,P08,Chocolate Chip Cookie,Cookie,1,2.0,0,2.0,cash,in-store,
2778,2025-05-04,Sunday,P08,Chocolate Chip Cookie,Cookie,1,2.0,0,2.0,cash,in-store,C0063
2778,2025-05-04,Sunday,P12,Bagel - Plain,Bread,2,2.25,0,4.5,cash,in-store,C0063
2779,2025-05-05,Monday,P10,Birthday Cake (whole),Cake,1,32.0,0,32.0,card,catering,
2779,2025-05-05,Monday,P01,Sourdough Loaf,Bread,3,4.5,0,13.5,card,catering,
2779,2025-05-05,Monday,P02,Baguette,Bread,1,3.25,0,3.25,card,catering,
2780,2025-05-05,Monday,P01,Sourdough Loaf,Bread,1,4.5,0,4.5,upi,in-store,C0023
2781,2025-05-05,Monday,P14,Rye Loaf,Bread,1,4.9,0,4.9,upi,in-store,C0128
2782,2025-05-05,Monday,P14,Rye Loaf,Bread,1,4.9,0,4.9,card,in-store,C0015
2782,2025-05-05,Monday,P14,Rye Loaf,Bread,1,4.9,0,4.9,card,in-store,C0015
2782,2025-05-05,Monday,P08,Chocolate Chip Cookie,Cookie,2,2.0,0,4.0,card,in-store,C0015
2783,2025-05-05,Monday,P09,Oatmeal Raisin Cookie,Cookie,1,2.0,0,2.0,cash,in-store,C0013
2783,2025-05-05,Monday,P14,Rye Loaf,Bread,2,4.9,0,9.8,cash,in-store,C0013
2784,2025-05-05,Monday,P13,Bagel - Everything,Bread,1,2.5,0,2.5,upi,in-store,
2785,2025-05-05,Monday,P07,Blueberry Muffin,Pastry,1,2.75,0,2.75,card,in-store,C0042
2786,2025-05-05,Monday,P11,Cupcake (single),Cake,1,3.25,0,3.25,cash,online,
2786,2025-05-05,Monday,P04,Croissant,Pastry,3,3.0,0,9.0,cash,online,
2787,2025-05-05,Monday,P05,Pain au Chocolat,Pastry,2,3.5,0,7.0,upi,in-store,
2788,2025-05-05,Monday,P02,Baguette,Bread,1,3.25,0,3.25,upi,in-store,C0061
2789,2025-05-05,Monday,P01,Sourdough Loaf,Bread,1,4.5,0,4.5,cash,in-store,C0103
2790,2025-05-05,Monday,P07,Blueberry Muffin,Pastry,1,2.75,0,2.75,card,online,
2790,2025-05-05,Monday,P11,Cupcake (single),Cake,1,3.25,0,3.25,card,online,
2791,2025-05-05,Monday,P03,Whole Wheat Loaf,Bread,1,4.75,0,4.75,cash,in-store,
2791,2025-05-05,Monday,P07,Blueberry Muffin,Pastry,1,2.75,0,2.75,cash,in-store,
2792,2025-05-05,Monday,P08,Chocolate Chip Cookie,Cookie,1,2.0,0,2.0,upi,in-store,C0130
2793,2025-05-05,Monday,P03,Whole Wheat Loaf,Bread,1,4.75,0,4.75,upi,in-store,
2794,2025-05-05,Monday,P02,Baguette,Bread,1,3.25,0,3.25,card,online,
2795,2025-05-05,Monday,P15,Scone - Blueberry,Pastry,1,3.0,0,3.0,cash,online,C0117
2796,2025-05-05,Monday,P05,Pain au Chocolat,Pastry,3,3.5,0,10.5,card,in-store,
2797,2025-05-05,Monday,P03,Whole Wheat Loaf,Bread,2,4.75,0,9.5,card,in-store,
2798,2025-05-05,Monday,P15,Scone - Blueberry,Pastry,1,3.0,0,3.0,card,in-store,C0039
2799,2025-05-05,Monday,P15,Scone - Blueberry,Pastry,1,3.0,0,3.0,card,in-store,C0093
2800,2025-05-05,Monday,P15,Scone - Blueberry,Pastry,1,3.0,0,3.0,upi,online,C0047
2800,2025-05-05,Monday,P08,Chocolate Chip Cookie,Cookie,1,2.0,0,2.0,upi,online,C0047
2800,2025-05-05,Monday,P08,Chocolate Chip Cookie,Cookie,1,2.0,0,2.0,upi,online,C0047
2801,2025-05-05,Monday,P15,Scone - Blueberry,Pastry,1,3.0,0,3.0,card,in-store,
2802,2025-05-05,Monday,P15,Scone - Blueberry,Pastry,1,3.0,0,3.0,cash,online,C0106
2802,2025-05-05,Monday,P07,Blueberry Muffin,Pastry,1,2.75,0,2.75,cash,online,C0106
2803,2025-05-05,Monday,P03,Whole Wheat Loaf,Bread,1,4.75,0,4.75,card,in-store,C0083
2803,2025-05-05,Monday,P01,Sourdough Loaf,Bread,1,4.5,0,4.5,card,in-store,C0083
2804,2025-05-05,Monday,P04,Croissant,Pastry,1,3.0,0,3.0,upi,in-store,C0107
2804,2025-05-05,Monday,P15,Scone - Blueberry,Pastry,1,3.0,0,3.0,upi,in-store,C0107
2804,2025-05-05,Monday,P07,Blueberry Muffin,Pastry,1,2.75,0,2.75,upi,in-store,C0107
2805,2025-05-05,Monday,P10,Birthday Cake (whole),Cake,1,32.0,0,32.0,upi,in-store,C0019
2806,2025-05-06,Tuesday,P07,Blueberry Muffin,Pastry,1,2.75,0,2.75,cash,in-store,C0006
2806,2025-05-06,Tuesday,P13,Bagel - Everything,Bread,1,2.5,0,2.5,cash,in-store,C0006
2807,2025-05-06,Tuesday,P02,Baguette,Bread,3,3.25,0,9.75,upi,in-store,C0127
2808,2025-05-06,Tuesday,P10,Birthday Cake (whole),Cake,1,32.0,0,32.0,cash,in-store,C0029
2809,2025-05-06,Tuesday,P02,Baguette,Bread,3,3.25,0,9.75,card,in-store,
2810,2025-05-06,Tuesday,P06,Cinnamon Roll,Pastry,1,3.75,0,3.75,cash,in-store,
2811,2025-05-06,Tuesday,P06,Cinnamon Roll,Pastry,1,3.75,0,3.75,upi,in-store,C0047
2811,2025-05-06,Tuesday,P08,Chocolate Chip Cookie,Cookie,3,2.0,0,6.0,upi,in-store,C0047
2811,2025-05-06,Tuesday,P11,Cupcake (single),Cake,1,3.25,0,3.25,upi,in-store,C0047
2812,2025-05-06,Tuesday,P06,Cinnamon Roll,Pastry,1,3.75,0,3.75,card,online,C0019
2813,2025-05-06,Tuesday,P02,Baguette,Bread,1,3.25,0,3.25,card,in-store,C0099
2814,2025-05-06,Tuesday,P06,Cinnamon Roll,Pastry,1,3.75,0,3.75,cash,in-store,C0004
2815,2025-05-06,Tuesday,P13,Bagel - Everything,Bread,1,2.5,0,2.5,card,in-store,
2816,2025-05-06,Tuesday,P05,Pain au Chocolat,Pastry,1,3.5,0,3.5,cash,in-store,
2817,2025-05-06,Tuesday,P03,Whole Wheat Loaf,Bread,3,4.75,0,14.25,cash,online,
2818,2025-05-06,Tuesday,P04,Croissant,Pastry,1,3.0,0,3.0,upi,in-store,C0017
2819,2025-05-07,Wednesday,P03,Whole Wheat Loaf,Bread,1,4.75,0,4.75,cash,online,
2819,2025-05-07,Wednesday,P05,Pain au Chocolat,Pastry,1,3.5,0,3.5,cash,online,
2820,2025-05-07,Wednesday,P05,Pain au Chocolat,Pastry,1,3.5,0,3.5,card,in-store,
2821,2025-05-07,Wednesday,P09,Oatmeal Raisin Cookie,Cookie,1,2.0,0,2.0,card,in-store,C0080
2822,2025-05-07,Wednesday,P09,Oatmeal Raisin Cookie,Cookie,1,2.0,0,2.0,cash,in-store,
2822,2025-05-07,Wednesday,P04,Croissant,Pastry,1,3.0,0,3.0,cash,in-store,
2823,2025-05-07,Wednesday,P05,Pain au Chocolat,Pastry,1,3.5,0,3.5,cash,in-store,
2824,2025-05-07,Wednesday,P12,Bagel - Plain,Bread,1,2.25,0,2.25,upi,in-store,
2825,2025-05-07,Wednesday,P12,Bagel - Plain,Bread,2,2.25,0,4.5,cash,in-store,C0054
2826,2025-05-07,Wednesday,P04,Croissant,Pastry,1,3.0,0,3.0,card,in-store,C0006
2827,2025-05-07,Wednesday,P03,Whole Wheat Loaf,Bread,3,4.75,0,14.25,upi,online,C0111
2827,2025-05-07,Wednesday,P07,Blueberry Muffin,Pastry,3,2.75,0,8.25,upi,online,C0111
2828,2025-05-07,Wednesday,P05,Pain au Chocolat,Pastry,1,3.5,0,3.5,card,in-store,
2829,2025-05-07,Wednesday,P10,Birthday Cake (whole),Cake,1,32.0,0,32.0,cash,in-store,C0061
2830,2025-05-08,Thursday,P13,Bagel - Everything,Bread,1,2.5,0,2.5,upi,in-store,C0068
2830,2025-05-08,Thursday,P06,Cinnamon Roll,Pastry,3,3.75,0,11.25,upi,in-store,C0068
2830,2025-05-08,Thursday,P04,Croissant,Pastry,1,3.0,0,3.0,upi,in-store,C0068
2831,2025-05-08,Thursday,P15,Scone - Blueberry,Pastry,2,3.0,0,6.0,card,online,C0060
2831,2025-05-08,Thursday,P07,Blueberry Muffin,Pastry,1,2.75,0,2.75,card,online,C0060
2832,2025-05-08,Thursday,P02,Baguette,Bread,1,3.25,0,3.25,upi,in-store,C0033
2833,2025-05-08,Thursday,P14,Rye Loaf,Bread,2,4.9,0,9.8,upi,in-store,
2833,2025-05-08,Thursday,P02,Baguette,Bread,1,3.25,0,3.25,upi,in-store,
2834,2025-05-08,Thursday,P12,Bagel - Plain,Bread,1,2.25,0,2.25,upi,in-store,C0031
2836,2025-05-08,Thursday,P07,Blueberry Muffin,Pastry,1,2.75,0,2.75,card,in-store,
2836,2025-05-08,Thursday,P07,Blueberry Muffin,Pastry,1,2.75,0,2.75,card,in-store,
2836,2025-05-08,Thursday,P06,Cinnamon Roll,Pastry,1,3.75,0,3.75,card,in-store,
2837,2025-05-08,Thursday,P12,Bagel - Plain,Bread,1,2.25,0,2.25,card,in-store,
2838,2025-05-08,Thursday,P08,Chocolate Chip Cookie,Cookie,3,2.0,0,6.0,card,in-store,C0096
2838,2025-05-08,Thursday,P15,Scone - Blueberry,Pastry,1,3.0,0,3.0,card,in-store,C0096
2838,2025-05-08,Thursday,P03,Whole Wheat Loaf,Bread,1,4.75,0,4.75,card,in-store,C0096
2839,2025-05-08,Thursday,P15,Scone - Blueberry,Pastry,1,3.0,0,3.0,card,in-store,C0104
2840,2025-05-09,Friday,P14,Rye Loaf,Bread,1,4.9,0,4.9,upi,online,
2840,2025-05-09,Friday,P04,Croissant,Pastry,1,3.0,0,3.0,upi,online,
2840,2025-05-09,Friday,P07,Blueberry Muffin,Pastry,1,2.75,0,2.75,upi,online,
2841,2025-05-09,Friday,P08,Chocolate Chip Cookie,Cookie,2,2.0,0,4.0,card,in-store,C0115
2841,2025-05-09,Friday,P02,Baguette,Bread,1,3.25,0,3.25,card,in-store,C0115
2841,2025-05-09,Friday,P05,Pain au Chocolat,Pastry,1,3.5,0,3.5,card,in-store,C0115
2842,2025-05-09,Friday,P12,Bagel - Plain,Bread,1,2.25,0,2.25,upi,in-store,C0001
2843,2025-05-09,Friday,P04,Croissant,Pastry,1,3.0,0,3.0,card,in-store,
2844,2025-05-09,Friday,P14,Rye Loaf,Bread,1,4.9,0,4.9,upi,in-store,
2845,2025-05-09,Friday,P09,Oatmeal Raisin Cookie,Cookie,3,2.0,0,6.0,cash,in-store,C0011
2846,2025-05-09,Friday,P07,Blueberry Muffin,Pastry,2,2.75,0,5.5,cash,online,C0079
2846,2025-05-09,Friday,P07,Blueberry Muffin,Pastry,1,2.75,0,2.75,cash,online,C0079
2847,2025-05-09,Friday,P08,Chocolate Chip Cookie,Cookie,1,2.0,0,2.0,card,in-store,C0051
2848,2025-05-09,Friday,P06,Cinnamon Roll,Pastry,1,3.75,0,3.75,upi,in-store,C0070
2849,2025-05-09,Friday,P08,Chocolate Chip Cookie,Cookie,1,2.0,0,2.0,upi,in-store,
2849,2025-05-09,Friday,P12,Bagel - Plain,Bread,1,2.25,0,2.25,upi,in-store,
2849,2025-05-09,Friday,P05,Pain au Chocolat,Pastry,1,3.5,0,3.5,upi,in-store,
2850,2025-05-09,Friday,P01,Sourdough Loaf,Bread,2,4.5,0,9.0,card,online,C0010
2851,2025-05-09,Friday,P07,Blueberry Muffin,Pastry,1,2.75,0,2.75,card,in-store,C0034
2852,2025-05-09,Friday,P02,Baguette,Bread,1,3.25,0,3.25,card,online,C0126
2853,2025-05-09,Friday,P08,Chocolate Chip Cookie,Cookie,1,2.0,0,2.0,card,in-store,C0112
2853,2025-05-09,Friday,P13,Bagel - Everything,Bread,3,2.5,0,7.5,card,in-store,C0112
2854,2025-05-09,Friday,P05,Pain au Chocolat,Pastry,3,3.5,0,10.5,cash,in-store,
2855,2025-05-09,Friday,P11,Cupcake (single),Cake,1,3.25,0,3.25,upi,in-store,
2856,2025-05-10,Saturday,P03,Whole Wheat Loaf,Bread,3,4.75,0,14.25,cash,in-store,C0034
2857,2025-05-10,Saturday,P10,Birthday Cake (whole),Cake,1,32.0,0,32.0,cash,in-store,C0019
2857,2025-05-10,Saturday,P11,Cupcake (single),Cake,1,3.25,0,3.25,cash,in-store,C0019
2857,2025-05-10,Saturday,P14,Rye Loaf,Bread,2,4.9,0,9.8,cash,in-store,C0019
2858,2025-05-10,Saturday,P03,Whole Wheat Loaf,Bread,2,4.75,0,9.5,card,in-store,
2858,2025-05-10,Saturday,P06,Cinnamon Roll,Pastry,3,3.75,0,11.25,card,in-store,
2858,2025-05-10,Saturday,P10,Birthday Cake (whole),Cake,1,32.0,0,32.0,card,in-store,
2860,2025-05-10,Saturday,P12,Bagel - Plain,Bread,1,2.25,0,2.25,upi,in-store,C0081
2860,2025-05-10,Saturday,P12,Bagel - Plain,Bread,1,2.25,0,2.25,upi,in-store,C0081
2860,2025-05-10,Saturday,P05,Pain au Chocolat,Pastry,1,3.5,0,3.5,upi,in-store,C0081
2861,2025-05-10,Saturday,P08,Chocolate Chip Cookie,Cookie,1,2.0,0,2.0,upi,online,C0113
2861,2025-05-10,Saturday,P01,Sourdough Loaf,Bread,1,4.5,0,4.5,upi,online,C0113
2863,2025-05-10,Saturday,P11,Cupcake (single),Cake,1,3.25,0,3.25,upi,online,C0049
2865,2025-05-10,Saturday,P04,Croissant,Pastry,1,3.0,0,3.0,upi,in-store,C0057
2865,2025-05-10,Saturday,P07,Blueberry Muffin,Pastry,3,2.75,0,8.25,upi,in-store,C0057
2866,2025-05-10,Saturday,P01,Sourdough Loaf,Bread,3,4.5,0,13.5,card,in-store,
2867,2025-05-10,Saturday,P15,Scone - Blueberry,Pastry,1,3.0,0,3.0,upi,in-store,C0111
2868,2025-05-10,Saturday,P09,Oatmeal Raisin Cookie,Cookie,1,2.0,0,2.0,upi,online,
2869,2025-05-10,Saturday,P12,Bagel - Plain,Bread,1,2.25,0,2.25,cash,in-store,C0115
2869,2025-05-10,Saturday,P08,Chocolate Chip Cookie,Cookie,3,2.0,0,6.0,cash,in-store,C0115
2870,2025-05-10,Saturday,P05,Pain au Chocolat,Pastry,1,3.5,0,3.5,card,online,C0036
2871,2025-05-10,Saturday,P01,Sourdough Loaf,Bread,3,4.5,0,13.5,cash,in-store,C0064
2872,2025-05-10,Saturday,P01,Sourdough Loaf,Bread,2,4.5,0,9.0,upi,in-store,C0069
2873,2025-05-10,Saturday,P14,Rye Loaf,Bread,1,4.9,0,4.9,upi,in-store,C0035
2873,2025-05-10,Saturday,P03,Whole Wheat Loaf,Bread,1,4.75,0,4.75,upi,in-store,C0035
2874,2025-05-10,Saturday,P08,Chocolate Chip Cookie,Cookie,1,2.0,0,2.0,upi,in-store,
2874,2025-05-10,Saturday,P01,Sourdough Loaf,Bread,1,4.5,0,4.5,upi,in-store,
2874,2025-05-10,Saturday,P01,Sourdough Loaf,Bread,1,4.5,0,4.5,upi,in-store,
2876,2025-05-10,Saturday,P03,Whole Wheat Loaf,Bread,1,4.75,0,4.75,upi,in-store,C0014
2877,2025-05-10,Saturday,P07,Blueberry Muffin,Pastry,1,2.75,0,2.75,card,in-store,C0113
2878,2025-05-10,Saturday,P06,Cinnamon Roll,Pastry,1,3.75,0,3.75,upi,in-store,
2879,2025-05-10,Saturday,P02,Baguette,Bread,1,3.25,0,3.25,upi,online,C0075
2879,2025-05-10,Saturday,P15,Scone - Blueberry,Pastry,3,3.0,0,9.0,upi,online,C0075
2880,2025-05-11,Sunday,P04,Croissant,Pastry,1,3.0,0,3.0,cash,in-store,C0111
2881,2025-05-11,Sunday,P02,Baguette,Bread,1,3.25,0,3.25,card,in-store,C0033
2882,2025-05-11,Sunday,P05,Pain au Chocolat,Pastry,3,3.5,0,10.5,upi,in-store,C0040
2882,2025-05-11,Sunday,P08,Chocolate Chip Cookie,Cookie,1,2.0,0,2.0,upi,in-store,C0040
2883,2025-05-11,Sunday,P09,Oatmeal Raisin Cookie,Cookie,1,2.0,0,2.0,card,online,
2883,2025-05-11,Sunday,P09,Oatmeal Raisin Cookie,Cookie,1,2.0,0,2.0,card,online,
2884,2025-05-11,Sunday,P08,Chocolate Chip Cookie,Cookie,1,2.0,0,2.0,upi,in-store,
2884,2025-05-11,Sunday,P11,Cupcake (single),Cake,1,3.25,0,3.25,upi,in-store,
2885,2025-05-11,Sunday,P07,Blueberry Muffin,Pastry,3,2.75,0,8.25,upi,online,
2885,2025-05-11,Sunday,P03,Whole Wheat Loaf,Bread,1,4.75,0,4.75,upi,online,
2886,2025-05-11,Sunday,P09,Oatmeal Raisin Cookie,Cookie,1,2.0,0,2.0,cash,in-store,C0096
2886,2025-05-11,Sunday,P05,Pain au Chocolat,Pastry,1,3.5,0,3.5,cash,in-store,C0096
2886,2025-05-11,Sunday,P10,Birthday Cake (whole),Cake,1,32.0,0,32.0,cash,in-store,C0096
2887,2025-05-11,Sunday,P09,Oatmeal Raisin Cookie,Cookie,1,2.0,0,2.0,upi,catering,C0100
2887,2025-05-11,Sunday,P04,Croissant,Pastry,2,3.0,0,6.0,upi,catering,C0100
2887,2025-05-11,Sunday,P12,Bagel - Plain,Bread,1,2.25,0,2.25,upi,catering,C0100
2888,2025-05-11,Sunday,P05,Pain au Chocolat,Pastry,1,3.5,0,3.5,upi,in-store,C0026
2889,2025-05-11,Sunday,P10,Birthday Cake (whole),Cake,1,32.0,0,32.0,card,in-store,
2890,2025-05-11,Sunday,P12,Bagel - Plain,Bread,2,2.25,0,4.5,card,in-store,C0117
2891,2025-05-11,Sunday,P10,Birthday Cake (whole),Cake,1,32.0,0,32.0,card,online,
2891,2025-05-11,Sunday,P05,Pain au Chocolat,Pastry,2,3.5,0,7.0,card,online,
2892,2025-05-11,Sunday,P04,Croissant,Pastry,1,3.0,0,3.0,cash,in-store,
2893,2025-05-11,Sunday,P06,Cinnamon Roll,Pastry,1,3.75,0,3.75,upi,in-store,C0042
2894,2025-05-11,Sunday,P04,Croissant,Pastry,1,3.0,0,3.0,card,in-store,C0045
2894,2025-05-11,Sunday,P08,Chocolate Chip Cookie,Cookie,3,2.0,0,6.0,card,in-store,C0045
2895,2025-05-11,Sunday,P08,Chocolate Chip Cookie,Cookie,1,2.0,0,2.0,upi,in-store,C0099
2896,2025-05-11,Sunday,P08,Chocolate Chip Cookie,Cookie,1,2.0,0,2.0,card,in-store,C0098
2896,2025-05-11,Sunday,P09,Oatmeal Raisin Cookie,Cookie,1,2.0,0,2.0,card,in-store,C0098
2897,2025-05-11,Sunday,P05,Pain au Chocolat,Pastry,3,3.5,0,10.5,upi,in-store,
2897,2025-05-11,Sunday,P15,Scone - Blueberry,Pastry,1,3.0,0,3.0,upi,in-store,
2897,2025-05-11,Sunday,P07,Blueberry Muffin,Pastry,1,2.75,0,2.75,upi,in-store,
2898,2025-05-11,Sunday,P15,Scone - Blueberry,Pastry,1,3.0,0,3.0,card,in-store,C0068
2900,2025-05-11,Sunday,P11,Cupcake (single),Cake,1,3.25,0,3.25,card,in-store,C0082
2900,2025-05-11,Sunday,P11,Cupcake (single),Cake,1,3.25,0,3.25,card,in-store,C0082
2901,2025-05-11,Sunday,P10,Birthday Cake (whole),Cake,1,32.0,0,32.0,card,in-store,C0024
2901,2025-05-11,Sunday,P07,Blueberry Muffin,Pastry,3,2.75,0,8.25,card,in-store,C0024
2902,2025-05-11,Sunday,P11,Cupcake (single),Cake,1,3.25,0,3.25,upi,in-store,C0034
2903,2025-05-11,Sunday,P05,Pain au Chocolat,Pastry,1,3.5,0,3.5,cash,online,
2904,2025-05-11,Sunday,P08,Chocolate Chip Cookie,Cookie,1,2.0,0,2.0,cash,in-store,C0045
2904,2025-05-11,Sunday,P14,Rye Loaf,Bread,1,4.9,0,4.9,cash,in-store,C0045
2905,2025-05-11,Sunday,P14,Rye Loaf,Bread,1,4.9,0,4.9,card,in-store,C0088
2905,2025-05-11,Sunday,P04,Croissant,Pastry,2,3.0,0,6.0,card,in-store,C0088
2906,2025-05-11,Sunday,P15,Scone - Blueberry,Pastry,1,3.0,0,3.0,upi,in-store,C0026
2906,2025-05-11,Sunday,P07,Blueberry Muffin,Pastry,1,2.75,0,2.75,upi,in-store,C0026
2907,2025-05-11,Sunday,P07,Blueberry Muffin,Pastry,1,2.75,0,2.75,card,in-store,C0126
2908,2025-05-11,Sunday,P04,Croissant,Pastry,2,3.0,0,6.0,upi,in-store,C0098
2908,2025-05-11,Sunday,P08,Chocolate Chip Cookie,Cookie,1,2.0,0,2.0,upi,in-store,C0098
2908,2025-05-11,Sunday,P03,Whole Wheat Loaf,Bread,1,4.75,0,4.75,upi,in-store,C0098
2909,2025-05-11,Sunday,P08,Chocolate Chip Cookie,Cookie,1,2.0,0,2.0,card,in-store,C0048
2910,2025-05-11,Sunday,P10,Birthday Cake (whole),Cake,1,32.0,0,32.0,card,online,C0126
2911,2025-05-11,Sunday,P14,Rye Loaf,Bread,1,4.9,0,4.9,cash,in-store,C0085
2912,2025-05-11,Sunday,P05,Pain au Chocolat,Pastry,1,3.5,0,3.5,cash,in-store,C0026
2912,2025-05-11,Sunday,P04,Croissant,Pastry,1,3.0,0,3.0,cash,in-store,C0026
2912,2025-05-11,Sunday,P14,Rye Loaf,Bread,1,4.9,0,4.9,cash,in-store,C0026
2913,2025-05-11,Sunday,P05,Pain au Chocolat,Pastry,1,3.5,0,3.5,cash,catering,
2914,2025-05-11,Sunday,P15,Scone - Blueberry,Pastry,1,3.0,0,3.0,upi,in-store,C0081
2914,2025-05-11,Sunday,P14,Rye Loaf,Bread,1,4.9,0,4.9,upi,in-store,C0081
2915,2025-05-11,Sunday,P01,Sourdough Loaf,Bread,1,4.5,0,4.5,card,in-store,
2916,2025-05-11,Sunday,P14,Rye Loaf,Bread,2,4.9,0,9.8,card,in-store,
2916,2025-05-11,Sunday,P14,Rye Loaf,Bread,1,4.9,0,4.9,card,in-store,
2917,2025-05-11,Sunday,P08,Chocolate Chip Cookie,Cookie,3,2.0,0,6.0,cash,in-store,
2917,2025-05-11,Sunday,P14,Rye Loaf,Bread,1,4.9,0,4.9,cash,in-store,
2918,2025-05-11,Sunday,P15,Scone - Blueberry,Pastry,2,3.0,0,6.0,card,in-store,
2918,2025-05-11,Sunday,P01,Sourdough Loaf,Bread,3,4.5,0,13.5,card,in-store,
2919,2025-05-11,Sunday,P03,Whole Wheat Loaf,Bread,1,4.75,0,4.75,cash,in-store,
2919,2025-05-11,Sunday,P11,Cupcake (single),Cake,1,3.25,0,3.25,cash,in-store,
2919,2025-05-11,Sunday,P09,Oatmeal Raisin Cookie,Cookie,1,2.0,0,2.0,cash,in-store,
2921,2025-05-11,Sunday,P05,Pain au Chocolat,Pastry,1,3.5,0,3.5,cash,in-store,C0030
2922,2025-05-11,Sunday,P05,Pain au Chocolat,Pastry,1,3.5,0,3.5,upi,in-store,
2922,2025-05-11,Sunday,P08,Chocolate Chip Cookie,Cookie,3,2.0,0,6.0,upi,in-store,
2922,2025-05-11,Sunday,P08,Chocolate Chip Cookie,Cookie,1,2.0,0,2.0,upi,in-store,
2922,2025-05-11,Sunday,P14,Rye Loaf,Bread,1,4.9,0,4.9,upi,in-store,
2923,2025-05-11,Sunday,P05,Pain au Chocolat,Pastry,3,3.5,0,10.5,upi,catering,C0016
2923,2025-05-11,Sunday,P05,Pain au Chocolat,Pastry,1,3.5,0,3.5,upi,catering,C0016
2924,2025-05-11,Sunday,P10,Birthday Cake (whole),Cake,1,32.0,0,32.0,cash,in-store,
2924,2025-05-11,Sunday,P10,Birthday Cake (whole),Cake,1,32.0,0,32.0,cash,in-store,
2925,2025-05-11,Sunday,P12,Bagel - Plain,Bread,1,2.25,0,2.25,card,in-store,C0018
2925,2025-05-11,Sunday,P04,Croissant,Pastry,1,3.0,0,3.0,card,in-store,C0018
2926,2025-05-11,Sunday,P03,Whole Wheat Loaf,Bread,1,4.75,0,4.75,card,in-store,
2927,2025-05-11,Sunday,P07,Blueberry Muffin,Pastry,1,2.75,0,2.75,upi,in-store,
2929,2025-05-12,Monday,P03,Whole Wheat Loaf,Bread,1,4.75,0,4.75,card,online,
2930,2025-05-12,Monday,P09,Oatmeal Raisin Cookie,Cookie,1,2.0,0,2.0,upi,online,C0079
2931,2025-05-12,Monday,P04,Croissant,Pastry,2,3.0,0,6.0,upi,online,C0004
2931,2025-05-12,Monday,P03,Whole Wheat Loaf,Bread,1,4.75,0,4.75,upi,online,C0004
2931,2025-05-12,Monday,P12,Bagel - Plain,Bread,3,2.25,0,6.75,upi,online,C0004
2932,2025-05-12,Monday,P05,Pain au Chocolat,Pastry,1,3.5,0,3.5,card,in-store,
2932,2025-05-12,Monday,P05,Pain au Chocolat,Pastry,1,3.5,0,3.5,card,in-store,
2933,2025-05-12,Monday,P04,Croissant,Pastry,3,3.0,0,9.0,cash,in-store,
2934,2025-05-12,Monday,P08,Chocolate Chip Cookie,Cookie,1,2.0,0,2.0,card,catering,C0115
2935,2025-05-12,Monday,P12,Bagel - Plain,Bread,3,2.25,0,6.75,upi,in-store,
2936,2025-05-12,Monday,P02,Baguette,Bread,1,3.25,0,3.25,upi,in-store,
2936,2025-05-12,Monday,P09,Oatmeal Raisin Cookie,Cookie,1,2.0,0,2.0,upi,in-store,
2937,2025-05-12,Monday,P03,Whole Wheat Loaf,Bread,1,4.75,0,4.75,upi,in-store,C0121
2937,2025-05-12,Monday,P05,Pain au Chocolat,Pastry,1,3.5,0,3.5,upi,in-store,C0121
2938,2025-05-12,Monday,P02,Baguette,Bread,1,3.25,0,3.25,upi,in-store,
2939,2025-05-12,Monday,P06,Cinnamon Roll,Pastry,1,3.75,0,3.75,upi,online,C0069
2939,2025-05-12,Monday,P14,Rye Loaf,Bread,1,4.9,0,4.9,upi,online,C0069
2940,2025-05-13,Tuesday,P03,Whole Wheat Loaf,Bread,1,4.75,0,4.75,upi,in-store,C0083
2941,2025-05-13,Tuesday,P14,Rye Loaf,Bread,1,4.9,0,4.9,upi,in-store,C0056
2941,2025-05-13,Tuesday,P13,Bagel - Everything,Bread,1,2.5,0,2.5,upi,in-store,C0056
2942,2025-05-13,Tuesday,P06,Cinnamon Roll,Pastry,2,3.75,0,7.5,upi,in-store,
2943,2025-05-13,Tuesday,P08,Chocolate Chip Cookie,Cookie,1,2.0,0,2.0,card,in-store,C0053
2943,2025-05-13,Tuesday,P07,Blueberry Muffin,Pastry,1,2.75,0,2.75,card,in-store,C0053
2944,2025-05-13,Tuesday,P02,Baguette,Bread,1,3.25,0,3.25,cash,in-store,
2944,2025-05-13,Tuesday,P02,Baguette,Bread,1,3.25,0,3.25,cash,in-store,
2945,2025-05-13,Tuesday,P07,Blueberry Muffin,Pastry,1,2.75,0,2.75,upi,in-store,C0045
2947,2025-05-13,Tuesday,P02,Baguette,Bread,1,3.25,0,3.25,cash,in-store,
2948,2025-05-13,Tuesday,P08,Chocolate Chip Cookie,Cookie,1,2.0,0,2.0,upi,in-store,C0050
2948,2025-05-13,Tuesday,P14,Rye Loaf,Bread,1,4.9,0,4.9,upi,in-store,C0050
2949,2025-05-13,Tuesday,P06,Cinnamon Roll,Pastry,1,3.75,0,3.75,upi,in-store,
2950,2025-05-13,Tuesday,P09,Oatmeal Raisin Cookie,Cookie,2,2.0,0,4.0,cash,in-store,C0083
2951,2025-05-13,Tuesday,P15,Scone - Blueberry,Pastry,1,3.0,0,3.0,upi,in-store,
2951,2025-05-13,Tuesday,P12,Bagel - Plain,Bread,1,2.25,0,2.25,upi,in-store,
2952,2025-05-14,Wednesday,P10,Birthday Cake (whole),Cake,1,32.0,0,32.0,card,in-store,
2953,2025-05-14,Wednesday,P12,Bagel - Plain,Bread,1,2.25,0,2.25,upi,in-store,
2954,2025-05-14,Wednesday,P07,Blueberry Muffin,Pastry,1,2.75,0,2.75,upi,in-store,C0100
2954,2025-05-14,Wednesday,P15,Scone - Blueberry,Pastry,1,3.0,0,3.0,upi,in-store,C0100
2955,2025-05-14,Wednesday,P07,Blueberry Muffin,Pastry,1,2.75,0,2.75,upi,in-store,C0106
2955,2025-05-14,Wednesday,P11,Cupcake (single),Cake,1,3.25,0,3.25,upi,in-store,C0106
2956,2025-05-14,Wednesday,P11,Cupcake (single),Cake,1,3.25,0,3.25,card,in-store,C0018
2956,2025-05-14,Wednesday,P03,Whole Wheat Loaf,Bread,1,4.75,0,4.75,card,in-store,C0018
2957,2025-05-14,Wednesday,P11,Cupcake (single),Cake,1,3.25,0,3.25,card,in-store,
2958,2025-05-14,Wednesday,P14,Rye Loaf,Bread,3,4.9,0,14.7,card,online,C0016
2958,2025-05-14,Wednesday,P12,Bagel - Plain,Bread,2,2.25,0,4.5,card,online,C0016
2959,2025-05-14,Wednesday,P05,Pain au Chocolat,Pastry,1,3.5,0,3.5,cash,in-store,C0077
2959,2025-05-14,Wednesday,P14,Rye Loaf,Bread,1,4.9,0,4.9,cash,in-store,C0077
2960,2025-05-14,Wednesday,P09,Oatmeal Raisin Cookie,Cookie,1,2.0,0,2.0,upi,in-store,C0098
2960,2025-05-14,Wednesday,P09,Oatmeal Raisin Cookie,Cookie,2,2.0,0,4.0,upi,in-store,C0098
2961,2025-05-14,Wednesday,P15,Scone - Blueberry,Pastry,1,3.0,0,3.0,card,in-store,
2961,2025-05-14,Wednesday,P11,Cupcake (single),Cake,1,3.25,0,3.25,card,in-store,
2961,2025-05-14,Wednesday,P01,Sourdough Loaf,Bread,1,4.5,0,4.5,card,in-store,
2962,2025-05-15,Thursday,P14,Rye Loaf,Bread,1,4.9,0,4.9,card,in-store,C0004
2963,2025-05-15,Thursday,P14,Rye Loaf,Bread,1,4.9,0,4.9,upi,online,
2964,2025-05-15,Thursday,P08,Chocolate Chip Cookie,Cookie,1,2.0,0,2.0,cash,in-store,C0061
2965,2025-05-15,Thursday,P10,Birthday Cake (whole),Cake,1,32.0,0,32.0,upi,in-store,
2965,2025-05-15,Thursday,P07,Blueberry Muffin,Pastry,1,2.75,0,2.75,upi,in-store,
2965,2025-05-15,Thursday,P14,Rye Loaf,Bread,1,4.9,0,4.9,upi,in-store,
2965,2025-05-15,Thursday,P12,Bagel - Plain,Bread,1,2.25,0,2.25,upi,in-store,
2966,2025-05-15,Thursday,P11,Cupcake (single),Cake,1,3.25,0,3.25,upi,in-store,C0030
2966,2025-05-15,Thursday,P07,Blueberry Muffin,Pastry,1,2.75,0,2.75,upi,in-store,C0030
2966,2025-05-15,Thursday,P14,Rye Loaf,Bread,1,4.9,0,4.9,upi,in-store,C0030
2966,2025-05-15,Thursday,P09,Oatmeal Raisin Cookie,Cookie,1,2.0,0,2.0,upi,in-store,C0030
2967,2025-05-15,Thursday,P09,Oatmeal Raisin Cookie,Cookie,1,2.0,0,2.0,upi,in-store,
2968,2025-05-15,Thursday,P02,Baguette,Bread,1,3.25,0,3.25,card,catering,C0010
2969,2025-05-15,Thursday,P08,Chocolate Chip Cookie,Cookie,3,2.0,0,6.0,upi,in-store,
2969,2025-05-15,Thursday,P15,Scone - Blueberry,Pastry,1,3.0,0,3.0,upi,in-store,
2970,2025-05-15,Thursday,P12,Bagel - Plain,Bread,1,2.25,0,2.25,cash,in-store,C0043
2971,2025-05-15,Thursday,P04,Croissant,Pastry,1,3.0,0,3.0,upi,online,C0057
2971,2025-05-15,Thursday,P15,Scone - Blueberry,Pastry,3,3.0,0,9.0,upi,online,C0057
2972,2025-05-15,Thursday,P15,Scone - Blueberry,Pastry,1,3.0,0,3.0,upi,in-store,C0074
2973,2025-05-16,Friday,P01,Sourdough Loaf,Bread,1,4.5,0,4.5,upi,in-store,C0115
2973,2025-05-16,Friday,P03,Whole Wheat Loaf,Bread,1,4.75,0,4.75,upi,in-store,C0115
2973,2025-05-16,Friday,P07,Blueberry Muffin,Pastry,1,2.75,0,2.75,upi,in-store,C0115
2974,2025-05-16,Friday,P04,Croissant,Pastry,1,3.0,0,3.0,cash,in-store,
2975,2025-05-16,Friday,P07,Blueberry Muffin,Pastry,1,2.75,0,2.75,upi,in-store,C0092
2976,2025-05-16,Friday,P09,Oatmeal Raisin Cookie,Cookie,1,2.0,0,2.0,upi,in-store,C0040
2976,2025-05-16,Friday,P11,Cupcake (single),Cake,1,3.25,0,3.25,upi,in-store,C0040
2977,2025-05-16,Friday,P10,Birthday Cake (whole),Cake,1,32.0,0,32.0,upi,in-store,
2977,2025-05-16,Friday,P12,Bagel - Plain,Bread,3,2.25,0,6.75,upi,in-store,
2978,2025-05-16,Friday,P04,Croissant,Pastry,1,3.0,0,3.0,card,in-store,C0112
2979,2025-05-16,Friday,P04,Croissant,Pastry,1,3.0,0,3.0,upi,in-store,
2980,2025-05-16,Friday,P07,Blueberry Muffin,Pastry,1,2.75,0,2.75,card,in-store,C0004
2982,2025-05-16,Friday,P10,Birthday Cake (whole),Cake,1,32.0,0,32.0,upi,in-store,C0085
2983,2025-05-16,Friday,P11,Cupcake (single),Cake,1,3.25,0,3.25,upi,catering,C0053
2983,2025-05-16,Friday,P01,Sourdough Loaf,Bread,1,4.5,0,4.5,upi,catering,C0053
2984,2025-05-16,Friday,P10,Birthday Cake (whole),Cake,1,32.0,0,32.0,upi,in-store,C0069
2985,2025-05-16,Friday,P08,Chocolate Chip Cookie,Cookie,1,2.0,0,2.0,upi,online,C0086
2985,2025-05-16,Friday,P10,Birthday Cake (whole),Cake,1,32.0,0,32.0,upi,online,C0086
2985,2025-05-16,Friday,P09,Oatmeal Raisin Cookie,Cookie,2,2.0,0,4.0,upi,online,C0086
2986,2025-05-16,Friday,P08,Chocolate Chip Cookie,Cookie,2,2.0,0,4.0,card,in-store,C0041
2987,2025-05-16,Friday,P05,Pain au Chocolat,Pastry,1,3.5,0,3.5,cash,in-store,C0085
2988,2025-05-16,Friday,P09,Oatmeal Raisin Cookie,Cookie,2,2.0,0,4.0,card,in-store,C0096
2988,2025-05-16,Friday,P11,Cupcake (single),Cake,1,3.25,0,3.25,card,in-store,C0096
2988,2025-05-16,Friday,P05,Pain au Chocolat,Pastry,2,3.5,0,7.0,card,in-store,C0096
2989,2025-05-16,Friday,P05,Pain au Chocolat,Pastry,1,3.5,0,3.5,upi,in-store,C0051
2989,2025-05-16,Friday,P12,Bagel - Plain,Bread,1,2.25,0,2.25,upi,in-store,C0051
2989,2025-05-16,Friday,P08,Chocolate Chip Cookie,Cookie,3,2.0,0,6.0,upi,in-store,C0051
2990,2025-05-16,Friday,P14,Rye Loaf,Bread,1,4.9,0,4.9,upi,in-store,
2991,2025-05-16,Friday,P12,Bagel - Plain,Bread,1,2.25,0,2.25,card,online,
2992,2025-05-16,Friday,P04,Croissant,Pastry,1,3.0,0,3.0,upi,in-store,
2993,2025-05-16,Friday,P14,Rye Loaf,Bread,1,4.9,0,4.9,cash,in-store,C0089
2994,2025-05-17,Saturday,P10,Birthday Cake (whole),Cake,1,32.0,0,32.0,upi,in-store,C0028
2994,2025-05-17,Saturday,P09,Oatmeal Raisin Cookie,Cookie,1,2.0,0,2.0,upi,in-store,C0028
2994,2025-05-17,Saturday,P10,Birthday Cake (whole),Cake,1,32.0,0,32.0,upi,in-store,C0028
2995,2025-05-17,Saturday,P14,Rye Loaf,Bread,1,4.9,0,4.9,card,online,C0084
2996,2025-05-17,Saturday,P03,Whole Wheat Loaf,Bread,3,4.75,0,14.25,upi,in-store,C0065
2996,2025-05-17,Saturday,P01,Sourdough Loaf,Bread,3,4.5,0,13.5,upi,in-store,C0065
2996,2025-05-17,Saturday,P04,Croissant,Pastry,1,3.0,0,3.0,upi,in-store,C0065
2997,2025-05-17,Saturday,P09,Oatmeal Raisin Cookie,Cookie,1,2.0,0,2.0,upi,in-store,C0018
2997,2025-05-17,Saturday,P05,Pain au Chocolat,Pastry,1,3.5,0,3.5,upi,in-store,C0018
2997,2025-05-17,Saturday,P14,Rye Loaf,Bread,1,4.9,0,4.9,upi,in-store,C0018
2998,2025-05-17,Saturday,P10,Birthday Cake (whole),Cake,1,32.0,0,32.0,card,in-store,
2998,2025-05-17,Saturday,P14,Rye Loaf,Bread,3,4.9,0,14.7,card,in-store,
2998,2025-05-17,Saturday,P08,Chocolate Chip Cookie,Cookie,1,2.0,0,2.0,card,in-store,
3000,2025-05-17,Saturday,P01,Sourdough Loaf,Bread,1,4.5,0,4.5,upi,online,C0109
3001,2025-05-17,Saturday,P02,Baguette,Bread,3,3.25,0,9.75,upi,online,
3001,2025-05-17,Saturday,P04,Croissant,Pastry,2,3.0,0,6.0,upi,online,
3003,2025-05-17,Saturday,P08,Chocolate Chip Cookie,Cookie,2,2.0,0,4.0,card,online,C0080
3004,2025-05-17,Saturday,P14,Rye Loaf,Bread,3,4.9,0,14.7,upi,in-store,C0025
3004,2025-05-17,Saturday,P09,Oatmeal Raisin Cookie,Cookie,1,2.0,0,2.0,upi,in-store,C0025
3004,2025-05-17,Saturday,P07,Blueberry Muffin,Pastry,1,2.75,0,2.75,upi,in-store,C0025
3005,2025-05-17,Saturday,P09,Oatmeal Raisin Cookie,Cookie,3,2.0,0,6.0,cash,in-store,
3006,2025-05-17,Saturday,P04,Croissant,Pastry,1,3.0,0,3.0,upi,in-store,
3007,2025-05-17,Saturday,P03,Whole Wheat Loaf,Bread,1,4.75,0,4.75,upi,in-store,
3009,2025-05-17,Saturday,P06,Cinnamon Roll,Pastry,3,3.75,0,11.25,cash,in-store,C0129
3010,2025-05-17,Saturday,P07,Blueberry Muffin,Pastry,1,2.75,0,2.75,upi,in-store,C0121
3011,2025-05-18,Sunday,P02,Baguette,Bread,2,3.25,0,6.5,upi,in-store,
3012,2025-05-18,Sunday,P12,Bagel - Plain,Bread,1,2.25,0,2.25,cash,in-store,
3012,2025-05-18,Sunday,P15,Scone - Blueberry,Pastry,1,3.0,0,3.0,cash,in-store,
3012,2025-05-18,Sunday,P07,Blueberry Muffin,Pastry,1,2.75,0,2.75,cash,in-store,
3012,2025-05-18,Sunday,P04,Croissant,Pastry,1,3.0,0,3.0,cash,in-store,
3013,2025-05-18,Sunday,P15,Scone - Blueberry,Pastry,3,3.0,0,9.0,upi,in-store,
3013,2025-05-18,Sunday,P07,Blueberry Muffin,Pastry,1,2.75,0,2.75,upi,in-store,
3013,2025-05-18,Sunday,P14,Rye Loaf,Bread,1,4.9,0,4.9,upi,in-store,
3015,2025-05-18,Sunday,P09,Oatmeal Raisin Cookie,Cookie,1,2.0,0,2.0,cash,in-store,C0128
3016,2025-05-18,Sunday,P04,Croissant,Pastry,3,3.0,0,9.0,card,online,C0119
3016,2025-05-18,Sunday,P14,Rye Loaf,Bread,1,4.9,0,4.9,card,online,C0119
3017,2025-05-18,Sunday,P08,Chocolate Chip Cookie,Cookie,1,2.0,0,2.0,upi,in-store,
3018,2025-05-18,Sunday,P11,Cupcake (single),Cake,1,3.25,0,3.25,upi,in-store,
3019,2025-05-18,Sunday,P03,Whole Wheat Loaf,Bread,2,4.75,0,9.5,card,catering,
3020,2025-05-18,Sunday,P08,Chocolate Chip Cookie,Cookie,1,2.0,0,2.0,card,in-store,
3020,2025-05-18,Sunday,P08,Chocolate Chip Cookie,Cookie,1,2.0,0,2.0,card,in-store,
3020,2025-05-18,Sunday,P08,Chocolate Chip Cookie,Cookie,1,2.0,0,2.0,card,in-store,
3022,2025-05-18,Sunday,P05,Pain au Chocolat,Pastry,1,3.5,0,3.5,card,in-store,C0071
3022,2025-05-18,Sunday,P13,Bagel - Everything,Bread,3,2.5,0,7.5,card,in-store,C0071
3023,2025-05-18,Sunday,P03,Whole Wheat Loaf,Bread,2,4.75,0,9.5,upi,in-store,C0028
3023,2025-05-18,Sunday,P15,Scone - Blueberry,Pastry,1,3.0,0,3.0,upi,in-store,C0028
3025,2025-05-18,Sunday,P12,Bagel - Plain,Bread,1,2.25,0,2.25,cash,in-store,C0003
3025,2025-05-18,Sunday,P07,Blueberry Muffin,Pastry,1,2.75,0,2.75,cash,in-store,C0003
3026,2025-05-18,Sunday,P10,Birthday Cake (whole),Cake,1,32.0,0,32.0,upi,in-store,
3027,2025-05-18,Sunday,P14,Rye Loaf,Bread,1,4.9,0,4.9,cash,online,
3027,2025-05-18,Sunday,P01,Sourdough Loaf,Bread,1,4.5,0,4.5,cash,online,
3028,2025-05-18,Sunday,P12,Bagel - Plain,Bread,1,2.25,0,2.25,card,in-store,C0012
3028,2025-05-18,Sunday,P07,Blueberry Muffin,Pastry,1,2.75,0,2.75,card,in-store,C0012
3029,2025-05-18,Sunday,P10,Birthday Cake (whole),Cake,1,32.0,0,32.0,card,in-store,
3030,2025-05-18,Sunday,P05,Pain au Chocolat,Pastry,1,3.5,0,3.5,cash,in-store,C0053
3031,2025-05-18,Sunday,P02,Baguette,Bread,2,3.25,0,6.5,card,in-store,C0118
3031,2025-05-18,Sunday,P08,Chocolate Chip Cookie,Cookie,1,2.0,0,2.0,card,in-store,C0118
3032,2025-05-18,Sunday,P01,Sourdough Loaf,Bread,1,4.5,0,4.5,upi,in-store,C0033
3032,2025-05-18,Sunday,P14,Rye Loaf,Bread,1,4.9,0,4.9,upi,in-store,C0033
3032,2025-05-18,Sunday,P12,Bagel - Plain,Bread,1,2.25,0,2.25,upi,in-store,C0033
3032,2025-05-18,Sunday,P13,Bagel - Everything,Bread,1,2.5,0,2.5,upi,in-store,C0033
3033,2025-05-18,Sunday,P05,Pain au Chocolat,Pastry,1,3.5,0,3.5,cash,in-store,C0105
3033,2025-05-18,Sunday,P12,Bagel - Plain,Bread,3,2.25,0,6.75,cash,in-store,C0105
3034,2025-05-18,Sunday,P07,Blueberry Muffin,Pastry,1,2.75,0,2.75,cash,in-store,C0088
3036,2025-05-18,Sunday,P10,Birthday Cake (whole),Cake,1,32.0,0,32.0,upi,in-store,
3037,2025-05-19,Monday,P09,Oatmeal Raisin Cookie,Cookie,1,2.0,0,2.0,cash,in-store,
3038,2025-05-19,Monday,P14,Rye Loaf,Bread,3,4.9,0,14.7,cash,in-store,C0084
3039,2025-05-19,Monday,P07,Blueberry Muffin,Pastry,1,2.75,0,2.75,cash,in-store,C0064
3039,2025-05-19,Monday,P14,Rye Loaf,Bread,1,4.9,0,4.9,cash,in-store,C0064
3039,2025-05-19,Monday,P06,Cinnamon Roll,Pastry,1,3.75,0,3.75,cash,in-store,C0064
3041,2025-05-19,Monday,P02,Baguette,Bread,1,3.25,0,3.25,upi,in-store,C0051
3041,2025-05-19,Monday,P14,Rye Loaf,Bread,2,4.9,0,9.8,upi,in-store,C0051
3042,2025-05-19,Monday,P10,Birthday Cake (whole),Cake,1,32.0,0,32.0,upi,online,
3044,2025-05-19,Monday,P08,Chocolate Chip Cookie,Cookie,1,2.0,0,2.0,upi,in-store,C0002
3044,2025-05-19,Monday,P08,Chocolate Chip Cookie,Cookie,2,2.0,0,4.0,upi,in-store,C0002
3045,2025-05-19,Monday,P13,Bagel - Everything,Bread,1,2.5,0,2.5,upi,in-store,C0094
3046,2025-05-19,Monday,P13,Bagel - Everything,Bread,1,2.5,0,2.5,card,in-store,C0035
3046,2025-05-19,Monday,P02,Baguette,Bread,1,3.25,0,3.25,card,in-store,C0035
3046,2025-05-19,Monday,P05,Pain au Chocolat,Pastry,1,3.5,0,3.5,card,in-store,C0035
3046,2025-05-19,Monday,P06,Cinnamon Roll,Pastry,1,3.75,0,3.75,card,in-store,C0035
3047,2025-05-19,Monday,P05,Pain au Chocolat,Pastry,1,3.5,0,3.5,upi,in-store,C0060
3047,2025-05-19,Monday,P06,Cinnamon Roll,Pastry,1,3.75,0,3.75,upi,in-store,C0060
3047,2025-05-19,Monday,P07,Blueberry Muffin,Pastry,1,2.75,0,2.75,upi,in-store,C0060
3048,2025-05-19,Monday,P14,Rye Loaf,Bread,1,4.9,0,4.9,cash,in-store,C0084
3049,2025-05-19,Monday,P09,Oatmeal Raisin Cookie,Cookie,1,2.0,0,2.0,upi,in-store,C0056
3050,2025-05-19,Monday,P01,Sourdough Loaf,Bread,1,4.5,0,4.5,upi,online,C0087
3052,2025-05-19,Monday,P09,Oatmeal Raisin Cookie,Cookie,3,2.0,0,6.0,card,in-store,
3053,2025-05-19,Monday,P01,Sourdough Loaf,Bread,3,4.5,0,13.5,upi,in-store,
3054,2025-05-19,Monday,P10,Birthday Cake (whole),Cake,1,32.0,0,32.0,upi,online,C0081
3055,2025-05-20,Tuesday,P05,Pain au Chocolat,Pastry,1,3.5,0,3.5,cash,in-store,
3055,2025-05-20,Tuesday,P01,Sourdough Loaf,Bread,3,4.5,0,13.5,cash,in-store,
3055,2025-05-20,Tuesday,P14,Rye Loaf,Bread,1,4.9,0,4.9,cash,in-store,
3056,2025-05-20,Tuesday,P13,Bagel - Everything,Bread,1,2.5,0,2.5,cash,in-store,
3058,2025-05-20,Tuesday,P02,Baguette,Bread,1,3.25,0,3.25,upi,in-store,C0056
3059,2025-05-20,Tuesday,P14,Rye Loaf,Bread,1,4.9,0,4.9,cash,catering,
3060,2025-05-20,Tuesday,P07,Blueberry Muffin,Pastry,1,2.75,0,2.75,cash,in-store,C0023
3060,2025-05-20,Tuesday,P04,Croissant,Pastry,1,3.0,0,3.0,cash,in-store,C0023
3060,2025-05-20,Tuesday,P03,Whole Wheat Loaf,Bread,1,4.75,0,4.75,cash,in-store,C0023
3061,2025-05-20,Tuesday,P10,Birthday Cake (whole),Cake,1,32.0,0,32.0,card,in-store,
3062,2025-05-20,Tuesday,P06,Cinnamon Roll,Pastry,3,3.75,0,11.25,cash,in-store,C0098
3062,2025-05-20,Tuesday,P04,Croissant,Pastry,1,3.0,0,3.0,cash,in-store,C0098
3063,2025-05-20,Tuesday,P07,Blueberry Muffin,Pastry,1,2.75,0,2.75,cash,in-store,
3063,2025-05-20,Tuesday,P10,Birthday Cake (whole),Cake,1,32.0,0,32.0,cash,in-store,
3063,2025-05-20,Tuesday,P13,Bagel - Everything,Bread,1,2.5,0,2.5,cash,in-store,
3064,2025-05-20,Tuesday,P12,Bagel - Plain,Bread,1,2.25,0,2.25,upi,in-store,
3066,2025-05-20,Tuesday,P10,Birthday Cake (whole),Cake,1,32.0,0,32.0,cash,in-store,C0121
3067,2025-05-21,Wednesday,P10,Birthday Cake (whole),Cake,1,32.0,0,32.0,cash,online,
3068,2025-05-21,Wednesday,P05,Pain au Chocolat,Pastry,1,3.5,0,3.5,cash,online,
3069,2025-05-21,Wednesday,P12,Bagel - Plain,Bread,1,2.25,0,2.25,upi,in-store,C0039
3070,2025-05-21,Wednesday,P10,Birthday Cake (whole),Cake,1,32.0,0,32.0,card,in-store,C0065
3071,2025-05-21,Wednesday,P08,Chocolate Chip Cookie,Cookie,1,2.0,0,2.0,upi,online,
3072,2025-05-21,Wednesday,P03,Whole Wheat Loaf,Bread,1,4.75,0,4.75,upi,in-store,C0086
3073,2025-05-21,Wednesday,P04,Croissant,Pastry,1,3.0,0,3.0,card,in-store,
3073,2025-05-21,Wednesday,P08,Chocolate Chip Cookie,Cookie,1,2.0,0,2.0,card,in-store,
3074,2025-05-21,Wednesday,P11,Cupcake (single),Cake,1,3.25,0,3.25,upi,catering,C0077
3075,2025-05-21,Wednesday,P03,Whole Wheat Loaf,Bread,1,4.75,0,4.75,upi,in-store,C0078
3076,2025-05-21,Wednesday,P09,Oatmeal Raisin Cookie,Cookie,1,2.0,0,2.0,upi,in-store,
3076,2025-05-21,Wednesday,P11,Cupcake (single),Cake,1,3.25,0,3.25,upi,in-store,
3076,2025-05-21,Wednesday,P05,Pain au Chocolat,Pastry,1,3.5,0,3.5,upi,in-store,
3077,2025-05-21,Wednesday,P10,Birthday Cake (whole),Cake,1,32.0,0,32.0,upi,catering,C0050
3077,2025-05-21,Wednesday,P08,Chocolate Chip Cookie,Cookie,2,2.0,0,4.0,upi,catering,C0050
3079,2025-05-21,Wednesday,P02,Baguette,Bread,1,3.25,0,3.25,upi,in-store,C0072
3079,2025-05-21,Wednesday,P08,Chocolate Chip Cookie,Cookie,1,2.0,0,2.0,upi,in-store,C0072
3080,2025-05-21,Wednesday,P05,Pain au Chocolat,Pastry,1,3.5,0,3.5,upi,in-store,
3080,2025-05-21,Wednesday,P05,Pain au Chocolat,Pastry,3,3.5,0,10.5,upi,in-store,
3081,2025-05-21,Wednesday,P08,Chocolate Chip Cookie,Cookie,1,2.0,0,2.0,cash,in-store,
3081,2025-05-21,Wednesday,P12,Bagel - Plain,Bread,1,2.25,0,2.25,cash,in-store,
3082,2025-05-21,Wednesday,P03,Whole Wheat Loaf,Bread,1,4.75,0,4.75,upi,online,
3083,2025-05-21,Wednesday,P07,Blueberry Muffin,Pastry,1,2.75,0,2.75,card,in-store,
3084,2025-05-22,Thursday,P15,Scone - Blueberry,Pastry,3,3.0,0,9.0,upi,in-store,C0125
3085,2025-05-22,Thursday,P02,Baguette,Bread,1,3.25,0,3.25,card,in-store,C0084
3085,2025-05-22,Thursday,P04,Croissant,Pastry,1,3.0,0,3.0,card,in-store,C0084
3087,2025-05-22,Thursday,P14,Rye Loaf,Bread,1,4.9,0,4.9,card,in-store,
3088,2025-05-22,Thursday,P12,Bagel - Plain,Bread,1,2.25,0,2.25,card,in-store,C0057
3088,2025-05-22,Thursday,P08,Chocolate Chip Cookie,Cookie,1,2.0,0,2.0,card,in-store,C0057
3089,2025-05-22,Thursday,P03,Whole Wheat Loaf,Bread,2,4.75,0,9.5,card,in-store,C0068
3089,2025-05-22,Thursday,P05,Pain au Chocolat,Pastry,1,3.5,0,3.5,card,in-store,C0068
3090,2025-05-22,Thursday,P02,Baguette,Bread,1,3.25,0,3.25,upi,in-store,
3091,2025-05-22,Thursday,P08,Chocolate Chip Cookie,Cookie,1,2.0,0,2.0,card,in-store,
3091,2025-05-22,Thursday,P13,Bagel - Everything,Bread,1,2.5,0,2.5,card,in-store,
3092,2025-05-22,Thursday,P14,Rye Loaf,Bread,2,4.9,0,9.8,card,online,
3095,2025-05-22,Thursday,P11,Cupcake (single),Cake,1,3.25,0,3.25,upi,in-store,
3096,2025-05-22,Thursday,P03,Whole Wheat Loaf,Bread,1,4.75,0,4.75,card,in-store,C0110
3097,2025-05-22,Thursday,P13,Bagel - Everything,Bread,1,2.5,0,2.5,card,in-store,C0005
3097,2025-05-22,Thursday,P13,Bagel - Everything,Bread,1,2.5,0,2.5,card,in-store,C0005
3098,2025-05-22,Thursday,P13,Bagel - Everything,Bread,1,2.5,0,2.5,card,in-store,C0026
3098,2025-05-22,Thursday,P01,Sourdough Loaf,Bread,1,4.5,0,4.5,card,in-store,C0026
3101,2025-05-22,Thursday,P15,Scone - Blueberry,Pastry,1,3.0,0,3.0,card,in-store,C0117
3102,2025-05-22,Thursday,P07,Blueberry Muffin,Pastry,3,2.75,0,8.25,upi,in-store,C0103
3102,2025-05-22,Thursday,P05,Pain au Chocolat,Pastry,1,3.5,0,3.5,upi,in-store,C0103
3103,2025-05-22,Thursday,P09,Oatmeal Raisin Cookie,Cookie,1,2.0,0,2.0,cash,online,
3104,2025-05-22,Thursday,P01,Sourdough Loaf,Bread,1,4.5,0,4.5,upi,in-store,C0109
3104,2025-05-22,Thursday,P13,Bagel - Everything,Bread,1,2.5,0,2.5,upi,in-store,C0109
3105,2025-05-22,Thursday,P12,Bagel - Plain,Bread,1,2.25,0,2.25,cash,in-store,
3106,2025-05-23,Friday,P07,Blueberry Muffin,Pastry,1,2.75,0,2.75,upi,in-store,
3107,2025-05-23,Friday,P09,Oatmeal Raisin Cookie,Cookie,1,2.0,0,2.0,upi,online,C0043
3107,2025-05-23,Friday,P09,Oatmeal Raisin Cookie,Cookie,2,2.0,0,4.0,upi,online,C0043
3109,2025-05-23,Friday,P08,Chocolate Chip Cookie,Cookie,2,2.0,0,4.0,upi,in-store,C0098
3111,2025-05-23,Friday,P12,Bagel - Plain,Bread,1,2.25,0,2.25,upi,online,C0009
3111,2025-05-23,Friday,P09,Oatmeal Raisin Cookie,Cookie,2,2.0,0,4.0,upi,online,C0009
3111,2025-05-23,Friday,P03,Whole Wheat Loaf,Bread,1,4.75,0,4.75,upi,online,C0009
3112,2025-05-23,Friday,P15,Scone - Blueberry,Pastry,1,3.0,0,3.0,upi,in-store,
3112,2025-05-23,Friday,P09,Oatmeal Raisin Cookie,Cookie,1,2.0,0,2.0,upi,in-store,
3112,2025-05-23,Friday,P13,Bagel - Everything,Bread,1,2.5,0,2.5,upi,in-store,
3113,2025-05-23,Friday,P03,Whole Wheat Loaf,Bread,2,4.75,0,9.5,upi,online,
3114,2025-05-23,Friday,P15,Scone - Blueberry,Pastry,1,3.0,0,3.0,cash,online,
3115,2025-05-23,Friday,P09,Oatmeal Raisin Cookie,Cookie,1,2.0,0,2.0,upi,in-store,C0118
3115,2025-05-23,Friday,P03,Whole Wheat Loaf,Bread,1,4.75,0,4.75,upi,in-store,C0118
3117,2025-05-24,Saturday,P08,Chocolate Chip Cookie,Cookie,1,2.0,0,2.0,card,in-store,C0128
3118,2025-05-24,Saturday,P13,Bagel - Everything,Bread,1,2.5,0,2.5,card,in-store,
3118,2025-05-24,Saturday,P08,Chocolate Chip Cookie,Cookie,3,2.0,0,6.0,card,in-store,
3119,2025-05-24,Saturday,P14,Rye Loaf,Bread,2,4.9,0,9.8,cash,in-store,C0107
3119,2025-05-24,Saturday,P10,Birthday Cake (whole),Cake,1,32.0,0,32.0,cash,in-store,C0107
3119,2025-05-24,Saturday,P09,Oatmeal Raisin Cookie,Cookie,1,2.0,0,2.0,cash,in-store,C0107
3119,2025-05-24,Saturday,P03,Whole Wheat Loaf,Bread,1,4.75,0,4.75,cash,in-store,C0107
3120,2025-05-24,Saturday,P05,Pain au Chocolat,Pastry,1,3.5,0,3.5,upi,in-store,C0078
3121,2025-05-24,Saturday,P01,Sourdough Loaf,Bread,1,4.5,0,4.5,upi,in-store,C0052
3121,2025-05-24,Saturday,P05,Pain au Chocolat,Pastry,1,3.5,0,3.5,upi,in-store,C0052
3122,2025-05-24,Saturday,P15,Scone - Blueberry,Pastry,1,3.0,0,3.0,card,in-store,
3122,2025-05-24,Saturday,P14,Rye Loaf,Bread,1,4.9,0,4.9,card,in-store,
3122,2025-05-24,Saturday,P15,Scone - Blueberry,Pastry,1,3.0,0,3.0,card,in-store,
3123,2025-05-24,Saturday,P01,Sourdough Loaf,Bread,2,4.5,0,9.0,card,in-store,
3123,2025-05-24,Saturday,P07,Blueberry Muffin,Pastry,1,2.75,0,2.75,card,in-store,
3123,2025-05-24,Saturday,P15,Scone - Blueberry,Pastry,1,3.0,0,3.0,card,in-store,
3124,2025-05-24,Saturday,P06,Cinnamon Roll,Pastry,3,3.75,0,11.25,upi,in-store,
3124,2025-05-24,Saturday,P07,Blueberry Muffin,Pastry,1,2.75,0,2.75,upi,in-store,
3125,2025-05-24,Saturday,P05,Pain au Chocolat,Pastry,1,3.5,0,3.5,upi,in-store,C0013
3127,2025-05-24,Saturday,P15,Scone - Blueberry,Pastry,1,3.0,0,3.0,cash,in-store,C0069
3128,2025-05-24,Saturday,P15,Scone - Blueberry,Pastry,1,3.0,0,3.0,card,in-store,
3129,2025-05-24,Saturday,P12,Bagel - Plain,Bread,2,2.25,0,4.5,upi,in-store,C0124
3129,2025-05-24,Saturday,P05,Pain au Chocolat,Pastry,1,3.5,0,3.5,upi,in-store,C0124
3129,2025-05-24,Saturday,P05,Pain au Chocolat,Pastry,1,3.5,0,3.5,upi,in-store,C0124
3129,2025-05-24,Saturday,P02,Baguette,Bread,1,3.25,0,3.25,upi,in-store,C0124
3130,2025-05-24,Saturday,P14,Rye Loaf,Bread,1,4.9,0,4.9,card,in-store,
3131,2025-05-24,Saturday,P07,Blueberry Muffin,Pastry,1,2.75,0,2.75,upi,in-store,C0121
3131,2025-05-24,Saturday,P04,Croissant,Pastry,2,3.0,0,6.0,upi,in-store,C0121
3133,2025-05-24,Saturday,P05,Pain au Chocolat,Pastry,1,3.5,0,3.5,upi,in-store,
3133,2025-05-24,Saturday,P12,Bagel - Plain,Bread,1,2.25,0,2.25,upi,in-store,
3133,2025-05-24,Saturday,P02,Baguette,Bread,1,3.25,0,3.25,upi,in-store,
3133,2025-05-24,Saturday,P06,Cinnamon Roll,Pastry,1,3.75,0,3.75,upi,in-store,
3135,2025-05-24,Saturday,P07,Blueberry Muffin,Pastry,2,2.75,0,5.5,upi,online,
3136,2025-05-24,Saturday,P07,Blueberry Muffin,Pastry,1,2.75,0,2.75,card,in-store,C0126
3137,2025-05-24,Saturday,P03,Whole Wheat Loaf,Bread,1,4.75,0,4.75,cash,in-store,C0016
3137,2025-05-24,Saturday,P01,Sourdough Loaf,Bread,1,4.5,0,4.5,cash,in-store,C0016
3137,2025-05-24,Saturday,P06,Cinnamon Roll,Pastry,1,3.75,0,3.75,cash,in-store,C0016
3138,2025-05-24,Saturday,P07,Blueberry Muffin,Pastry,3,2.75,0,8.25,upi,in-store,C0048
3139,2025-05-25,Sunday,P08,Chocolate Chip Cookie,Cookie,3,2.0,0,6.0,upi,in-store,C0020
3140,2025-05-25,Sunday,P02,Baguette,Bread,1,3.25,0,3.25,upi,in-store,C0079
3142,2025-05-25,Sunday,P13,Bagel - Everything,Bread,2,2.5,0,5.0,upi,online,C0021
3143,2025-05-25,Sunday,P02,Baguette,Bread,3,3.25,0,9.75,card,online,C0087
3144,2025-05-25,Sunday,P10,Birthday Cake (whole),Cake,1,32.0,0,32.0,upi,in-store,C0028
3144,2025-05-25,Sunday,P04,Croissant,Pastry,1,3.0,0,3.0,upi,in-store,C0028
3145,2025-05-25,Sunday,P10,Birthday Cake (whole),Cake,1,32.0,0,32.0,card,in-store,C0118
3145,2025-05-25,Sunday,P09,Oatmeal Raisin Cookie,Cookie,1,2.0,0,2.0,card,in-store,C0118
3146,2025-05-25,Sunday,P07,Blueberry Muffin,Pastry,1,2.75,0,2.75,upi,in-store,C0011
3147,2025-05-25,Sunday,P03,Whole Wheat Loaf,Bread,1,4.75,0,4.75,upi,in-store,C0102
3149,2025-05-25,Sunday,P15,Scone - Blueberry,Pastry,1,3.0,0,3.0,cash,in-store,C0074
3149,2025-05-25,Sunday,P04,Croissant,Pastry,1,3.0,0,3.0,cash,in-store,C0074
3149,2025-05-25,Sunday,P15,Scone - Blueberry,Pastry,1,3.0,0,3.0,cash,in-store,C0074
3149,2025-05-25,Sunday,P08,Chocolate Chip Cookie,Cookie,1,2.0,0,2.0,cash,in-store,C0074
3150,2025-05-25,Sunday,P06,Cinnamon Roll,Pastry,3,3.75,0,11.25,upi,in-store,C0114
3150,2025-05-25,Sunday,P13,Bagel - Everything,Bread,1,2.5,0,2.5,upi,in-store,C0114
3150,2025-05-25,Sunday,P15,Scone - Blueberry,Pastry,1,3.0,0,3.0,upi,in-store,C0114
3150,2025-05-25,Sunday,P06,Cinnamon Roll,Pastry,1,3.75,0,3.75,upi,in-store,C0114
3151,2025-05-25,Sunday,P01,Sourdough Loaf,Bread,3,4.5,0,13.5,card,in-store,C0058
3152,2025-05-25,Sunday,P14,Rye Loaf,Bread,2,4.9,0,9.8,cash,in-store,C0003
3152,2025-05-25,Sunday,P15,Scone - Blueberry,Pastry,1,3.0,0,3.0,cash,in-store,C0003
3154,2025-05-25,Sunday,P02,Baguette,Bread,2,3.25,0,6.5,card,in-store,C0088
3155,2025-05-25,Sunday,P08,Chocolate Chip Cookie,Cookie,2,2.0,0,4.0,card,online,
3155,2025-05-25,Sunday,P04,Croissant,Pastry,1,3.0,0,3.0,card,online,
3156,2025-05-26,Monday,P08,Chocolate Chip Cookie,Cookie,1,2.0,0,2.0,card,in-store,C0021
3156,2025-05-26,Monday,P14,Rye Loaf,Bread,1,4.9,0,4.9,card,in-store,C0021
3157,2025-05-26,Monday,P09,Oatmeal Raisin Cookie,Cookie,1,2.0,0,2.0,upi,in-store,
3158,2025-05-26,Monday,P02,Baguette,Bread,1,3.25,0,3.25,card,in-store,
3158,2025-05-26,Monday,P04,Croissant,Pastry,1,3.0,0,3.0,card,in-store,
3159,2025-05-26,Monday,P01,Sourdough Loaf,Bread,3,4.5,0,13.5,upi,in-store,C0094
3160,2025-05-26,Monday,P08,Chocolate Chip Cookie,Cookie,1,2.0,0,2.0,cash,in-store,
3160,2025-05-26,Monday,P12,Bagel - Plain,Bread,1,2.25,0,2.25,cash,in-store,
3161,2025-05-26,Monday,P12,Bagel - Plain,Bread,1,2.25,0,2.25,cash,in-store,C0020
3162,2025-05-26,Monday,P04,Croissant,Pastry,1,3.0,0,3.0,upi,in-store,
3163,2025-05-26,Monday,P13,Bagel - Everything,Bread,1,2.5,0,2.5,upi,in-store,C0074
3163,2025-05-26,Monday,P05,Pain au Chocolat,Pastry,1,3.5,0,3.5,upi,in-store,C0074
3164,2025-05-26,Monday,P09,Oatmeal Raisin Cookie,Cookie,3,2.0,0,6.0,card,in-store,
3164,2025-05-26,Monday,P14,Rye Loaf,Bread,1,4.9,0,4.9,card,in-store,
3164,2025-05-26,Monday,P12,Bagel - Plain,Bread,1,2.25,0,2.25,card,in-store,
3165,2025-05-26,Monday,P11,Cupcake (single),Cake,1,3.25,0,3.25,upi,in-store,
3166,2025-05-26,Monday,P07,Blueberry Muffin,Pastry,2,2.75,0,5.5,card,in-store,
3166,2025-05-26,Monday,P15,Scone - Blueberry,Pastry,1,3.0,0,3.0,card,in-store,
3167,2025-05-26,Monday,P13,Bagel - Everything,Bread,1,2.5,0,2.5,card,in-store,
3168,2025-05-26,Monday,P11,Cupcake (single),Cake,1,3.25,0,3.25,upi,in-store,
3168,2025-05-26,Monday,P04,Croissant,Pastry,3,3.0,0,9.0,upi,in-store,
3168,2025-05-26,Monday,P12,Bagel - Plain,Bread,1,2.25,0,2.25,upi,in-store,
3169,2025-05-26,Monday,P05,Pain au Chocolat,Pastry,1,3.5,0,3.5,upi,catering,C0058
3170,2025-05-26,Monday,P12,Bagel - Plain,Bread,1,2.25,0,2.25,cash,in-store,
3171,2025-05-26,Monday,P15,Scone - Blueberry,Pastry,1,3.0,0,3.0,upi,online,
3171,2025-05-26,Monday,P09,Oatmeal Raisin Cookie,Cookie,1,2.0,0,2.0,upi,online,
3172,2025-05-26,Monday,P15,Scone - Blueberry,Pastry,2,3.0,0,6.0,cash,in-store,C0017
3173,2025-05-26,Monday,P08,Chocolate Chip Cookie,Cookie,2,2.0,0,4.0,card,in-store,
3173,2025-05-26,Monday,P07,Blueberry Muffin,Pastry,1,2.75,0,2.75,card,in-store,
3173,2025-05-26,Monday,P05,Pain au Chocolat,Pastry,1,3.5,0,3.5,card,in-store,
3174,2025-05-26,Monday,P03,Whole Wheat Loaf,Bread,1,4.75,0,4.75,card,in-store,C0067
3174,2025-05-26,Monday,P13,Bagel - Everything,Bread,1,2.5,0,2.5,card,in-store,C0067
3175,2025-05-26,Monday,P09,Oatmeal Raisin Cookie,Cookie,1,2.0,0,2.0,upi,in-store,C0011
3176,2025-05-26,Monday,P07,Blueberry Muffin,Pastry,1,2.75,0,2.75,cash,in-store,C0116
3177,2025-05-27,Tuesday,P08,Chocolate Chip Cookie,Cookie,1,2.0,0,2.0,upi,in-store,
3178,2025-05-27,Tuesday,P02,Baguette,Bread,1,3.25,0,3.25,card,in-store,C0025
3178,2025-05-27,Tuesday,P09,Oatmeal Raisin Cookie,Cookie,1,2.0,0,2.0,card,in-store,C0025
3178,2025-05-27,Tuesday,P04,Croissant,Pastry,3,3.0,0,9.0,card,in-store,C0025
3179,2025-05-27,Tuesday,P09,Oatmeal Raisin Cookie,Cookie,1,2.0,0,2.0,cash,in-store,C0095
3179,2025-05-27,Tuesday,P01,Sourdough Loaf,Bread,3,4.5,0,13.5,cash,in-store,C0095
3179,2025-05-27,Tuesday,P08,Chocolate Chip Cookie,Cookie,2,2.0,0,4.0,cash,in-store,C0095
3180,2025-05-27,Tuesday,P14,Rye Loaf,Bread,1,4.9,0,4.9,cash,online,
3180,2025-05-27,Tuesday,P11,Cupcake (single),Cake,1,3.25,0,3.25,cash,online,
3181,2025-05-27,Tuesday,P12,Bagel - Plain,Bread,1,2.25,0,2.25,card,in-store,C0084
3181,2025-05-27,Tuesday,P03,Whole Wheat Loaf,Bread,1,4.75,0,4.75,card,in-store,C0084
3181,2025-05-27,Tuesday,P04,Croissant,Pastry,1,3.0,0,3.0,card,in-store,C0084
3182,2025-05-27,Tuesday,P09,Oatmeal Raisin Cookie,Cookie,1,2.0,0,2.0,card,online,
3183,2025-05-27,Tuesday,P07,Blueberry Muffin,Pastry,1,2.75,0,2.75,upi,online,C0060
3184,2025-05-27,Tuesday,P06,Cinnamon Roll,Pastry,1,3.75,0,3.75,card,in-store,C0038
3184,2025-05-27,Tuesday,P05,Pain au Chocolat,Pastry,3,3.5,0,10.5,card,in-store,C0038
3184,2025-05-27,Tuesday,P11,Cupcake (single),Cake,1,3.25,0,3.25,card,in-store,C0038
3185,2025-05-27,Tuesday,P06,Cinnamon Roll,Pastry,3,3.75,0,11.25,upi,online,
3186,2025-05-27,Tuesday,P10,Birthday Cake (whole),Cake,1,32.0,0,32.0,cash,in-store,
3187,2025-05-27,Tuesday,P01,Sourdough Loaf,Bread,2,4.5,0,9.0,upi,in-store,
3187,2025-05-27,Tuesday,P14,Rye Loaf,Bread,1,4.9,0,4.9,upi,in-store,
3187,2025-05-27,Tuesday,P01,Sourdough Loaf,Bread,1,4.5,0,4.5,upi,in-store,
3189,2025-05-27,Tuesday,P03,Whole Wheat Loaf,Bread,1,4.75,0,4.75,upi,in-store,C0112
3189,2025-05-27,Tuesday,P01,Sourdough Loaf,Bread,3,4.5,0,13.5,upi,in-store,C0112
3190,2025-05-27,Tuesday,P13,Bagel - Everything,Bread,1,2.5,0,2.5,card,online,
3190,2025-05-27,Tuesday,P07,Blueberry Muffin,Pastry,1,2.75,0,2.75,card,online,
3191,2025-05-27,Tuesday,P08,Chocolate Chip Cookie,Cookie,1,2.0,0,2.0,upi,in-store,
3191,2025-05-27,Tuesday,P02,Baguette,Bread,1,3.25,0,3.25,upi,in-store,
3192,2025-05-27,Tuesday,P13,Bagel - Everything,Bread,1,2.5,0,2.5,upi,online,
3192,2025-05-27,Tuesday,P09,Oatmeal Raisin Cookie,Cookie,1,2.0,0,2.0,upi,online,
3192,2025-05-27,Tuesday,P10,Birthday Cake (whole),Cake,1,32.0,0,32.0,upi,online,
3193,2025-05-27,Tuesday,P07,Blueberry Muffin,Pastry,1,2.75,0,2.75,card,in-store,C0049
3194,2025-05-27,Tuesday,P09,Oatmeal Raisin Cookie,Cookie,1,2.0,0,2.0,upi,in-store,
3194,2025-05-27,Tuesday,P08,Chocolate Chip Cookie,Cookie,1,2.0,0,2.0,upi,in-store,
3195,2025-05-27,Tuesday,P07,Blueberry Muffin,Pastry,1,2.75,0,2.75,upi,catering,
3195,2025-05-27,Tuesday,P08,Chocolate Chip Cookie,Cookie,2,2.0,0,4.0,upi,catering,
3195,2025-05-27,Tuesday,P09,Oatmeal Raisin Cookie,Cookie,1,2.0,0,2.0,upi,catering,
3197,2025-05-28,Wednesday,P01,Sourdough Loaf,Bread,1,4.5,0,4.5,upi,in-store,
3199,2025-05-28,Wednesday,P06,Cinnamon Roll,Pastry,1,3.75,0,3.75,card,online,
3200,2025-05-28,Wednesday,P14,Rye Loaf,Bread,1,4.9,0,4.9,cash,online,C0089
3201,2025-05-28,Wednesday,P06,Cinnamon Roll,Pastry,1,3.75,0,3.75,cash,online,C0121
3202,2025-05-28,Wednesday,P07,Blueberry Muffin,Pastry,3,2.75,0,8.25,upi,in-store,C0109
3203,2025-05-28,Wednesday,P08,Chocolate Chip Cookie,Cookie,2,2.0,0,4.0,upi,in-store,C0016
3203,2025-05-28,Wednesday,P11,Cupcake (single),Cake,1,3.25,0,3.25,upi,in-store,C0016
3204,2025-05-28,Wednesday,P05,Pain au Chocolat,Pastry,2,3.5,0,7.0,upi,in-store,C0048
3205,2025-05-28,Wednesday,P09,Oatmeal Raisin Cookie,Cookie,1,2.0,0,2.0,upi,in-store,C0118
3205,2025-05-28,Wednesday,P01,Sourdough Loaf,Bread,1,4.5,0,4.5,upi,in-store,C0118
3206,2025-05-28,Wednesday,P12,Bagel - Plain,Bread,1,2.25,0,2.25,upi,in-store,C0032
3207,2025-05-28,Wednesday,P02,Baguette,Bread,1,3.25,0,3.25,card,in-store,
3207,2025-05-28,Wednesday,P03,Whole Wheat Loaf,Bread,1,4.75,0,4.75,card,in-store,
3207,2025-05-28,Wednesday,P07,Blueberry Muffin,Pastry,1,2.75,0,2.75,card,in-store,
3208,2025-05-28,Wednesday,P10,Birthday Cake (whole),Cake,1,32.0,0,32.0,upi,in-store,C0017
3208,2025-05-28,Wednesday,P12,Bagel - Plain,Bread,3,2.25,0,6.75,upi,in-store,C0017
3209,2025-05-28,Wednesday,P08,Chocolate Chip Cookie,Cookie,1,2.0,0,2.0,upi,in-store,C0125
3210,2025-05-28,Wednesday,P08,Chocolate Chip Cookie,Cookie,1,2.0,0,2.0,upi,online,C0111
3211,2025-05-28,Wednesday,P03,Whole Wheat Loaf,Bread,1,4.75,0,4.75,upi,in-store,
3211,2025-05-28,Wednesday,P05,Pain au Chocolat,Pastry,1,3.5,0,3.5,upi,in-store,
3211,2025-05-28,Wednesday,P15,Scone - Blueberry,Pastry,1,3.0,0,3.0,upi,in-store,
3212,2025-05-28,Wednesday,P05,Pain au Chocolat,Pastry,2,3.5,0,7.0,card,in-store,
3212,2025-05-28,Wednesday,P15,Scone - Blueberry,Pastry,1,3.0,0,3.0,card,in-store,
3213,2025-05-28,Wednesday,P03,Whole Wheat Loaf,Bread,3,4.75,0,14.25,cash,in-store,C0072
3213,2025-05-28,Wednesday,P03,Whole Wheat Loaf,Bread,1,4.75,0,4.75,cash,in-store,C0072
3214,2025-05-28,Wednesday,P14,Rye Loaf,Bread,2,4.9,0,9.8,upi,in-store,
3215,2025-05-29,Thursday,P04,Croissant,Pastry,3,3.0,0,9.0,card,in-store,C0002
3216,2025-05-29,Thursday,P07,Blueberry Muffin,Pastry,1,2.75,0,2.75,cash,in-store,
3216,2025-05-29,Thursday,P01,Sourdough Loaf,Bread,1,4.5,0,4.5,cash,in-store,
3217,2025-05-29,Thursday,P07,Blueberry Muffin,Pastry,3,2.75,0,8.25,upi,online,C0082
3217,2025-05-29,Thursday,P14,Rye Loaf,Bread,2,4.9,0,9.8,upi,online,C0082
3218,2025-05-29,Thursday,P05,Pain au Chocolat,Pastry,3,3.5,0,10.5,upi,online,C0124
3219,2025-05-29,Thursday,P06,Cinnamon Roll,Pastry,1,3.75,0,3.75,card,in-store,
3220,2025-05-29,Thursday,P06,Cinnamon Roll,Pastry,1,3.75,0,3.75,cash,in-store,C0042
3221,2025-05-29,Thursday,P12,Bagel - Plain,Bread,1,2.25,0,2.25,card,in-store,
3222,2025-05-29,Thursday,P02,Baguette,Bread,1,3.25,0,3.25,card,online,
3223,2025-05-29,Thursday,P02,Baguette,Bread,1,3.25,0,3.25,upi,in-store,C0035
3223,2025-05-29,Thursday,P03,Whole Wheat Loaf,Bread,1,4.75,0,4.75,upi,in-store,C0035
3225,2025-05-29,Thursday,P13,Bagel - Everything,Bread,1,2.5,0,2.5,upi,in-store,
3226,2025-05-29,Thursday,P08,Chocolate Chip Cookie,Cookie,1,2.0,0,2.0,upi,online,C0025
3226,2025-05-29,Thursday,P01,Sourdough Loaf,Bread,1,4.5,0,4.5,upi,online,C0025
3226,2025-05-29,Thursday,P05,Pain au Chocolat,Pastry,1,3.5,0,3.5,upi,online,C0025
3227,2025-05-30,Friday,P07,Blueberry Muffin,Pastry,2,2.75,0,5.5,card,in-store,C0052
3227,2025-05-30,Friday,P11,Cupcake (single),Cake,1,3.25,0,3.25,card,in-store,C0052
3227,2025-05-30,Friday,P12,Bagel - Plain,Bread,1,2.25,0,2.25,card,in-store,C0052
3228,2025-05-30,Friday,P11,Cupcake (single),Cake,1,3.25,0,3.25,card,in-store,
3229,2025-05-30,Friday,P07,Blueberry Muffin,Pastry,1,2.75,0,2.75,upi,in-store,C0086
3230,2025-05-30,Friday,P14,Rye Loaf,Bread,2,4.9,0,9.8,cash,in-store,
3230,2025-05-30,Friday,P14,Rye Loaf,Bread,1,4.9,0,4.9,cash,in-store,
3230,2025-05-30,Friday,P14,Rye Loaf,Bread,3,4.9,0,14.7,cash,in-store,
3231,2025-05-30,Friday,P08,Chocolate Chip Cookie,Cookie,1,2.0,0,2.0,cash,online,C0055
3232,2025-05-30,Friday,P07,Blueberry Muffin,Pastry,1,2.75,0,2.75,card,in-store,C0115
3233,2025-05-30,Friday,P09,Oatmeal Raisin Cookie,Cookie,1,2.0,0,2.0,cash,in-store,C0051
3234,2025-05-30,Friday,P07,Blueberry Muffin,Pastry,2,2.75,0,5.5,upi,in-store,C0107
3234,2025-05-30,Friday,P14,Rye Loaf,Bread,3,4.9,0,14.7,upi,in-store,C0107
3235,2025-05-30,Friday,P07,Blueberry Muffin,Pastry,1,2.75,0,2.75,cash,in-store,
3236,2025-05-30,Friday,P08,Chocolate Chip Cookie,Cookie,1,2.0,0,2.0,cash,in-store,
3237,2025-05-30,Friday,P10,Birthday Cake (whole),Cake,1,32.0,0,32.0,upi,catering,C0062
3237,2025-05-30,Friday,P13,Bagel - Everything,Bread,1,2.5,0,2.5,upi,catering,C0062
3238,2025-05-30,Friday,P12,Bagel - Plain,Bread,1,2.25,0,2.25,card,in-store,
3240,2025-05-30,Friday,P12,Bagel - Plain,Bread,1,2.25,0,2.25,cash,online,C0116
3241,2025-05-31,Saturday,P05,Pain au Chocolat,Pastry,1,3.5,0,3.5,upi,in-store,C0113
3242,2025-05-31,Saturday,P13,Bagel - Everything,Bread,1,2.5,0,2.5,card,online,
3242,2025-05-31,Saturday,P07,Blueberry Muffin,Pastry,1,2.75,0,2.75,card,online,
3243,2025-05-31,Saturday,P11,Cupcake (single),Cake,1,3.25,0,3.25,upi,in-store,C0047
3243,2025-05-31,Saturday,P04,Croissant,Pastry,1,3.0,0,3.0,upi,in-store,C0047
3244,2025-05-31,Saturday,P05,Pain au Chocolat,Pastry,1,3.5,0,3.5,upi,catering,
3244,2025-05-31,Saturday,P11,Cupcake (single),Cake,1,3.25,0,3.25,upi,catering,
3245,2025-05-31,Saturday,P07,Blueberry Muffin,Pastry,3,2.75,0,8.25,upi,online,C0038
3248,2025-05-31,Saturday,P14,Rye Loaf,Bread,1,4.9,0,4.9,card,online,C0014
3248,2025-05-31,Saturday,P08,Chocolate Chip Cookie,Cookie,2,2.0,0,4.0,card,online,C0014
3248,2025-05-31,Saturday,P02,Baguette,Bread,1,3.25,0,3.25,card,online,C0014
3249,2025-05-31,Saturday,P07,Blueberry Muffin,Pastry,1,2.75,0,2.75,card,in-store,
3250,2025-05-31,Saturday,P13,Bagel - Everything,Bread,1,2.5,0,2.5,card,in-store,
3250,2025-05-31,Saturday,P14,Rye Loaf,Bread,2,4.9,0,9.8,card,in-store,
3250,2025-05-31,Saturday,P12,Bagel - Plain,Bread,1,2.25,0,2.25,card,in-store,
3250,2025-05-31,Saturday,P07,Blueberry Muffin,Pastry,1,2.75,0,2.75,card,in-store,
3251,2025-05-31,Saturday,P07,Blueberry Muffin,Pastry,3,2.75,0,8.25,upi,online,C0073
3252,2025-05-31,Saturday,P09,Oatmeal Raisin Cookie,Cookie,1,2.0,0,2.0,upi,in-store,C0092
3253,2025-05-31,Saturday,P09,Oatmeal Raisin Cookie,Cookie,1,2.0,0,2.0,cash,in-store,
3254,2025-06-01,Sunday,P14,Rye Loaf,Bread,2,4.9,0,9.8,upi,in-store,C0009
3255,2025-06-01,Sunday,P01,Sourdough Loaf,Bread,1,4.5,0,4.5,cash,in-store,
3256,2025-06-01,Sunday,P08,Chocolate Chip Cookie,Cookie,1,2.0,0,2.0,card,online,C0001
3257,2025-06-01,Sunday,P14,Rye Loaf,Bread,1,4.9,0,4.9,card,in-store,
3257,2025-06-01,Sunday,P05,Pain au Chocolat,Pastry,3,3.5,0,10.5,card,in-store,
3258,2025-06-01,Sunday,P13,Bagel - Everything,Bread,1,2.5,0,2.5,card,in-store,C0049
3258,2025-06-01,Sunday,P09,Oatmeal Raisin Cookie,Cookie,1,2.0,0,2.0,card,in-store,C0049
3259,2025-06-01,Sunday,P14,Rye Loaf,Bread,1,4.9,0,4.9,cash,in-store,C0119
3260,2025-06-01,Sunday,P11,Cupcake (single),Cake,1,3.25,0,3.25,upi,in-store,C0052
3260,2025-06-01,Sunday,P12,Bagel - Plain,Bread,1,2.25,0,2.25,upi,in-store,C0052
3261,2025-06-01,Sunday,P09,Oatmeal Raisin Cookie,Cookie,1,2.0,0,2.0,card,online,C0078
3262,2025-06-01,Sunday,P02,Baguette,Bread,1,3.25,0,3.25,upi,in-store,C0016
3263,2025-06-01,Sunday,P06,Cinnamon Roll,Pastry,1,3.75,0,3.75,card,in-store,
3263,2025-06-01,Sunday,P07,Blueberry Muffin,Pastry,1,2.75,0,2.75,card,in-store,
3263,2025-06-01,Sunday,P02,Baguette,Bread,1,3.25,0,3.25,card,in-store,
3265,2025-06-01,Sunday,P04,Croissant,Pastry,1,3.0,0,3.0,card,in-store,C0121
3265,2025-06-01,Sunday,P08,Chocolate Chip Cookie,Cookie,3,2.0,0,6.0,card,in-store,C0121
3266,2025-06-01,Sunday,P04,Croissant,Pastry,1,3.0,0,3.0,upi,in-store,C0048
3267,2025-06-01,Sunday,P05,Pain au Chocolat,Pastry,1,3.5,0,3.5,upi,in-store,C0101
3268,2025-06-01,Sunday,P12,Bagel - Plain,Bread,3,2.25,0,6.75,card,in-store,C0081
3270,2025-06-01,Sunday,P13,Bagel - Everything,Bread,2,2.5,0,5.0,upi,in-store,
3271,2025-06-01,Sunday,P08,Chocolate Chip Cookie,Cookie,1,2.0,0,2.0,cash,in-store,
3272,2025-06-02,Monday,P14,Rye Loaf,Bread,1,4.9,0,4.9,cash,in-store,C0066
3273,2025-06-02,Monday,P02,Baguette,Bread,1,3.25,0,3.25,cash,in-store,
3274,2025-06-02,Monday,P13,Bagel - Everything,Bread,3,2.5,0,7.5,card,in-store,C0076
3274,2025-06-02,Monday,P12,Bagel - Plain,Bread,3,2.25,0,6.75,card,in-store,C0076
3275,2025-06-02,Monday,P12,Bagel - Plain,Bread,3,2.25,0,6.75,upi,online,
3276,2025-06-02,Monday,P05,Pain au Chocolat,Pastry,1,3.5,0,3.5,card,in-store,C0082
3276,2025-06-02,Monday,P14,Rye Loaf,Bread,2,4.9,0,9.8,card,in-store,C0082
3276,2025-06-02,Monday,P11,Cupcake (single),Cake,1,3.25,0,3.25,card,in-store,C0082
3278,2025-06-02,Monday,P14,Rye Loaf,Bread,1,4.9,0,4.9,upi,in-store,
3279,2025-06-02,Monday,P07,Blueberry Muffin,Pastry,1,2.75,0,2.75,upi,in-store,C0115
3280,2025-06-02,Monday,P04,Croissant,Pastry,1,3.0,0,3.0,upi,online,
3280,2025-06-02,Monday,P14,Rye Loaf,Bread,2,4.9,0,9.8,upi,online,
3281,2025-06-02,Monday,P12,Bagel - Plain,Bread,1,2.25,0,2.25,card,online,
3282,2025-06-02,Monday,P01,Sourdough Loaf,Bread,2,4.5,0,9.0,card,in-store,C0125
3282,2025-06-02,Monday,P05,Pain au Chocolat,Pastry,1,3.5,0,3.5,card,in-store,C0125
3283,2025-06-02,Monday,P10,Birthday Cake (whole),Cake,1,32.0,0,32.0,upi,online,C0096
3283,2025-06-02,Monday,P10,Birthday Cake (whole),Cake,1,32.0,0,32.0,upi,online,C0096
3283,2025-06-02,Monday,P03,Whole Wheat Loaf,Bread,1,4.75,0,4.75,upi,online,C0096
3284,2025-06-02,Monday,P15,Scone - Blueberry,Pastry,1,3.0,0,3.0,cash,online,C0122
3284,2025-06-02,Monday,P05,Pain au Chocolat,Pastry,2,3.5,0,7.0,cash,online,C0122
3284,2025-06-02,Monday,P05,Pain au Chocolat,Pastry,1,3.5,0,3.5,cash,online,C0122
3285,2025-06-02,Monday,P14,Rye Loaf,Bread,1,4.9,0,4.9,upi,in-store,
3285,2025-06-02,Monday,P07,Blueberry Muffin,Pastry,2,2.75,0,5.5,upi,in-store,
3285,2025-06-02,Monday,P14,Rye Loaf,Bread,3,4.9,0,14.7,upi,in-store,
3286,2025-06-02,Monday,P05,Pain au Chocolat,Pastry,1,3.5,0,3.5,card,in-store,C0005
3286,2025-06-02,Monday,P13,Bagel - Everything,Bread,1,2.5,0,2.5,card,in-store,C0005
3287,2025-06-02,Monday,P05,Pain au Chocolat,Pastry,1,3.5,0,3.5,cash,online,C0117
3287,2025-06-02,Monday,P03,Whole Wheat Loaf,Bread,1,4.75,0,4.75,cash,online,C0117
3288,2025-06-02,Monday,P07,Blueberry Muffin,Pastry,1,2.75,0,2.75,cash,online,C0088
3288,2025-06-02,Monday,P01,Sourdough Loaf,Bread,2,4.5,0,9.0,cash,online,C0088
3289,2025-06-02,Monday,P12,Bagel - Plain,Bread,1,2.25,0,2.25,cash,in-store,C0080
3290,2025-06-03,Tuesday,P03,Whole Wheat Loaf,Bread,1,4.75,0,4.75,upi,online,C0088
3290,2025-06-03,Tuesday,P08,Chocolate Chip Cookie,Cookie,2,2.0,0,4.0,upi,online,C0088
3291,2025-06-03,Tuesday,P08,Chocolate Chip Cookie,Cookie,1,2.0,0,2.0,upi,online,
3292,2025-06-03,Tuesday,P08,Chocolate Chip Cookie,Cookie,1,2.0,0,2.0,upi,catering,C0002
3292,2025-06-03,Tuesday,P08,Chocolate Chip Cookie,Cookie,1,2.0,0,2.0,upi,catering,C0002
3293,2025-06-03,Tuesday,P14,Rye Loaf,Bread,1,4.9,0,4.9,upi,in-store,C0075
3294,2025-06-03,Tuesday,P11,Cupcake (single),Cake,1,3.25,0,3.25,upi,in-store,
3295,2025-06-03,Tuesday,P03,Whole Wheat Loaf,Bread,1,4.75,0,4.75,cash,in-store,
3295,2025-06-03,Tuesday,P10,Birthday Cake (whole),Cake,1,32.0,0,32.0,cash,in-store,
3296,2025-06-03,Tuesday,P12,Bagel - Plain,Bread,1,2.25,0,2.25,cash,catering,
3296,2025-06-03,Tuesday,P10,Birthday Cake (whole),Cake,1,32.0,0,32.0,cash,catering,
3297,2025-06-03,Tuesday,P09,Oatmeal Raisin Cookie,Cookie,1,2.0,0,2.0,upi,in-store,C0009
3297,2025-06-03,Tuesday,P14,Rye Loaf,Bread,1,4.9,0,4.9,upi,in-store,C0009
3297,2025-06-03,Tuesday,P07,Blueberry Muffin,Pastry,2,2.75,0,5.5,upi,in-store,C0009
3297,2025-06-03,Tuesday,P06,Cinnamon Roll,Pastry,2,3.75,0,7.5,upi,in-store,C0009
3299,2025-06-03,Tuesday,P07,Blueberry Muffin,Pastry,1,2.75,0,2.75,upi,catering,C0082
3299,2025-06-03,Tuesday,P02,Baguette,Bread,1,3.25,0,3.25,upi,catering,C0082
3299,2025-06-03,Tuesday,P12,Bagel - Plain,Bread,1,2.25,0,2.25,upi,catering,C0082
3299,2025-06-03,Tuesday,P01,Sourdough Loaf,Bread,1,4.5,0,4.5,upi,catering,C0082
3300,2025-06-03,Tuesday,P14,Rye Loaf,Bread,1,4.9,0,4.9,upi,in-store,C0057
3301,2025-06-03,Tuesday,P13,Bagel - Everything,Bread,1,2.5,0,2.5,cash,online,
3301,2025-06-03,Tuesday,P05,Pain au Chocolat,Pastry,1,3.5,0,3.5,cash,online,
3301,2025-06-03,Tuesday,P03,Whole Wheat Loaf,Bread,1,4.75,0,4.75,cash,online,
3302,2025-06-03,Tuesday,P10,Birthday Cake (whole),Cake,1,32.0,0,32.0,upi,in-store,C0095
3303,2025-06-03,Tuesday,P05,Pain au Chocolat,Pastry,2,3.5,0,7.0,upi,in-store,C0122
3304,2025-06-03,Tuesday,P14,Rye Loaf,Bread,1,4.9,0,4.9,upi,online,
3305,2025-06-03,Tuesday,P15,Scone - Blueberry,Pastry,2,3.0,0,6.0,upi,in-store,C0104
3307,2025-06-04,Wednesday,P04,Croissant,Pastry,1,3.0,0,3.0,upi,in-store,
3307,2025-06-04,Wednesday,P10,Birthday Cake (whole),Cake,1,32.0,0,32.0,upi,in-store,
3308,2025-06-04,Wednesday,P12,Bagel - Plain,Bread,3,2.25,0,6.75,upi,in-store,
3310,2025-06-04,Wednesday,P11,Cupcake (single),Cake,1,3.25,0,3.25,card,in-store,C0014
3310,2025-06-04,Wednesday,P15,Scone - Blueberry,Pastry,1,3.0,0,3.0,card,in-store,C0014
3310,2025-06-04,Wednesday,P03,Whole Wheat Loaf,Bread,1,4.75,0,4.75,card,in-store,C0014
3311,2025-06-04,Wednesday,P02,Baguette,Bread,3,3.25,0,9.75,upi,online,
3311,2025-06-04,Wednesday,P03,Whole Wheat Loaf,Bread,1,4.75,0,4.75,upi,online,
3312,2025-06-04,Wednesday,P03,Whole Wheat Loaf,Bread,1,4.75,0,4.75,upi,in-store,
3313,2025-06-04,Wednesday,P08,Chocolate Chip Cookie,Cookie,2,2.0,0,4.0,card,in-store,
3313,2025-06-04,Wednesday,P08,Chocolate Chip Cookie,Cookie,1,2.0,0,2.0,card,in-store,
3314,2025-06-04,Wednesday,P04,Croissant,Pastry,1,3.0,0,3.0,upi,in-store,C0030
3315,2025-06-04,Wednesday,P10,Birthday Cake (whole),Cake,1,32.0,0,32.0,upi,in-store,C0024
3316,2025-06-04,Wednesday,P06,Cinnamon Roll,Pastry,1,3.75,0,3.75,cash,online,
3317,2025-06-04,Wednesday,P07,Blueberry Muffin,Pastry,1,2.75,0,2.75,card,in-store,
3317,2025-06-04,Wednesday,P02,Baguette,Bread,2,3.25,0,6.5,card,in-store,
3318,2025-06-04,Wednesday,P04,Croissant,Pastry,1,3.0,0,3.0,upi,in-store,C0121
3318,2025-06-04,Wednesday,P06,Cinnamon Roll,Pastry,1,3.75,0,3.75,upi,in-store,C0121
3319,2025-06-04,Wednesday,P01,Sourdough Loaf,Bread,1,4.5,0,4.5,card,in-store,C0081
3319,2025-06-04,Wednesday,P01,Sourdough Loaf,Bread,1,4.5,0,4.5,card,in-store,C0081
3320,2025-06-04,Wednesday,P01,Sourdough Loaf,Bread,1,4.5,0,4.5,card,online,C0036
3320,2025-06-04,Wednesday,P08,Chocolate Chip Cookie,Cookie,1,2.0,0,2.0,card,online,C0036
3321,2025-06-04,Wednesday,P04,Croissant,Pastry,1,3.0,0,3.0,upi,in-store,
3322,2025-06-05,Thursday,P04,Croissant,Pastry,1,3.0,0,3.0,card,online,
3324,2025-06-05,Thursday,P05,Pain au Chocolat,Pastry,2,3.5,0,7.0,card,catering,
3325,2025-06-05,Thursday,P03,Whole Wheat Loaf,Bread,3,4.75,0,14.25,upi,in-store,C0078
3325,2025-06-05,Thursday,P09,Oatmeal Raisin Cookie,Cookie,1,2.0,0,2.0,upi,in-store,C0078
3325,2025-06-05,Thursday,P07,Blueberry Muffin,Pastry,1,2.75,0,2.75,upi,in-store,C0078
3326,2025-06-05,Thursday,P13,Bagel - Everything,Bread,1,2.5,0,2.5,upi,in-store,
3326,2025-06-05,Thursday,P05,Pain au Chocolat,Pastry,1,3.5,0,3.5,upi,in-store,
3327,2025-06-05,Thursday,P08,Chocolate Chip Cookie,Cookie,1,2.0,0,2.0,card,in-store,C0107
3328,2025-06-05,Thursday,P10,Birthday Cake (whole),Cake,1,32.0,0,32.0,upi,in-store,
3328,2025-06-05,Thursday,P03,Whole Wheat Loaf,Bread,1,4.75,0,4.75,upi,in-store,
3329,2025-06-05,Thursday,P11,Cupcake (single),Cake,1,3.25,0,3.25,card,in-store,
3329,2025-06-05,Thursday,P04,Croissant,Pastry,1,3.0,0,3.0,card,in-store,
3330,2025-06-05,Thursday,P15,Scone - Blueberry,Pastry,1,3.0,0,3.0,card,in-store,C0018
3331,2025-06-05,Thursday,P14,Rye Loaf,Bread,1,4.9,0,4.9,upi,online,
3331,2025-06-05,Thursday,P08,Chocolate Chip Cookie,Cookie,3,2.0,0,6.0,upi,online,
3332,2025-06-05,Thursday,P08,Chocolate Chip Cookie,Cookie,1,2.0,0,2.0,upi,in-store,
3332,2025-06-05,Thursday,P04,Croissant,Pastry,1,3.0,0,3.0,upi,in-store,
3333,2025-06-05,Thursday,P04,Croissant,Pastry,1,3.0,0,3.0,upi,online,C0035
3334,2025-06-05,Thursday,P04,Croissant,Pastry,1,3.0,0,3.0,upi,in-store,
3334,2025-06-05,Thursday,P08,Chocolate Chip Cookie,Cookie,2,2.0,0,4.0,upi,in-store,
3335,2025-06-06,Friday,P09,Oatmeal Raisin Cookie,Cookie,1,2.0,0,2.0,card,in-store,
3336,2025-06-06,Friday,P07,Blueberry Muffin,Pastry,1,2.75,0,2.75,cash,in-store,C0063
3336,2025-06-06,Friday,P08,Chocolate Chip Cookie,Cookie,1,2.0,0,2.0,cash,in-store,C0063
3337,2025-06-06,Friday,P01,Sourdough Loaf,Bread,1,4.5,0,4.5,upi,in-store,C0080
3337,2025-06-06,Friday,P08,Chocolate Chip Cookie,Cookie,1,2.0,0,2.0,upi,in-store,C0080
3337,2025-06-06,Friday,P05,Pain au Chocolat,Pastry,1,3.5,0,3.5,upi,in-store,C0080
3338,2025-06-06,Friday,P01,Sourdough Loaf,Bread,2,4.5,0,9.0,cash,in-store,C0068
3338,2025-06-06,Friday,P13,Bagel - Everything,Bread,3,2.5,0,7.5,cash,in-store,C0068
3338,2025-06-06,Friday,P15,Scone - Blueberry,Pastry,2,3.0,0,6.0,cash,in-store,C0068
3339,2025-06-06,Friday,P09,Oatmeal Raisin Cookie,Cookie,2,2.0,0,4.0,card,in-store,
3340,2025-06-06,Friday,P02,Baguette,Bread,1,3.25,0,3.25,card,in-store,C0007
3340,2025-06-06,Friday,P12,Bagel - Plain,Bread,1,2.25,0,2.25,card,in-store,C0007
3341,2025-06-06,Friday,P08,Chocolate Chip Cookie,Cookie,1,2.0,0,2.0,upi,in-store,C0012
3342,2025-06-06,Friday,P14,Rye Loaf,Bread,1,4.9,0,4.9,cash,in-store,C0020
3342,2025-06-06,Friday,P06,Cinnamon Roll,Pastry,2,3.75,0,7.5,cash,in-store,C0020
3343,2025-06-06,Friday,P12,Bagel - Plain,Bread,1,2.25,0,2.25,card,online,C0095
3344,2025-06-06,Friday,P07,Blueberry Muffin,Pastry,2,2.75,0,5.5,card,in-store,C0036
3345,2025-06-06,Friday,P10,Birthday Cake (whole),Cake,1,32.0,0,32.0,upi,online,C0003
3346,2025-06-06,Friday,P13,Bagel - Everything,Bread,2,2.5,0,5.0,upi,in-store,C0065
3347,2025-06-06,Friday,P08,Chocolate Chip Cookie,Cookie,1,2.0,0,2.0,upi,in-store,
3347,2025-06-06,Friday,P09,Oatmeal Raisin Cookie,Cookie,3,2.0,0,6.0,upi,in-store,
3348,2025-06-06,Friday,P05,Pain au Chocolat,Pastry,1,3.5,0,3.5,upi,in-store,C0080
3349,2025-06-06,Friday,P15,Scone - Blueberry,Pastry,3,3.0,0,9.0,cash,in-store,C0044
3349,2025-06-06,Friday,P07,Blueberry Muffin,Pastry,2,2.75,0,5.5,cash,in-store,C0044
3349,2025-06-06,Friday,P08,Chocolate Chip Cookie,Cookie,1,2.0,0,2.0,cash,in-store,C0044
3350,2025-06-07,Saturday,P08,Chocolate Chip Cookie,Cookie,2,2.0,0,4.0,card,online,
3351,2025-06-07,Saturday,P07,Blueberry Muffin,Pastry,2,2.75,0,5.5,cash,in-store,C0065
3351,2025-06-07,Saturday,P08,Chocolate Chip Cookie,Cookie,1,2.0,0,2.0,cash,in-store,C0065
3351,2025-06-07,Saturday,P11,Cupcake (single),Cake,1,3.25,0,3.25,cash,in-store,C0065
3352,2025-06-07,Saturday,P15,Scone - Blueberry,Pastry,1,3.0,0,3.0,card,in-store,
3352,2025-06-07,Saturday,P08,Chocolate Chip Cookie,Cookie,1,2.0,0,2.0,card,in-store,
3352,2025-06-07,Saturday,P09,Oatmeal Raisin Cookie,Cookie,1,2.0,0,2.0,card,in-store,
3353,2025-06-07,Saturday,P03,Whole Wheat Loaf,Bread,1,4.75,0,4.75,upi,in-store,C0103
3353,2025-06-07,Saturday,P12,Bagel - Plain,Bread,3,2.25,0,6.75,upi,in-store,C0103
3353,2025-06-07,Saturday,P14,Rye Loaf,Bread,1,4.9,0,4.9,upi,in-store,C0103
3353,2025-06-07,Saturday,P07,Blueberry Muffin,Pastry,2,2.75,0,5.5,upi,in-store,C0103
3354,2025-06-07,Saturday,P11,Cupcake (single),Cake,1,3.25,0,3.25,cash,catering,
3355,2025-06-07,Saturday,P13,Bagel - Everything,Bread,1,2.5,0,2.5,upi,in-store,
3356,2025-06-07,Saturday,P08,Chocolate Chip Cookie,Cookie,1,2.0,0,2.0,card,in-store,
3357,2025-06-07,Saturday,P05,Pain au Chocolat,Pastry,3,3.5,0,10.5,upi,in-store,C0125
3358,2025-06-07,Saturday,P14,Rye Loaf,Bread,1,4.9,0,4.9,cash,in-store,
3358,2025-06-07,Saturday,P07,Blueberry Muffin,Pastry,1,2.75,0,2.75,cash,in-store,
3358,2025-06-07,Saturday,P03,Whole Wheat Loaf,Bread,1,4.75,0,4.75,cash,in-store,
3359,2025-06-07,Saturday,P03,Whole Wheat Loaf,Bread,2,4.75,0,9.5,upi,in-store,
3359,2025-06-07,Saturday,P08,Chocolate Chip Cookie,Cookie,1,2.0,0,2.0,upi,in-store,
3359,2025-06-07,Saturday,P06,Cinnamon Roll,Pastry,2,3.75,0,7.5,upi,in-store,
3359,2025-06-07,Saturday,P09,Oatmeal Raisin Cookie,Cookie,1,2.0,0,2.0,upi,in-store,
3360,2025-06-07,Saturday,P10,Birthday Cake (whole),Cake,1,32.0,0,32.0,card,in-store,C0040
3363,2025-06-07,Saturday,P10,Birthday Cake (whole),Cake,1,32.0,0,32.0,upi,online,C0006
3363,2025-06-07,Saturday,P12,Bagel - Plain,Bread,1,2.25,0,2.25,upi,online,C0006
3363,2025-06-07,Saturday,P13,Bagel - Everything,Bread,2,2.5,0,5.0,upi,online,C0006
3364,2025-06-07,Saturday,P13,Bagel - Everything,Bread,1,2.5,0,2.5,card,in-store,C0041
3365,2025-06-07,Saturday,P05,Pain au Chocolat,Pastry,3,3.5,0,10.5,upi,in-store,
3366,2025-06-07,Saturday,P08,Chocolate Chip Cookie,Cookie,1,2.0,0,2.0,cash,in-store,
3368,2025-06-07,Saturday,P09,Oatmeal Raisin Cookie,Cookie,1,2.0,0,2.0,card,online,C0076
3369,2025-06-07,Saturday,P12,Bagel - Plain,Bread,1,2.25,0,2.25,card,in-store,C0037
3370,2025-06-08,Sunday,P04,Croissant,Pastry,1,3.0,0,3.0,card,online,C0069
3371,2025-06-08,Sunday,P07,Blueberry Muffin,Pastry,1,2.75,0,2.75,cash,online,C0014
3372,2025-06-08,Sunday,P02,Baguette,Bread,1,3.25,0,3.25,card,in-store,
3373,2025-06-08,Sunday,P07,Blueberry Muffin,Pastry,2,2.75,0,5.5,upi,in-store,C0004
3374,2025-06-08,Sunday,P14,Rye Loaf,Bread,2,4.9,0,9.8,upi,catering,C0067
3375,2025-06-08,Sunday,P13,Bagel - Everything,Bread,3,2.5,0,7.5,cash,in-store,
3375,2025-06-08,Sunday,P04,Croissant,Pastry,1,3.0,0,3.0,cash,in-store,
3375,2025-06-08,Sunday,P07,Blueberry Muffin,Pastry,3,2.75,0,8.25,cash,in-store,
3376,2025-06-08,Sunday,P01,Sourdough Loaf,Bread,1,4.5,0,4.5,cash,in-store,C0092
3377,2025-06-08,Sunday,P15,Scone - Blueberry,Pastry,1,3.0,0,3.0,card,online,C0036
3378,2025-06-08,Sunday,P03,Whole Wheat Loaf,Bread,3,4.75,0,14.25,cash,in-store,C0033
3379,2025-06-08,Sunday,P12,Bagel - Plain,Bread,2,2.25,0,4.5,cash,in-store,C0009
3379,2025-06-08,Sunday,P09,Oatmeal Raisin Cookie,Cookie,1,2.0,0,2.0,cash,in-store,C0009
3380,2025-06-08,Sunday,P15,Scone - Blueberry,Pastry,1,3.0,0,3.0,cash,in-store,
3381,2025-06-08,Sunday,P15,Scone - Blueberry,Pastry,2,3.0,0,6.0,upi,in-store,C0023
3381,2025-06-08,Sunday,P02,Baguette,Bread,1,3.25,0,3.25,upi,in-store,C0023
3382,2025-06-08,Sunday,P07,Blueberry Muffin,Pastry,1,2.75,0,2.75,card,in-store,C0121
3383,2025-06-08,Sunday,P04,Croissant,Pastry,2,3.0,0,6.0,upi,in-store,C0053
3383,2025-06-08,Sunday,P07,Blueberry Muffin,Pastry,1,2.75,0,2.75,upi,in-store,C0053
3384,2025-06-08,Sunday,P12,Bagel - Plain,Bread,2,2.25,0,4.5,cash,in-store,C0034
3385,2025-06-08,Sunday,P07,Blueberry Muffin,Pastry,2,2.75,0,5.5,card,in-store,C0123
3385,2025-06-08,Sunday,P02,Baguette,Bread,1,3.25,0,3.25,card,in-store,C0123
3385,2025-06-08,Sunday,P08,Chocolate Chip Cookie,Cookie,3,2.0,0,6.0,card,in-store,C0123
3386,2025-06-08,Sunday,P06,Cinnamon Roll,Pastry,1,3.75,0,3.75,card,in-store,C0109
3386,2025-06-08,Sunday,P08,Chocolate Chip Cookie,Cookie,1,2.0,0,2.0,card,in-store,C0109
3386,2025-06-08,Sunday,P12,Bagel - Plain,Bread,3,2.25,0,6.75,card,in-store,C0109
3387,2025-06-08,Sunday,P14,Rye Loaf,Bread,3,4.9,0,14.7,card,in-store,
3388,2025-06-08,Sunday,P12,Bagel - Plain,Bread,1,2.25,0,2.25,card,in-store,C0116
3389,2025-06-08,Sunday,P07,Blueberry Muffin,Pastry,1,2.75,0,2.75,upi,in-store,C0118
3390,2025-06-08,Sunday,P14,Rye Loaf,Bread,1,4.9,0,4.9,upi,in-store,C0024
3390,2025-06-08,Sunday,P14,Rye Loaf,Bread,1,4.9,0,4.9,upi,in-store,C0024
3391,2025-06-08,Sunday,P10,Birthday Cake (whole),Cake,1,32.0,0,32.0,cash,in-store,C0042
3392,2025-06-08,Sunday,P11,Cupcake (single),Cake,1,3.25,0,3.25,card,in-store,C0008
3392,2025-06-08,Sunday,P15,Scone - Blueberry,Pastry,3,3.0,0,9.0,card,in-store,C0008
3392,2025-06-08,Sunday,P08,Chocolate Chip Cookie,Cookie,1,2.0,0,2.0,card,in-store,C0008
3393,2025-06-08,Sunday,P01,Sourdough Loaf,Bread,3,4.5,0,13.5,cash,in-store,
3394,2025-06-08,Sunday,P11,Cupcake (single),Cake,1,3.25,0,3.25,upi,in-store,C0095
3394,2025-06-08,Sunday,P05,Pain au Chocolat,Pastry,1,3.5,0,3.5,upi,in-store,C0095
3394,2025-06-08,Sunday,P07,Blueberry Muffin,Pastry,1,2.75,0,2.75,upi,in-store,C0095
3394,2025-06-08,Sunday,P08,Chocolate Chip Cookie,Cookie,1,2.0,0,2.0,upi,in-store,C0095
3395,2025-06-08,Sunday,P10,Birthday Cake (whole),Cake,1,32.0,0,32.0,upi,in-store,C0019
3396,2025-06-09,Monday,P07,Blueberry Muffin,Pastry,1,2.75,0,2.75,upi,in-store,C0091
3396,2025-06-09,Monday,P15,Scone - Blueberry,Pastry,1,3.0,0,3.0,upi,in-store,C0091
3397,2025-06-09,Monday,P05,Pain au Chocolat,Pastry,1,3.5,0,3.5,upi,online,C0067
3397,2025-06-09,Monday,P15,Scone - Blueberry,Pastry,1,3.0,0,3.0,upi,online,C0067
3398,2025-06-09,Monday,P04,Croissant,Pastry,1,3.0,0,3.0,card,online,C0041
3399,2025-06-09,Monday,P12,Bagel - Plain,Bread,3,2.25,0,6.75,upi,in-store,C0113
3399,2025-06-09,Monday,P14,Rye Loaf,Bread,3,4.9,0,14.7,upi,in-store,C0113
3400,2025-06-09,Monday,P05,Pain au Chocolat,Pastry,1,3.5,0,3.5,card,in-store,
3401,2025-06-09,Monday,P07,Blueberry Muffin,Pastry,1,2.75,0,2.75,cash,online,
3401,2025-06-09,Monday,P07,Blueberry Muffin,Pastry,1,2.75,0,2.75,cash,online,
3402,2025-06-09,Monday,P14,Rye Loaf,Bread,1,4.9,0,4.9,card,in-store,C0130
3403,2025-06-09,Monday,P14,Rye Loaf,Bread,1,4.9,0,4.9,upi,in-store,C0051
3403,2025-06-09,Monday,P09,Oatmeal Raisin Cookie,Cookie,1,2.0,0,2.0,upi,in-store,C0051
3403,2025-06-09,Monday,P07,Blueberry Muffin,Pastry,2,2.75,0,5.5,upi,in-store,C0051
3406,2025-06-09,Monday,P04,Croissant,Pastry,1,3.0,0,3.0,cash,online,C0044
3406,2025-06-09,Monday,P08,Chocolate Chip Cookie,Cookie,1,2.0,0,2.0,cash,online,C0044
3406,2025-06-09,Monday,P03,Whole Wheat Loaf,Bread,1,4.75,0,4.75,cash,online,C0044
3408,2025-06-09,Monday,P05,Pain au Chocolat,Pastry,1,3.5,0,3.5,cash,in-store,
3408,2025-06-09,Monday,P12,Bagel - Plain,Bread,1,2.25,0,2.25,cash,in-store,
3409,2025-06-09,Monday,P12,Bagel - Plain,Bread,1,2.25,0,2.25,cash,in-store,C0005
3409,2025-06-09,Monday,P14,Rye Loaf,Bread,2,4.9,0,9.8,cash,in-store,C0005
3410,2025-06-09,Monday,P07,Blueberry Muffin,Pastry,1,2.75,0,2.75,card,in-store,
3411,2025-06-09,Monday,P07,Blueberry Muffin,Pastry,1,2.75,0,2.75,card,in-store,C0046
3411,2025-06-09,Monday,P01,Sourdough Loaf,Bread,1,4.5,0,4.5,card,in-store,C0046
3412,2025-06-09,Monday,P07,Blueberry Muffin,Pastry,1,2.75,0,2.75,card,in-store,
3413,2025-06-09,Monday,P03,Whole Wheat Loaf,Bread,1,4.75,0,4.75,cash,in-store,C0129
3415,2025-06-10,Tuesday,P10,Birthday Cake (whole),Cake,1,32.0,0,32.0,card,in-store,C0113
3415,2025-06-10,Tuesday,P07,Blueberry Muffin,Pastry,2,2.75,0,5.5,card,in-store,C0113
3417,2025-06-10,Tuesday,P15,Scone - Blueberry,Pastry,2,3.0,0,6.0,card,online,C0048
3418,2025-06-10,Tuesday,P09,Oatmeal Raisin Cookie,Cookie,1,2.0,0,2.0,card,in-store,
3419,2025-06-10,Tuesday,P09,Oatmeal Raisin Cookie,Cookie,1,2.0,0,2.0,card,in-store,
3419,2025-06-10,Tuesday,P08,Chocolate Chip Cookie,Cookie,1,2.0,0,2.0,card,in-store,
3420,2025-06-10,Tuesday,P07,Blueberry Muffin,Pastry,1,2.75,0,2.75,card,online,C0107
3421,2025-06-11,Wednesday,P14,Rye Loaf,Bread,2,4.9,0,9.8,cash,in-store,C0069
3421,2025-06-11,Wednesday,P05,Pain au Chocolat,Pastry,1,3.5,0,3.5,cash,in-store,C0069
3423,2025-06-11,Wednesday,P15,Scone - Blueberry,Pastry,2,3.0,0,6.0,card,in-store,
3424,2025-06-11,Wednesday,P13,Bagel - Everything,Bread,1,2.5,0,2.5,card,in-store,C0095
3425,2025-06-11,Wednesday,P10,Birthday Cake (whole),Cake,1,32.0,0,32.0,card,in-store,
3425,2025-06-11,Wednesday,P02,Baguette,Bread,1,3.25,0,3.25,card,in-store,
3426,2025-06-11,Wednesday,P10,Birthday Cake (whole),Cake,1,32.0,0,32.0,upi,online,C0055
3426,2025-06-11,Wednesday,P05,Pain au Chocolat,Pastry,1,3.5,0,3.5,upi,online,C0055
3427,2025-06-11,Wednesday,P02,Baguette,Bread,2,3.25,0,6.5,upi,in-store,C0061
3427,2025-06-11,Wednesday,P05,Pain au Chocolat,Pastry,1,3.5,0,3.5,upi,in-store,C0061
3428,2025-06-11,Wednesday,P08,Chocolate Chip Cookie,Cookie,1,2.0,0,2.0,cash,online,C0088
3430,2025-06-11,Wednesday,P02,Baguette,Bread,1,3.25,0,3.25,card,in-store,C0056
3430,2025-06-11,Wednesday,P08,Chocolate Chip Cookie,Cookie,1,2.0,0,2.0,card,in-store,C0056
3431,2025-06-11,Wednesday,P15,Scone - Blueberry,Pastry,1,3.0,0,3.0,cash,in-store,C0009
3431,2025-06-11,Wednesday,P04,Croissant,Pastry,1,3.0,0,3.0,cash,in-store,C0009
3432,2025-06-11,Wednesday,P14,Rye Loaf,Bread,3,4.9,0,14.7,card,in-store,C0038
3432,2025-06-11,Wednesday,P08,Chocolate Chip Cookie,Cookie,2,2.0,0,4.0,card,in-store,C0038
3433,2025-06-11,Wednesday,P09,Oatmeal Raisin Cookie,Cookie,1,2.0,0,2.0,card,in-store,C0064
3434,2025-06-11,Wednesday,P05,Pain au Chocolat,Pastry,1,3.5,0,3.5,upi,in-store,C0055
3435,2025-06-11,Wednesday,P01,Sourdough Loaf,Bread,1,4.5,0,4.5,card,online,
3435,2025-06-11,Wednesday,P07,Blueberry Muffin,Pastry,1,2.75,0,2.75,card,online,
3436,2025-06-12,Thursday,P05,Pain au Chocolat,Pastry,1,3.5,0,3.5,cash,in-store,C0022
3437,2025-06-12,Thursday,P13,Bagel - Everything,Bread,1,2.5,0,2.5,cash,in-store,C0051
3438,2025-06-12,Thursday,P08,Chocolate Chip Cookie,Cookie,1,2.0,0,2.0,upi,in-store,C0027
3439,2025-06-12,Thursday,P07,Blueberry Muffin,Pastry,2,2.75,0,5.5,cash,in-store,C0064
3439,2025-06-12,Thursday,P13,Bagel - Everything,Bread,1,2.5,0,2.5,cash,in-store,C0064
3439,2025-06-12,Thursday,P05,Pain au Chocolat,Pastry,1,3.5,0,3.5,cash,in-store,C0064
3439,2025-06-12,Thursday,P01,Sourdough Loaf,Bread,3,4.5,0,13.5,cash,in-store,C0064
3440,2025-06-12,Thursday,P03,Whole Wheat Loaf,Bread,1,4.75,0,4.75,cash,in-store,C0072
3441,2025-06-12,Thursday,P06,Cinnamon Roll,Pastry,1,3.75,0,3.75,upi,online,C0078
3441,2025-06-12,Thursday,P13,Bagel - Everything,Bread,1,2.5,0,2.5,upi,online,C0078
3441,2025-06-12,Thursday,P13,Bagel - Everything,Bread,1,2.5,0,2.5,upi,online,C0078
3442,2025-06-12,Thursday,P15,Scone - Blueberry,Pastry,1,3.0,0,3.0,cash,in-store,C0078
3443,2025-06-12,Thursday,P03,Whole Wheat Loaf,Bread,1,4.75,0,4.75,upi,in-store,
3444,2025-06-12,Thursday,P14,Rye Loaf,Bread,3,4.9,0,14.7,card,in-store,
3444,2025-06-12,Thursday,P04,Croissant,Pastry,2,3.0,0,6.0,card,in-store,
3445,2025-06-12,Thursday,P14,Rye Loaf,Bread,1,4.9,0,4.9,card,online,C0023
3445,2025-06-12,Thursday,P14,Rye Loaf,Bread,1,4.9,0,4.9,card,online,C0023
3445,2025-06-12,Thursday,P02,Baguette,Bread,1,3.25,0,3.25,card,online,C0023
3447,2025-06-13,Friday,P03,Whole Wheat Loaf,Bread,3,4.75,0,14.25,upi,catering,
3448,2025-06-13,Friday,P07,Blueberry Muffin,Pastry,1,2.75,0,2.75,cash,in-store,C0074
3449,2025-06-13,Friday,P02,Baguette,Bread,1,3.25,0,3.25,upi,online,C0068
3450,2025-06-13,Friday,P13,Bagel - Everything,Bread,3,2.5,0,7.5,upi,in-store,C0087
3450,2025-06-13,Friday,P08,Chocolate Chip Cookie,Cookie,1,2.0,0,2.0,upi,in-store,C0087
3450,2025-06-13,Friday,P08,Chocolate Chip Cookie,Cookie,1,2.0,0,2.0,upi,in-store,C0087
3451,2025-06-13,Friday,P12,Bagel - Plain,Bread,1,2.25,0,2.25,upi,catering,C0008
3452,2025-06-13,Friday,P09,Oatmeal Raisin Cookie,Cookie,2,2.0,0,4.0,card,in-store,C0083
3452,2025-06-13,Friday,P06,Cinnamon Roll,Pastry,1,3.75,0,3.75,card,in-store,C0083
3452,2025-06-13,Friday,P03,Whole Wheat Loaf,Bread,1,4.75,0,4.75,card,in-store,C0083
3454,2025-06-13,Friday,P01,Sourdough Loaf,Bread,1,4.5,0,4.5,upi,in-store,C0115
3455,2025-06-13,Friday,P07,Blueberry Muffin,Pastry,1,2.75,0,2.75,cash,in-store,C0047
3455,2025-06-13,Friday,P05,Pain au Chocolat,Pastry,1,3.5,0,3.5,cash,in-store,C0047
3455,2025-06-13,Friday,P08,Chocolate Chip Cookie,Cookie,1,2.0,0,2.0,cash,in-store,C0047
3456,2025-06-13,Friday,P08,Chocolate Chip Cookie,Cookie,1,2.0,0,2.0,card,in-store,
3456,2025-06-13,Friday,P12,Bagel - Plain,Bread,1,2.25,0,2.25,card,in-store,
3457,2025-06-14,Saturday,P05,Pain au Chocolat,Pastry,1,3.5,0,3.5,upi,online,
3457,2025-06-14,Saturday,P07,Blueberry Muffin,Pastry,2,2.75,0,5.5,upi,online,
3458,2025-06-14,Saturday,P08,Chocolate Chip Cookie,Cookie,1,2.0,0,2.0,upi,in-store,
3458,2025-06-14,Saturday,P10,Birthday Cake (whole),Cake,1,32.0,0,32.0,upi,in-store,
3458,2025-06-14,Saturday,P09,Oatmeal Raisin Cookie,Cookie,1,2.0,0,2.0,upi,in-store,
3459,2025-06-14,Saturday,P15,Scone - Blueberry,Pastry,1,3.0,0,3.0,upi,in-store,C0068
3459,2025-06-14,Saturday,P04,Croissant,Pastry,1,3.0,0,3.0,upi,in-store,C0068
3459,2025-06-14,Saturday,P08,Chocolate Chip Cookie,Cookie,1,2.0,0,2.0,upi,in-store,C0068
3461,2025-06-14,Saturday,P06,Cinnamon Roll,Pastry,1,3.75,0,3.75,card,online,C0064
3461,2025-06-14,Saturday,P13,Bagel - Everything,Bread,1,2.5,0,2.5,card,online,C0064
3461,2025-06-14,Saturday,P05,Pain au Chocolat,Pastry,1,3.5,0,3.5,card,online,C0064
3462,2025-06-14,Saturday,P07,Blueberry Muffin,Pastry,1,2.75,0,2.75,cash,in-store,
3463,2025-06-14,Saturday,P14,Rye Loaf,Bread,1,4.9,0,4.9,upi,in-store,C0106
3464,2025-06-14,Saturday,P14,Rye Loaf,Bread,3,4.9,0,14.7,card,online,C0018
3464,2025-06-14,Saturday,P08,Chocolate Chip Cookie,Cookie,2,2.0,0,4.0,card,online,C0018
3464,2025-06-14,Saturday,P05,Pain au Chocolat,Pastry,3,3.5,0,10.5,card,online,C0018
3465,2025-06-14,Saturday,P08,Chocolate Chip Cookie,Cookie,1,2.0,0,2.0,card,in-store,C0028
3465,2025-06-14,Saturday,P03,Whole Wheat Loaf,Bread,1,4.75,0,4.75,card,in-store,C0028
3465,2025-06-14,Saturday,P04,Croissant,Pastry,3,3.0,0,9.0,card,in-store,C0028
3465,2025-06-14,Saturday,P04,Croissant,Pastry,3,3.0,0,9.0,card,in-store,C0028
3466,2025-06-14,Saturday,P03,Whole Wheat Loaf,Bread,3,4.75,0,14.25,card,in-store,C0089
3467,2025-06-14,Saturday,P03,Whole Wheat Loaf,Bread,1,4.75,0,4.75,cash,in-store,C0055
3467,2025-06-14,Saturday,P02,Baguette,Bread,1,3.25,0,3.25,cash,in-store,C0055
3468,2025-06-14,Saturday,P05,Pain au Chocolat,Pastry,1,3.5,0,3.5,upi,in-store,C0009
3469,2025-06-14,Saturday,P15,Scone - Blueberry,Pastry,1,3.0,0,3.0,upi,in-store,
3471,2025-06-14,Saturday,P03,Whole Wheat Loaf,Bread,2,4.75,0,9.5,cash,in-store,
3471,2025-06-14,Saturday,P01,Sourdough Loaf,Bread,3,4.5,0,13.5,cash,in-store,
3472,2025-06-14,Saturday,P01,Sourdough Loaf,Bread,1,4.5,0,4.5,upi,in-store,
3472,2025-06-14,Saturday,P07,Blueberry Muffin,Pastry,1,2.75,0,2.75,upi,in-store,
3472,2025-06-14,Saturday,P07,Blueberry Muffin,Pastry,1,2.75,0,2.75,upi,in-store,
3473,2025-06-14,Saturday,P02,Baguette,Bread,1,3.25,0,3.25,cash,in-store,
3474,2025-06-14,Saturday,P03,Whole Wheat Loaf,Bread,1,4.75,0,4.75,card,in-store,C0120
3474,2025-06-14,Saturday,P15,Scone - Blueberry,Pastry,1,3.0,0,3.0,card,in-store,C0120
3474,2025-06-14,Saturday,P12,Bagel - Plain,Bread,3,2.25,0,6.75,card,in-store,C0120
3475,2025-06-14,Saturday,P05,Pain au Chocolat,Pastry,1,3.5,0,3.5,cash,online,C0095
3475,2025-06-14,Saturday,P09,Oatmeal Raisin Cookie,Cookie,1,2.0,0,2.0,cash,online,C0095
3476,2025-06-14,Saturday,P07,Blueberry Muffin,Pastry,1,2.75,0,2.75,upi,online,C0119
3476,2025-06-14,Saturday,P03,Whole Wheat Loaf,Bread,1,4.75,0,4.75,upi,online,C0119
3476,2025-06-14,Saturday,P07,Blueberry Muffin,Pastry,1,2.75,0,2.75,upi,online,C0119
3476,2025-06-14,Saturday,P03,Whole Wheat Loaf,Bread,1,4.75,0,4.75,upi,online,C0119
3477,2025-06-14,Saturday,P05,Pain au Chocolat,Pastry,1,3.5,0,3.5,upi,in-store,
3480,2025-06-14,Saturday,P09,Oatmeal Raisin Cookie,Cookie,3,2.0,0,6.0,card,in-store,
3481,2025-06-14,Saturday,P11,Cupcake (single),Cake,1,3.25,0,3.25,card,in-store,
3482,2025-06-14,Saturday,P03,Whole Wheat Loaf,Bread,1,4.75,0,4.75,upi,online,C0024
3483,2025-06-15,Sunday,P01,Sourdough Loaf,Bread,1,4.5,0,4.5,upi,in-store,
3484,2025-06-15,Sunday,P15,Scone - Blueberry,Pastry,1,3.0,0,3.0,card,in-store,
3484,2025-06-15,Sunday,P08,Chocolate Chip Cookie,Cookie,1,2.0,0,2.0,card,in-store,
3485,2025-06-15,Sunday,P03,Whole Wheat Loaf,Bread,2,4.75,0,9.5,upi,in-store,C0026
3485,2025-06-15,Sunday,P12,Bagel - Plain,Bread,1,2.25,0,2.25,upi,in-store,C0026
3486,2025-06-15,Sunday,P02,Baguette,Bread,2,3.25,0,6.5,cash,in-store,
3487,2025-06-15,Sunday,P02,Baguette,Bread,1,3.25,0,3.25,card,in-store,
3487,2025-06-15,Sunday,P09,Oatmeal Raisin Cookie,Cookie,1,2.0,0,2.0,card,in-store,
3487,2025-06-15,Sunday,P09,Oatmeal Raisin Cookie,Cookie,1,2.0,0,2.0,card,in-store,
3488,2025-06-15,Sunday,P09,Oatmeal Raisin Cookie,Cookie,1,2.0,0,2.0,upi,in-store,C0037
3489,2025-06-15,Sunday,P08,Chocolate Chip Cookie,Cookie,1,2.0,0,2.0,card,in-store,C0003
3489,2025-06-15,Sunday,P06,Cinnamon Roll,Pastry,2,3.75,0,7.5,card,in-store,C0003
3490,2025-06-15,Sunday,P14,Rye Loaf,Bread,1,4.9,0,4.9,cash,online,C0004
3490,2025-06-15,Sunday,P15,Scone - Blueberry,Pastry,2,3.0,0,6.0,cash,online,C0004
3491,2025-06-15,Sunday,P02,Baguette,Bread,3,3.25,0,9.75,card,online,
3491,2025-06-15,Sunday,P02,Baguette,Bread,1,3.25,0,3.25,card,online,
3491,2025-06-15,Sunday,P12,Bagel - Plain,Bread,1,2.25,0,2.25,card,online,
3491,2025-06-15,Sunday,P13,Bagel - Everything,Bread,2,2.5,0,5.0,card,online,
3492,2025-06-15,Sunday,P07,Blueberry Muffin,Pastry,1,2.75,0,2.75,card,in-store,
3493,2025-06-15,Sunday,P02,Baguette,Bread,1,3.25,0,3.25,upi,in-store,
3494,2025-06-15,Sunday,P09,Oatmeal Raisin Cookie,Cookie,1,2.0,0,2.0,card,in-store,C0047
3494,2025-06-15,Sunday,P07,Blueberry Muffin,Pastry,3,2.75,0,8.25,card,in-store,C0047
3495,2025-06-15,Sunday,P14,Rye Loaf,Bread,1,4.9,0,4.9,cash,in-store,C0126
3496,2025-06-15,Sunday,P14,Rye Loaf,Bread,1,4.9,0,4.9,upi,in-store,
3497,2025-06-15,Sunday,P03,Whole Wheat Loaf,Bread,2,4.75,0,9.5,upi,in-store,
3498,2025-06-15,Sunday,P14,Rye Loaf,Bread,1,4.9,0,4.9,cash,online,C0075
3499,2025-06-15,Sunday,P15,Scone - Blueberry,Pastry,1,3.0,0,3.0,upi,catering,
3500,2025-06-15,Sunday,P12,Bagel - Plain,Bread,2,2.25,0,4.5,card,in-store,C0061
3500,2025-06-15,Sunday,P08,Chocolate Chip Cookie,Cookie,1,2.0,0,2.0,card,in-store,C0061
3500,2025-06-15,Sunday,P08,Chocolate Chip Cookie,Cookie,3,2.0,0,6.0,card,in-store,C0061
3500,2025-06-15,Sunday,P03,Whole Wheat Loaf,Bread,1,4.75,0,4.75,card,in-store,C0061
3501,2025-06-15,Sunday,P02,Baguette,Bread,1,3.25,0,3.25,card,online,C0080
3502,2025-06-15,Sunday,P14,Rye Loaf,Bread,2,4.9,0,9.8,upi,in-store,C0102
3503,2025-06-16,Monday,P03,Whole Wheat Loaf,Bread,1,4.75,0,4.75,cash,in-store,C0058
3505,2025-06-16,Monday,P14,Rye Loaf,Bread,1,4.9,0,4.9,card,in-store,C0024
3505,2025-06-16,Monday,P03,Whole Wheat Loaf,Bread,1,4.75,0,4.75,card,in-store,C0024
3505,2025-06-16,Monday,P12,Bagel - Plain,Bread,1,2.25,0,2.25,card,in-store,C0024
3506,2025-06-16,Monday,P07,Blueberry Muffin,Pastry,1,2.75,0,2.75,upi,in-store,
3507,2025-06-16,Monday,P02,Baguette,Bread,2,3.25,0,6.5,cash,catering,
3509,2025-06-16,Monday,P11,Cupcake (single),Cake,1,3.25,0,3.25,cash,online,C0112
3510,2025-06-16,Monday,P02,Baguette,Bread,1,3.25,0,3.25,upi,online,C0103
3511,2025-06-17,Tuesday,P12,Bagel - Plain,Bread,1,2.25,0,2.25,cash,in-store,
3512,2025-06-17,Tuesday,P14,Rye Loaf,Bread,1,4.9,0,4.9,cash,in-store,C0118
3512,2025-06-17,Tuesday,P06,Cinnamon Roll,Pastry,2,3.75,0,7.5,cash,in-store,C0118
3513,2025-06-17,Tuesday,P12,Bagel - Plain,Bread,1,2.25,0,2.25,card,in-store,C0130
3514,2025-06-17,Tuesday,P10,Birthday Cake (whole),Cake,1,32.0,0,32.0,upi,online,C0037
3516,2025-06-17,Tuesday,P05,Pain au Chocolat,Pastry,1,3.5,0,3.5,upi,online,C0110
3516,2025-06-17,Tuesday,P15,Scone - Blueberry,Pastry,3,3.0,0,9.0,upi,online,C0110
3517,2025-06-17,Tuesday,P05,Pain au Chocolat,Pastry,1,3.5,0,3.5,card,online,
3517,2025-06-17,Tuesday,P02,Baguette,Bread,1,3.25,0,3.25,card,online,
3517,2025-06-17,Tuesday,P05,Pain au Chocolat,Pastry,1,3.5,0,3.5,card,online,
3518,2025-06-17,Tuesday,P11,Cupcake (single),Cake,1,3.25,0,3.25,card,in-store,
3520,2025-06-18,Wednesday,P03,Whole Wheat Loaf,Bread,1,4.75,0,4.75,upi,in-store,
3520,2025-06-18,Wednesday,P07,Blueberry Muffin,Pastry,1,2.75,0,2.75,upi,in-store,
3520,2025-06-18,Wednesday,P01,Sourdough Loaf,Bread,1,4.5,0,4.5,upi,in-store,
3521,2025-06-18,Wednesday,P05,Pain au Chocolat,Pastry,1,3.5,0,3.5,card,in-store,
3521,2025-06-18,Wednesday,P10,Birthday Cake (whole),Cake,1,32.0,0,32.0,card,in-store,
3522,2025-06-18,Wednesday,P10,Birthday Cake (whole),Cake,1,32.0,0,32.0,upi,in-store,C0027
3522,2025-06-18,Wednesday,P13,Bagel - Everything,Bread,1,2.5,0,2.5,upi,in-store,C0027
3522,2025-06-18,Wednesday,P09,Oatmeal Raisin Cookie,Cookie,2,2.0,0,4.0,upi,in-store,C0027
3522,2025-06-18,Wednesday,P02,Baguette,Bread,3,3.25,0,9.75,upi,in-store,C0027
3523,2025-06-18,Wednesday,P12,Bagel - Plain,Bread,3,2.25,0,6.75,cash,in-store,C0039
3523,2025-06-18,Wednesday,P12,Bagel - Plain,Bread,1,2.25,0,2.25,cash,in-store,C0039
3523,2025-06-18,Wednesday,P11,Cupcake (single),Cake,1,3.25,0,3.25,cash,in-store,C0039
3524,2025-06-18,Wednesday,P05,Pain au Chocolat,Pastry,1,3.5,0,3.5,upi,online,C0009
3524,2025-06-18,Wednesday,P02,Baguette,Bread,1,3.25,0,3.25,upi,online,C0009
3525,2025-06-18,Wednesday,P08,Chocolate Chip Cookie,Cookie,1,2.0,0,2.0,cash,in-store,
3525,2025-06-18,Wednesday,P08,Chocolate Chip Cookie,Cookie,2,2.0,0,4.0,cash,in-store,
3525,2025-06-18,Wednesday,P12,Bagel - Plain,Bread,1,2.25,0,2.25,cash,in-store,
3526,2025-06-18,Wednesday,P13,Bagel - Everything,Bread,1,2.5,0,2.5,cash,in-store,C0034
3526,2025-06-18,Wednesday,P08,Chocolate Chip Cookie,Cookie,1,2.0,0,2.0,cash,in-store,C0034
3528,2025-06-18,Wednesday,P12,Bagel - Plain,Bread,1,2.25,0,2.25,cash,in-store,
3529,2025-06-18,Wednesday,P07,Blueberry Muffin,Pastry,2,2.75,0,5.5,upi,online,
3530,2025-06-18,Wednesday,P05,Pain au Chocolat,Pastry,3,3.5,0,10.5,cash,in-store,C0026
3530,2025-06-18,Wednesday,P08,Chocolate Chip Cookie,Cookie,1,2.0,0,2.0,cash,in-store,C0026
3530,2025-06-18,Wednesday,P03,Whole Wheat Loaf,Bread,3,4.75,0,14.25,cash,in-store,C0026
3531,2025-06-19,Thursday,P05,Pain au Chocolat,Pastry,1,3.5,0,3.5,upi,catering,C0068
3532,2025-06-19,Thursday,P05,Pain au Chocolat,Pastry,1,3.5,0,3.5,cash,in-store,C0076
3532,2025-06-19,Thursday,P07,Blueberry Muffin,Pastry,1,2.75,0,2.75,cash,in-store,C0076
3532,2025-06-19,Thursday,P08,Chocolate Chip Cookie,Cookie,2,2.0,0,4.0,cash,in-store,C0076
3533,2025-06-19,Thursday,P06,Cinnamon Roll,Pastry,1,3.75,0,3.75,upi,in-store,C0100
3533,2025-06-19,Thursday,P01,Sourdough Loaf,Bread,1,4.5,0,4.5,upi,in-store,C0100
3534,2025-06-19,Thursday,P15,Scone - Blueberry,Pastry,1,3.0,0,3.0,cash,in-store,C0093
3535,2025-06-19,Thursday,P08,Chocolate Chip Cookie,Cookie,3,2.0,0,6.0,cash,in-store,
3535,2025-06-19,Thursday,P13,Bagel - Everything,Bread,1,2.5,0,2.5,cash,in-store,
3535,2025-06-19,Thursday,P09,Oatmeal Raisin Cookie,Cookie,1,2.0,0,2.0,cash,in-store,
3535,2025-06-19,Thursday,P11,Cupcake (single),Cake,1,3.25,0,3.25,cash,in-store,
3536,2025-06-19,Thursday,P12,Bagel - Plain,Bread,2,2.25,0,4.5,upi,online,
3536,2025-06-19,Thursday,P05,Pain au Chocolat,Pastry,1,3.5,0,3.5,upi,online,
3536,2025-06-19,Thursday,P13,Bagel - Everything,Bread,1,2.5,0,2.5,upi,online,
3537,2025-06-19,Thursday,P07,Blueberry Muffin,Pastry,3,2.75,0,8.25,upi,in-store,C0004
3537,2025-06-19,Thursday,P08,Chocolate Chip Cookie,Cookie,3,2.0,0,6.0,upi,in-store,C0004
3538,2025-06-19,Thursday,P14,Rye Loaf,Bread,3,4.9,0,14.7,upi,online,
3539,2025-06-19,Thursday,P10,Birthday Cake (whole),Cake,1,32.0,0,32.0,cash,in-store,
3539,2025-06-19,Thursday,P12,Bagel - Plain,Bread,2,2.25,0,4.5,cash,in-store,
3539,2025-06-19,Thursday,P14,Rye Loaf,Bread,3,4.9,0,14.7,cash,in-store,
3540,2025-06-19,Thursday,P08,Chocolate Chip Cookie,Cookie,1,2.0,0,2.0,upi,catering,C0027
3541,2025-06-19,Thursday,P07,Blueberry Muffin,Pastry,1,2.75,0,2.75,card,in-store,C0096
3542,2025-06-19,Thursday,P13,Bagel - Everything,Bread,3,2.5,0,7.5,upi,in-store,C0013
3542,2025-06-19,Thursday,P09,Oatmeal Raisin Cookie,Cookie,1,2.0,0,2.0,upi,in-store,C0013
3543,2025-06-19,Thursday,P08,Chocolate Chip Cookie,Cookie,1,2.0,0,2.0,card,in-store,C0039
3544,2025-06-19,Thursday,P14,Rye Loaf,Bread,1,4.9,0,4.9,card,in-store,C0078
3544,2025-06-19,Thursday,P07,Blueberry Muffin,Pastry,1,2.75,0,2.75,card,in-store,C0078
3544,2025-06-19,Thursday,P12,Bagel - Plain,Bread,1,2.25,0,2.25,card,in-store,C0078
3545,2025-06-19,Thursday,P14,Rye Loaf,Bread,1,4.9,0,4.9,upi,in-store,C0110
3546,2025-06-20,Friday,P12,Bagel - Plain,Bread,1,2.25,0,2.25,upi,online,C0117
3547,2025-06-20,Friday,P04,Croissant,Pastry,3,3.0,0,9.0,card,in-store,
3547,2025-06-20,Friday,P08,Chocolate Chip Cookie,Cookie,3,2.0,0,6.0,card,in-store,
3548,2025-06-20,Friday,P14,Rye Loaf,Bread,1,4.9,0,4.9,upi,in-store,C0032
3549,2025-06-20,Friday,P01,Sourdough Loaf,Bread,2,4.5,0,9.0,upi,in-store,
3550,2025-06-20,Friday,P09,Oatmeal Raisin Cookie,Cookie,1,2.0,0,2.0,upi,in-store,C0076
3551,2025-06-20,Friday,P10,Birthday Cake (whole),Cake,1,32.0,0,32.0,upi,online,C0014
3552,2025-06-20,Friday,P07,Blueberry Muffin,Pastry,2,2.75,0,5.5,upi,in-store,C0016
3552,2025-06-20,Friday,P03,Whole Wheat Loaf,Bread,1,4.75,0,4.75,upi,in-store,C0016
3553,2025-06-20,Friday,P15,Scone - Blueberry,Pastry,2,3.0,0,6.0,card,online,
3553,2025-06-20,Friday,P15,Scone - Blueberry,Pastry,1,3.0,0,3.0,card,online,
3554,2025-06-20,Friday,P10,Birthday Cake (whole),Cake,1,32.0,0,32.0,card,online,C0012
3554,2025-06-20,Friday,P09,Oatmeal Raisin Cookie,Cookie,1,2.0,0,2.0,card,online,C0012
3555,2025-06-20,Friday,P11,Cupcake (single),Cake,1,3.25,0,3.25,upi,in-store,
3555,2025-06-20,Friday,P09,Oatmeal Raisin Cookie,Cookie,1,2.0,0,2.0,upi,in-store,
3555,2025-06-20,Friday,P03,Whole Wheat Loaf,Bread,1,4.75,0,4.75,upi,in-store,
3556,2025-06-20,Friday,P05,Pain au Chocolat,Pastry,1,3.5,0,3.5,cash,in-store,C0001
3557,2025-06-20,Friday,P07,Blueberry Muffin,Pastry,1,2.75,0,2.75,card,online,C0127
3557,2025-06-20,Friday,P03,Whole Wheat Loaf,Bread,1,4.75,0,4.75,card,online,C0127
3557,2025-06-20,Friday,P14,Rye Loaf,Bread,1,4.9,0,4.9,card,online,C0127
3558,2025-06-20,Friday,P05,Pain au Chocolat,Pastry,1,3.5,0,3.5,upi,in-store,C0054
3558,2025-06-20,Friday,P08,Chocolate Chip Cookie,Cookie,1,2.0,0,2.0,upi,in-store,C0054
3559,2025-06-21,Saturday,P13,Bagel - Everything,Bread,1,2.5,0,2.5,cash,in-store,C0107
3559,2025-06-21,Saturday,P03,Whole Wheat Loaf,Bread,1,4.75,0,4.75,cash,in-store,C0107
3559,2025-06-21,Saturday,P03,Whole Wheat Loaf,Bread,3,4.75,0,14.25,cash,in-store,C0107
3560,2025-06-21,Saturday,P02,Baguette,Bread,1,3.25,0,3.25,cash,in-store,C0080
3561,2025-06-21,Saturday,P13,Bagel - Everything,Bread,1,2.5,0,2.5,card,online,
3562,2025-06-21,Saturday,P14,Rye Loaf,Bread,1,4.9,0,4.9,cash,in-store,
3563,2025-06-21,Saturday,P05,Pain au Chocolat,Pastry,2,3.5,0,7.0,card,in-store,
3564,2025-06-21,Saturday,P07,Blueberry Muffin,Pastry,2,2.75,0,5.5,cash,online,C0077
3566,2025-06-21,Saturday,P10,Birthday Cake (whole),Cake,1,32.0,0,32.0,upi,in-store,
3567,2025-06-21,Saturday,P03,Whole Wheat Loaf,Bread,1,4.75,0,4.75,upi,in-store,C0130
3567,2025-06-21,Saturday,P07,Blueberry Muffin,Pastry,1,2.75,0,2.75,upi,in-store,C0130
3568,2025-06-21,Saturday,P08,Chocolate Chip Cookie,Cookie,1,2.0,0,2.0,cash,online,
3569,2025-06-21,Saturday,P04,Croissant,Pastry,1,3.0,0,3.0,cash,in-store,C0118
3569,2025-06-21,Saturday,P02,Baguette,Bread,1,3.25,0,3.25,cash,in-store,C0118
3569,2025-06-21,Saturday,P03,Whole Wheat Loaf,Bread,1,4.75,0,4.75,cash,in-store,C0118
3570,2025-06-21,Saturday,P15,Scone - Blueberry,Pastry,1,3.0,0,3.0,card,in-store,C0045
3570,2025-06-21,Saturday,P09,Oatmeal Raisin Cookie,Cookie,1,2.0,0,2.0,card,in-store,C0045
3571,2025-06-21,Saturday,P05,Pain au Chocolat,Pastry,3,3.5,0,10.5,upi,in-store,
3572,2025-06-21,Saturday,P01,Sourdough Loaf,Bread,1,4.5,0,4.5,upi,in-store,
3572,2025-06-21,Saturday,P02,Baguette,Bread,1,3.25,0,3.25,upi,in-store,
3573,2025-06-21,Saturday,P04,Croissant,Pastry,1,3.0,0,3.0,card,online,
3574,2025-06-21,Saturday,P09,Oatmeal Raisin Cookie,Cookie,1,2.0,0,2.0,cash,online,C0125
3575,2025-06-21,Saturday,P08,Chocolate Chip Cookie,Cookie,2,2.0,0,4.0,card,online,C0043
3576,2025-06-22,Sunday,P14,Rye Loaf,Bread,2,4.9,0,9.8,upi,in-store,C0117
3576,2025-06-22,Sunday,P09,Oatmeal Raisin Cookie,Cookie,1,2.0,0,2.0,upi,in-store,C0117
3577,2025-06-22,Sunday,P07,Blueberry Muffin,Pastry,3,2.75,0,8.25,cash,in-store,C0015
3578,2025-06-22,Sunday,P02,Baguette,Bread,1,3.25,0,3.25,card,catering,C0023
3578,2025-06-22,Sunday,P03,Whole Wheat Loaf,Bread,2,4.75,0,9.5,card,catering,C0023
3579,2025-06-22,Sunday,P08,Chocolate Chip Cookie,Cookie,1,2.0,0,2.0,upi,online,
3579,2025-06-22,Sunday,P04,Croissant,Pastry,1,3.0,0,3.0,upi,online,
3580,2025-06-22,Sunday,P07,Blueberry Muffin,Pastry,1,2.75,0,2.75,upi,catering,C0076
3580,2025-06-22,Sunday,P03,Whole Wheat Loaf,Bread,1,4.75,0,4.75,upi,catering,C0076
3581,2025-06-22,Sunday,P11,Cupcake (single),Cake,1,3.25,0,3.25,cash,in-store,C0071
3581,2025-06-22,Sunday,P13,Bagel - Everything,Bread,1,2.5,0,2.5,cash,in-store,C0071
3582,2025-06-22,Sunday,P04,Croissant,Pastry,1,3.0,0,3.0,cash,in-store,C0013
3582,2025-06-22,Sunday,P05,Pain au Chocolat,Pastry,1,3.5,0,3.5,cash,in-store,C0013
3583,2025-06-22,Sunday,P11,Cupcake (single),Cake,1,3.25,0,3.25,cash,in-store,C0058
3583,2025-06-22,Sunday,P07,Blueberry Muffin,Pastry,1,2.75,0,2.75,cash,in-store,C0058
3584,2025-06-22,Sunday,P13,Bagel - Everything,Bread,2,2.5,0,5.0,cash,in-store,C0012
3584,2025-06-22,Sunday,P10,Birthday Cake (whole),Cake,1,32.0,0,32.0,cash,in-store,C0012
3585,2025-06-22,Sunday,P04,Croissant,Pastry,1,3.0,0,3.0,upi,in-store,C0024
3585,2025-06-22,Sunday,P05,Pain au Chocolat,Pastry,1,3.5,0,3.5,upi,in-store,C0024
3585,2025-06-22,Sunday,P07,Blueberry Muffin,Pastry,1,2.75,0,2.75,upi,in-store,C0024
3587,2025-06-22,Sunday,P11,Cupcake (single),Cake,1,3.25,0,3.25,card,online,C0055
3587,2025-06-22,Sunday,P09,Oatmeal Raisin Cookie,Cookie,1,2.0,0,2.0,card,online,C0055
3589,2025-06-22,Sunday,P09,Oatmeal Raisin Cookie,Cookie,2,2.0,0,4.0,upi,in-store,
3589,2025-06-22,Sunday,P10,Birthday Cake (whole),Cake,1,32.0,0,32.0,upi,in-store,
3591,2025-06-22,Sunday,P04,Croissant,Pastry,3,3.0,0,9.0,upi,in-store,
3591,2025-06-22,Sunday,P04,Croissant,Pastry,2,3.0,0,6.0,upi,in-store,
3592,2025-06-22,Sunday,P07,Blueberry Muffin,Pastry,1,2.75,0,2.75,card,in-store,
3593,2025-06-22,Sunday,P12,Bagel - Plain,Bread,1,2.25,0,2.25,cash,online,C0022
3593,2025-06-22,Sunday,P03,Whole Wheat Loaf,Bread,1,4.75,0,4.75,cash,online,C0022
3593,2025-06-22,Sunday,P03,Whole Wheat Loaf,Bread,1,4.75,0,4.75,cash,online,C0022
3593,2025-06-22,Sunday,P07,Blueberry Muffin,Pastry,3,2.75,0,8.25,cash,online,C0022
3594,2025-06-22,Sunday,P15,Scone - Blueberry,Pastry,1,3.0,0,3.0,upi,in-store,C0010
3595,2025-06-23,Monday,P15,Scone - Blueberry,Pastry,1,3.0,0,3.0,cash,in-store,
3596,2025-06-23,Monday,P07,Blueberry Muffin,Pastry,1,2.75,0,2.75,upi,in-store,C0033
3597,2025-06-23,Monday,P11,Cupcake (single),Cake,1,3.25,0,3.25,card,in-store,C0070
3598,2025-06-23,Monday,P09,Oatmeal Raisin Cookie,Cookie,1,2.0,0,2.0,upi,online,C0026
3599,2025-06-23,Monday,P01,Sourdough Loaf,Bread,1,4.5,0,4.5,card,online,C0026
3600,2025-06-23,Monday,P02,Baguette,Bread,3,3.25,0,9.75,card,in-store,C0109
3600,2025-06-23,Monday,P04,Croissant,Pastry,1,3.0,0,3.0,card,in-store,C0109
3601,2025-06-23,Monday,P08,Chocolate Chip Cookie,Cookie,3,2.0,0,6.0,card,online,
3601,2025-06-23,Monday,P07,Blueberry Muffin,Pastry,1,2.75,0,2.75,card,online,
3602,2025-06-23,Monday,P06,Cinnamon Roll,Pastry,1,3.75,0,3.75,card,in-store,C0082
3602,2025-06-23,Monday,P12,Bagel - Plain,Bread,1,2.25,0,2.25,card,in-store,C0082
3603,2025-06-23,Monday,P12,Bagel - Plain,Bread,1,2.25,0,2.25,cash,in-store,
3604,2025-06-23,Monday,P03,Whole Wheat Loaf,Bread,2,4.75,0,9.5,cash,in-store,
3605,2025-06-23,Monday,P05,Pain au Chocolat,Pastry,2,3.5,0,7.0,upi,online,C0025
3607,2025-06-24,Tuesday,P12,Bagel - Plain,Bread,1,2.25,0,2.25,upi,in-store,C0006
3607,2025-06-24,Tuesday,P10,Birthday Cake (whole),Cake,1,32.0,0,32.0,upi,in-store,C0006
3608,2025-06-24,Tuesday,P12,Bagel - Plain,Bread,1,2.25,0,2.25,card,in-store,C0107
3608,2025-06-24,Tuesday,P15,Scone - Blueberry,Pastry,1,3.0,0,3.0,card,in-store,C0107
3608,2025-06-24,Tuesday,P08,Chocolate Chip Cookie,Cookie,1,2.0,0,2.0,card,in-store,C0107
3609,2025-06-24,Tuesday,P10,Birthday Cake (whole),Cake,1,32.0,0,32.0,cash,in-store,C0087
3610,2025-06-24,Tuesday,P08,Chocolate Chip Cookie,Cookie,1,2.0,0,2.0,upi,in-store,C0059
3611,2025-06-24,Tuesday,P14,Rye Loaf,Bread,2,4.9,0,9.8,upi,in-store,C0003
3612,2025-06-24,Tuesday,P08,Chocolate Chip Cookie,Cookie,1,2.0,0,2.0,upi,in-store,C0076
3613,2025-06-24,Tuesday,P05,Pain au Chocolat,Pastry,1,3.5,0,3.5,cash,in-store,C0087
3614,2025-06-25,Wednesday,P11,Cupcake (single),Cake,1,3.25,0,3.25,upi,online,C0001
3614,2025-06-25,Wednesday,P09,Oatmeal Raisin Cookie,Cookie,1,2.0,0,2.0,upi,online,C0001
3614,2025-06-25,Wednesday,P09,Oatmeal Raisin Cookie,Cookie,1,2.0,0,2.0,upi,online,C0001
3615,2025-06-25,Wednesday,P07,Blueberry Muffin,Pastry,3,2.75,0,8.25,upi,in-store,
3616,2025-06-25,Wednesday,P01,Sourdough Loaf,Bread,1,4.5,0,4.5,card,in-store,C0067
3616,2025-06-25,Wednesday,P05,Pain au Chocolat,Pastry,2,3.5,0,7.0,card,in-store,C0067
3616,2025-06-25,Wednesday,P05,Pain au Chocolat,Pastry,1,3.5,0,3.5,card,in-store,C0067
3617,2025-06-25,Wednesday,P14,Rye Loaf,Bread,3,4.9,0,14.7,card,in-store,C0039
3619,2025-06-25,Wednesday,P03,Whole Wheat Loaf,Bread,3,4.75,0,14.25,card,online,
3620,2025-06-25,Wednesday,P04,Croissant,Pastry,2,3.0,0,6.0,cash,in-store,
3620,2025-06-25,Wednesday,P10,Birthday Cake (whole),Cake,1,32.0,0,32.0,cash,in-store,
3621,2025-06-25,Wednesday,P15,Scone - Blueberry,Pastry,1,3.0,0,3.0,cash,in-store,C0062
3623,2025-06-25,Wednesday,P07,Blueberry Muffin,Pastry,1,2.75,0,2.75,card,online,C0123
3623,2025-06-25,Wednesday,P02,Baguette,Bread,1,3.25,0,3.25,card,online,C0123
3624,2025-06-25,Wednesday,P07,Blueberry Muffin,Pastry,1,2.75,0,2.75,card,in-store,
3624,2025-06-25,Wednesday,P03,Whole Wheat Loaf,Bread,1,4.75,0,4.75,card,in-store,
3624,2025-06-25,Wednesday,P12,Bagel - Plain,Bread,2,2.25,0,4.5,card,in-store,
3625,2025-06-26,Thursday,P07,Blueberry Muffin,Pastry,1,2.75,0,2.75,cash,in-store,C0070
3626,2025-06-26,Thursday,P09,Oatmeal Raisin Cookie,Cookie,3,2.0,0,6.0,upi,in-store,C0075
3627,2025-06-26,Thursday,P15,Scone - Blueberry,Pastry,1,3.0,0,3.0,card,in-store,C0121
3627,2025-06-26,Thursday,P01,Sourdough Loaf,Bread,2,4.5,0,9.0,card,in-store,C0121
3628,2025-06-26,Thursday,P02,Baguette,Bread,1,3.25,0,3.25,upi,in-store,C0098
3628,2025-06-26,Thursday,P07,Blueberry Muffin,Pastry,1,2.75,0,2.75,upi,in-store,C0098
3629,2025-06-26,Thursday,P02,Baguette,Bread,1,3.25,0,3.25,upi,in-store,C0033
3629,2025-06-26,Thursday,P09,Oatmeal Raisin Cookie,Cookie,1,2.0,0,2.0,upi,in-store,C0033
3629,2025-06-26,Thursday,P04,Croissant,Pastry,1,3.0,0,3.0,upi,in-store,C0033
3630,2025-06-26,Thursday,P12,Bagel - Plain,Bread,1,2.25,0,2.25,cash,catering,
3630,2025-06-26,Thursday,P07,Blueberry Muffin,Pastry,1,2.75,0,2.75,cash,catering,
3631,2025-06-26,Thursday,P13,Bagel - Everything,Bread,1,2.5,0,2.5,upi,in-store,C0046
3632,2025-06-26,Thursday,P05,Pain au Chocolat,Pastry,1,3.5,0,3.5,card,in-store,C0107
3632,2025-06-26,Thursday,P08,Chocolate Chip Cookie,Cookie,3,2.0,0,6.0,card,in-store,C0107
3633,2025-06-26,Thursday,P07,Blueberry Muffin,Pastry,1,2.75,0,2.75,upi,online,
3635,2025-06-26,Thursday,P05,Pain au Chocolat,Pastry,1,3.5,0,3.5,upi,in-store,C0128
3636,2025-06-26,Thursday,P06,Cinnamon Roll,Pastry,3,3.75,0,11.25,upi,in-store,C0083
3637,2025-06-26,Thursday,P07,Blueberry Muffin,Pastry,2,2.75,0,5.5,card,in-store,C0065
3638,2025-06-27,Friday,P06,Cinnamon Roll,Pastry,1,3.75,0,3.75,upi,in-store,C0108
3638,2025-06-27,Friday,P15,Scone - Blueberry,Pastry,1,3.0,0,3.0,upi,in-store,C0108
3639,2025-06-27,Friday,P08,Chocolate Chip Cookie,Cookie,1,2.0,0,2.0,cash,in-store,
3640,2025-06-27,Friday,P15,Scone - Blueberry,Pastry,1,3.0,0,3.0,card,in-store,C0051
3640,2025-06-27,Friday,P02,Baguette,Bread,1,3.25,0,3.25,card,in-store,C0051
3641,2025-06-27,Friday,P11,Cupcake (single),Cake,1,3.25,0,3.25,card,catering,
3641,2025-06-27,Friday,P12,Bagel - Plain,Bread,1,2.25,0,2.25,card,catering,
3641,2025-06-27,Friday,P05,Pain au Chocolat,Pastry,3,3.5,0,10.5,card,catering,
3642,2025-06-27,Friday,P03,Whole Wheat Loaf,Bread,1,4.75,0,4.75,upi,in-store,
3642,2025-06-27,Friday,P14,Rye Loaf,Bread,1,4.9,0,4.9,upi,in-store,
3643,2025-06-27,Friday,P08,Chocolate Chip Cookie,Cookie,1,2.0,0,2.0,upi,online,
3644,2025-06-27,Friday,P08,Chocolate Chip Cookie,Cookie,1,2.0,0,2.0,cash,in-store,C0034
3645,2025-06-27,Friday,P03,Whole Wheat Loaf,Bread,1,4.75,0,4.75,card,in-store,
3645,2025-06-27,Friday,P14,Rye Loaf,Bread,1,4.9,0,4.9,card,in-store,
3646,2025-06-27,Friday,P04,Croissant,Pastry,3,3.0,0,9.0,card,in-store,
3646,2025-06-27,Friday,P02,Baguette,Bread,1,3.25,0,3.25,card,in-store,
3647,2025-06-27,Friday,P10,Birthday Cake (whole),Cake,1,32.0,0,32.0,card,in-store,C0098
3648,2025-06-27,Friday,P03,Whole Wheat Loaf,Bread,1,4.75,0,4.75,upi,online,C0065
3648,2025-06-27,Friday,P05,Pain au Chocolat,Pastry,3,3.5,0,10.5,upi,online,C0065
3649,2025-06-28,Saturday,P03,Whole Wheat Loaf,Bread,1,4.75,0,4.75,card,in-store,C0122
3649,2025-06-28,Saturday,P10,Birthday Cake (whole),Cake,1,32.0,0,32.0,card,in-store,C0122
3649,2025-06-28,Saturday,P08,Chocolate Chip Cookie,Cookie,2,2.0,0,4.0,card,in-store,C0122
3650,2025-06-28,Saturday,P07,Blueberry Muffin,Pastry,1,2.75,0,2.75,card,online,C0093
3650,2025-06-28,Saturday,P06,Cinnamon Roll,Pastry,1,3.75,0,3.75,card,online,C0093
3652,2025-06-28,Saturday,P09,Oatmeal Raisin Cookie,Cookie,2,2.0,0,4.0,upi,in-store,C0098
3652,2025-06-28,Saturday,P06,Cinnamon Roll,Pastry,1,3.75,0,3.75,upi,in-store,C0098
3653,2025-06-28,Saturday,P09,Oatmeal Raisin Cookie,Cookie,2,2.0,0,4.0,card,in-store,
3653,2025-06-28,Saturday,P04,Croissant,Pastry,1,3.0,0,3.0,card,in-store,
3654,2025-06-28,Saturday,P15,Scone - Blueberry,Pastry,1,3.0,0,3.0,upi,in-store,C0089
3656,2025-06-28,Saturday,P05,Pain au Chocolat,Pastry,1,3.5,0,3.5,cash,in-store,
3657,2025-06-28,Saturday,P08,Chocolate Chip Cookie,Cookie,1,2.0,0,2.0,cash,in-store,C0049
3659,2025-06-28,Saturday,P01,Sourdough Loaf,Bread,3,4.5,0,13.5,upi,in-store,C0093
3659,2025-06-28,Saturday,P12,Bagel - Plain,Bread,1,2.25,0,2.25,upi,in-store,C0093
3661,2025-06-28,Saturday,P12,Bagel - Plain,Bread,1,2.25,0,2.25,card,in-store,
3661,2025-06-28,Saturday,P14,Rye Loaf,Bread,1,4.9,0,4.9,card,in-store,
3662,2025-06-28,Saturday,P12,Bagel - Plain,Bread,1,2.25,0,2.25,cash,in-store,C0069
3663,2025-06-28,Saturday,P15,Scone - Blueberry,Pastry,3,3.0,0,9.0,card,online,C0114
3664,2025-06-29,Sunday,P08,Chocolate Chip Cookie,Cookie,3,2.0,0,6.0,upi,in-store,C0076
3665,2025-06-29,Sunday,P14,Rye Loaf,Bread,3,4.9,0,14.7,upi,in-store,
3665,2025-06-29,Sunday,P01,Sourdough Loaf,Bread,1,4.5,0,4.5,upi,in-store,
3665,2025-06-29,Sunday,P07,Blueberry Muffin,Pastry,2,2.75,0,5.5,upi,in-store,
3666,2025-06-29,Sunday,P05,Pain au Chocolat,Pastry,3,3.5,0,10.5,card,in-store,C0127
3667,2025-06-29,Sunday,P03,Whole Wheat Loaf,Bread,1,4.75,0,4.75,card,in-store,C0004
3667,2025-06-29,Sunday,P15,Scone - Blueberry,Pastry,1,3.0,0,3.0,card,in-store,C0004
3668,2025-06-29,Sunday,P09,Oatmeal Raisin Cookie,Cookie,1,2.0,0,2.0,upi,in-store,C0121
3668,2025-06-29,Sunday,P13,Bagel - Everything,Bread,1,2.5,0,2.5,upi,in-store,C0121
3668,2025-06-29,Sunday,P08,Chocolate Chip Cookie,Cookie,1,2.0,0,2.0,upi,in-store,C0121
3668,2025-06-29,Sunday,P09,Oatmeal Raisin Cookie,Cookie,2,2.0,0,4.0,upi,in-store,C0121
3669,2025-06-29,Sunday,P04,Croissant,Pastry,1,3.0,0,3.0,upi,in-store,C0088
3670,2025-06-29,Sunday,P07,Blueberry Muffin,Pastry,3,2.75,0,8.25,card,online,
3671,2025-06-29,Sunday,P06,Cinnamon Roll,Pastry,3,3.75,0,11.25,card,in-store,C0116
3672,2025-06-29,Sunday,P14,Rye Loaf,Bread,1,4.9,0,4.9,card,online,
3672,2025-06-29,Sunday,P06,Cinnamon Roll,Pastry,1,3.75,0,3.75,card,online,
3673,2025-06-29,Sunday,P03,Whole Wheat Loaf,Bread,1,4.75,0,4.75,cash,online,C0059
3674,2025-06-29,Sunday,P08,Chocolate Chip Cookie,Cookie,2,2.0,0,4.0,upi,in-store,C0078
3675,2025-06-29,Sunday,P07,Blueberry Muffin,Pastry,3,2.75,0,8.25,card,in-store,C0112
3676,2025-06-29,Sunday,P13,Bagel - Everything,Bread,1,2.5,0,2.5,cash,online,
3679,2025-06-29,Sunday,P14,Rye Loaf,Bread,1,4.9,0,4.9,upi,in-store,
3680,2025-06-30,Monday,P07,Blueberry Muffin,Pastry,1,2.75,0,2.75,card,in-store,
3680,2025-06-30,Monday,P14,Rye Loaf,Bread,1,4.9,0,4.9,card,in-store,
3680,2025-06-30,Monday,P08,Chocolate Chip Cookie,Cookie,1,2.0,0,2.0,card,in-store,
3681,2025-06-30,Monday,P04,Croissant,Pastry,1,3.0,0,3.0,upi,in-store,C0083
3682,2025-06-30,Monday,P08,Chocolate Chip Cookie,Cookie,3,2.0,0,6.0,cash,in-store,
3683,2025-06-30,Monday,P03,Whole Wheat Loaf,Bread,1,4.75,0,4.75,upi,in-store,C0068
3683,2025-06-30,Monday,P06,Cinnamon Roll,Pastry,1,3.75,0,3.75,upi,in-store,C0068
3684,2025-06-30,Monday,P04,Croissant,Pastry,1,3.0,0,3.0,card,in-store,
3684,2025-06-30,Monday,P14,Rye Loaf,Bread,1,4.9,0,4.9,card,in-store,
3685,2025-06-30,Monday,P06,Cinnamon Roll,Pastry,1,3.75,0,3.75,upi,online,C0073
3685,2025-06-30,Monday,P08,Chocolate Chip Cookie,Cookie,1,2.0,0,2.0,upi,online,C0073
3687,2025-06-30,Monday,P04,Croissant,Pastry,2,3.0,0,6.0,upi,in-store,C0074
3687,2025-06-30,Monday,P14,Rye Loaf,Bread,3,4.9,0,14.7,upi,in-store,C0074
3688,2025-06-30,Monday,P08,Chocolate Chip Cookie,Cookie,1,2.0,0,2.0,card,in-store,C0037
3688,2025-06-30,Monday,P10,Birthday Cake (whole),Cake,1,32.0,0,32.0,card,in-store,C0037
3689,2025-06-30,Monday,P02,Baguette,Bread,2,3.25,0,6.5,upi,in-store,
3689,2025-06-30,Monday,P14,Rye Loaf,Bread,1,4.9,0,4.9,upi,in-store,
3690,2025-07-01,Tuesday,P08,Chocolate Chip Cookie,Cookie,1,2.0,0,2.0,card,in-store,C0084
3690,2025-07-01,Tuesday,P08,Chocolate Chip Cookie,Cookie,1,2.0,0,2.0,card,in-store,C0084
3691,2025-07-01,Tuesday,P08,Chocolate Chip Cookie,Cookie,1,2.0,0,2.0,upi,in-store,C0039
3691,2025-07-01,Tuesday,P01,Sourdough Loaf,Bread,1,4.5,0,4.5,upi,in-store,C0039
3691,2025-07-01,Tuesday,P03,Whole Wheat Loaf,Bread,2,4.75,0,9.5,upi,in-store,C0039
3692,2025-07-01,Tuesday,P05,Pain au Chocolat,Pastry,1,3.5,0,3.5,upi,online,C0014
3693,2025-07-01,Tuesday,P07,Blueberry Muffin,Pastry,1,2.75,0,2.75,card,in-store,
3694,2025-07-01,Tuesday,P01,Sourdough Loaf,Bread,1,4.5,0,4.5,upi,online,
3695,2025-07-01,Tuesday,P03,Whole Wheat Loaf,Bread,1,4.75,0,4.75,card,online,C0087
3697,2025-07-01,Tuesday,P04,Croissant,Pastry,1,3.0,0,3.0,upi,in-store,C0106
3698,2025-07-01,Tuesday,P15,Scone - Blueberry,Pastry,3,3.0,0,9.0,upi,in-store,C0023
3698,2025-07-01,Tuesday,P07,Blueberry Muffin,Pastry,1,2.75,0,2.75,upi,in-store,C0023
3698,2025-07-01,Tuesday,P11,Cupcake (single),Cake,1,3.25,0,3.25,upi,in-store,C0023
3699,2025-07-01,Tuesday,P05,Pain au Chocolat,Pastry,1,3.5,0,3.5,upi,online,C0018
3699,2025-07-01,Tuesday,P02,Baguette,Bread,3,3.25,0,9.75,upi,online,C0018
3700,2025-07-01,Tuesday,P12,Bagel - Plain,Bread,1,2.25,0,2.25,card,in-store,C0101
3700,2025-07-01,Tuesday,P10,Birthday Cake (whole),Cake,1,32.0,0,32.0,card,in-store,C0101
3700,2025-07-01,Tuesday,P08,Chocolate Chip Cookie,Cookie,1,2.0,0,2.0,card,in-store,C0101
3701,2025-07-01,Tuesday,P05,Pain au Chocolat,Pastry,1,3.5,0,3.5,upi,in-store,C0105
3702,2025-07-02,Wednesday,P03,Whole Wheat Loaf,Bread,1,4.75,0,4.75,cash,in-store,C0112
3702,2025-07-02,Wednesday,P04,Croissant,Pastry,1,3.0,0,3.0,cash,in-store,C0112
3703,2025-07-02,Wednesday,P10,Birthday Cake (whole),Cake,1,32.0,0,32.0,cash,in-store,C0025
3704,2025-07-02,Wednesday,P06,Cinnamon Roll,Pastry,1,3.75,0,3.75,card,in-store,C0040
3704,2025-07-02,Wednesday,P10,Birthday Cake (whole),Cake,1,32.0,0,32.0,card,in-store,C0040
3705,2025-07-02,Wednesday,P14,Rye Loaf,Bread,3,4.9,0,14.7,upi,online,C0024
3705,2025-07-02,Wednesday,P11,Cupcake (single),Cake,1,3.25,0,3.25,upi,online,C0024
3706,2025-07-02,Wednesday,P06,Cinnamon Roll,Pastry,1,3.75,0,3.75,cash,in-store,
3707,2025-07-02,Wednesday,P03,Whole Wheat Loaf,Bread,1,4.75,0,4.75,upi,in-store,
3708,2025-07-02,Wednesday,P04,Croissant,Pastry,1,3.0,0,3.0,card,in-store,C0089
3708,2025-07-02,Wednesday,P07,Blueberry Muffin,Pastry,1,2.75,0,2.75,card,in-store,C0089
3709,2025-07-02,Wednesday,P08,Chocolate Chip Cookie,Cookie,1,2.0,0,2.0,card,in-store,C0019
3710,2025-07-02,Wednesday,P15,Scone - Blueberry,Pastry,1,3.0,0,3.0,cash,in-store,
3710,2025-07-02,Wednesday,P03,Whole Wheat Loaf,Bread,1,4.75,0,4.75,cash,in-store,
3711,2025-07-02,Wednesday,P01,Sourdough Loaf,Bread,1,4.5,0,4.5,upi,in-store,
3711,2025-07-02,Wednesday,P12,Bagel - Plain,Bread,1,2.25,0,2.25,upi,in-store,
3712,2025-07-02,Wednesday,P07,Blueberry Muffin,Pastry,1,2.75,0,2.75,upi,in-store,C0045
3712,2025-07-02,Wednesday,P05,Pain au Chocolat,Pastry,2,3.5,0,7.0,upi,in-store,C0045
3713,2025-07-02,Wednesday,P13,Bagel - Everything,Bread,1,2.5,0,2.5,card,online,C0082
3714,2025-07-02,Wednesday,P08,Chocolate Chip Cookie,Cookie,1,2.0,0,2.0,upi,in-store,
3714,2025-07-02,Wednesday,P03,Whole Wheat Loaf,Bread,3,4.75,0,14.25,upi,in-store,
3715,2025-07-02,Wednesday,P12,Bagel - Plain,Bread,1,2.25,0,2.25,cash,in-store,C0106
3715,2025-07-02,Wednesday,P11,Cupcake (single),Cake,1,3.25,0,3.25,cash,in-store,C0106
3716,2025-07-02,Wednesday,P11,Cupcake (single),Cake,1,3.25,0,3.25,cash,online,C0031
3716,2025-07-02,Wednesday,P02,Baguette,Bread,1,3.25,0,3.25,cash,online,C0031
3716,2025-07-02,Wednesday,P12,Bagel - Plain,Bread,1,2.25,0,2.25,cash,online,C0031
3716,2025-07-02,Wednesday,P08,Chocolate Chip Cookie,Cookie,1,2.0,0,2.0,cash,online,C0031
3717,2025-07-02,Wednesday,P05,Pain au Chocolat,Pastry,1,3.5,0,3.5,upi,online,
3717,2025-07-02,Wednesday,P11,Cupcake (single),Cake,1,3.25,0,3.25,upi,online,
3718,2025-07-03,Thursday,P03,Whole Wheat Loaf,Bread,3,4.75,0,14.25,cash,in-store,C0006
3719,2025-07-03,Thursday,P02,Baguette,Bread,1,3.25,0,3.25,upi,online,C0027
3720,2025-07-03,Thursday,P09,Oatmeal Raisin Cookie,Cookie,1,2.0,0,2.0,upi,in-store,C0120
3721,2025-07-03,Thursday,P07,Blueberry Muffin,Pastry,1,2.75,0,2.75,upi,in-store,C0090
3722,2025-07-03,Thursday,P11,Cupcake (single),Cake,1,3.25,0,3.25,upi,in-store,
3722,2025-07-03,Thursday,P12,Bagel - Plain,Bread,1,2.25,0,2.25,upi,in-store,
3723,2025-07-03,Thursday,P12,Bagel - Plain,Bread,3,2.25,0,6.75,card,in-store,C0046
3724,2025-07-03,Thursday,P01,Sourdough Loaf,Bread,1,4.5,0,4.5,card,in-store,C0073
3724,2025-07-03,Thursday,P15,Scone - Blueberry,Pastry,3,3.0,0,9.0,card,in-store,C0073
3724,2025-07-03,Thursday,P08,Chocolate Chip Cookie,Cookie,1,2.0,0,2.0,card,in-store,C0073
3725,2025-07-03,Thursday,P09,Oatmeal Raisin Cookie,Cookie,1,2.0,0,2.0,upi,in-store,
3725,2025-07-03,Thursday,P14,Rye Loaf,Bread,1,4.9,0,4.9,upi,in-store,
3725,2025-07-03,Thursday,P09,Oatmeal Raisin Cookie,Cookie,1,2.0,0,2.0,upi,in-store,
3726,2025-07-03,Thursday,P12,Bagel - Plain,Bread,3,2.25,0,6.75,upi,in-store,C0128
3727,2025-07-03,Thursday,P08,Chocolate Chip Cookie,Cookie,1,2.0,0,2.0,cash,in-store,C0107
3727,2025-07-03,Thursday,P04,Croissant,Pastry,1,3.0,0,3.0,cash,in-store,C0107
3727,2025-07-03,Thursday,P06,Cinnamon Roll,Pastry,1,3.75,0,3.75,cash,in-store,C0107
3727,2025-07-03,Thursday,P03,Whole Wheat Loaf,Bread,1,4.75,0,4.75,cash,in-store,C0107
3728,2025-07-03,Thursday,P01,Sourdough Loaf,Bread,3,4.5,0,13.5,card,in-store,C0004
3728,2025-07-03,Thursday,P08,Chocolate Chip Cookie,Cookie,1,2.0,0,2.0,card,in-store,C0004
3729,2025-07-03,Thursday,P03,Whole Wheat Loaf,Bread,1,4.75,0,4.75,cash,in-store,
3729,2025-07-03,Thursday,P05,Pain au Chocolat,Pastry,1,3.5,0,3.5,cash,in-store,
3729,2025-07-03,Thursday,P15,Scone - Blueberry,Pastry,1,3.0,0,3.0,cash,in-store,
3730,2025-07-04,Friday,P01,Sourdough Loaf,Bread,1,4.5,0,4.5,upi,in-store,C0064
3731,2025-07-04,Friday,P08,Chocolate Chip Cookie,Cookie,2,2.0,0,4.0,card,in-store,C0115
3731,2025-07-04,Friday,P15,Scone - Blueberry,Pastry,2,3.0,0,6.0,card,in-store,C0115
3732,2025-07-04,Friday,P14,Rye Loaf,Bread,1,4.9,0,4.9,upi,in-store,
3732,2025-07-04,Friday,P05,Pain au Chocolat,Pastry,1,3.5,0,3.5,upi,in-store,
3733,2025-07-04,Friday,P09,Oatmeal Raisin Cookie,Cookie,1,2.0,0,2.0,cash,in-store,C0021
3733,2025-07-04,Friday,P11,Cupcake (single),Cake,1,3.25,0,3.25,cash,in-store,C0021
3733,2025-07-04,Friday,P08,Chocolate Chip Cookie,Cookie,1,2.0,0,2.0,cash,in-store,C0021
3734,2025-07-04,Friday,P06,Cinnamon Roll,Pastry,3,3.75,0,11.25,upi,in-store,C0117
3735,2025-07-04,Friday,P13,Bagel - Everything,Bread,1,2.5,0,2.5,card,in-store,
3735,2025-07-04,Friday,P04,Croissant,Pastry,1,3.0,0,3.0,card,in-store,
3736,2025-07-04,Friday,P12,Bagel - Plain,Bread,1,2.25,0,2.25,upi,online,
3737,2025-07-04,Friday,P06,Cinnamon Roll,Pastry,3,3.75,0,11.25,card,in-store,C0073
3737,2025-07-04,Friday,P14,Rye Loaf,Bread,1,4.9,0,4.9,card,in-store,C0073
3737,2025-07-04,Friday,P05,Pain au Chocolat,Pastry,2,3.5,0,7.0,card,in-store,C0073
3738,2025-07-04,Friday,P06,Cinnamon Roll,Pastry,1,3.75,0,3.75,card,in-store,
3738,2025-07-04,Friday,P13,Bagel - Everything,Bread,1,2.5,0,2.5,card,in-store,
3739,2025-07-04,Friday,P04,Croissant,Pastry,1,3.0,0,3.0,upi,in-store,
3739,2025-07-04,Friday,P09,Oatmeal Raisin Cookie,Cookie,1,2.0,0,2.0,upi,in-store,
3740,2025-07-05,Saturday,P07,Blueberry Muffin,Pastry,3,2.75,0,8.25,card,in-store,C0073
3741,2025-07-05,Saturday,P08,Chocolate Chip Cookie,Cookie,3,2.0,0,6.0,cash,online,C0033
3742,2025-07-05,Saturday,P09,Oatmeal Raisin Cookie,Cookie,1,2.0,0,2.0,upi,in-store,C0056
3742,2025-07-05,Saturday,P01,Sourdough Loaf,Bread,1,4.5,0,4.5,upi,in-store,C0056
3743,2025-07-05,Saturday,P14,Rye Loaf,Bread,1,4.9,0,4.9,cash,in-store,
3744,2025-07-05,Saturday,P14,Rye Loaf,Bread,3,4.9,0,14.7,card,online,
3744,2025-07-05,Saturday,P07,Blueberry Muffin,Pastry,1,2.75,0,2.75,card,online,
3745,2025-07-05,Saturday,P04,Croissant,Pastry,1,3.0,0,3.0,card,online,C0120
3746,2025-07-05,Saturday,P08,Chocolate Chip Cookie,Cookie,2,2.0,0,4.0,upi,in-store,C0006
3746,2025-07-05,Saturday,P09,Oatmeal Raisin Cookie,Cookie,1,2.0,0,2.0,upi,in-store,C0006
3746,2025-07-05,Saturday,P08,Chocolate Chip Cookie,Cookie,1,2.0,0,2.0,upi,in-store,C0006
3747,2025-07-05,Saturday,P05,Pain au Chocolat,Pastry,2,3.5,0,7.0,upi,in-store,C0123
3748,2025-07-05,Saturday,P12,Bagel - Plain,Bread,1,2.25,0,2.25,card,in-store,C0023
3748,2025-07-05,Saturday,P02,Baguette,Bread,1,3.25,0,3.25,card,in-store,C0023
3748,2025-07-05,Saturday,P06,Cinnamon Roll,Pastry,1,3.75,0,3.75,card,in-store,C0023
3749,2025-07-05,Saturday,P06,Cinnamon Roll,Pastry,1,3.75,0,3.75,upi,in-store,C0030
3750,2025-07-05,Saturday,P09,Oatmeal Raisin Cookie,Cookie,3,2.0,0,6.0,card,in-store,C0032
3750,2025-07-05,Saturday,P14,Rye Loaf,Bread,1,4.9,0,4.9,card,in-store,C0032
3752,2025-07-06,Sunday,P08,Chocolate Chip Cookie,Cookie,3,2.0,0,6.0,upi,in-store,C0045
3753,2025-07-06,Sunday,P04,Croissant,Pastry,2,3.0,0,6.0,cash,in-store,C0124
3754,2025-07-06,Sunday,P03,Whole Wheat Loaf,Bread,1,4.75,0,4.75,upi,online,
3755,2025-07-06,Sunday,P11,Cupcake (single),Cake,1,3.25,0,3.25,cash,in-store,C0113
3755,2025-07-06,Sunday,P09,Oatmeal Raisin Cookie,Cookie,3,2.0,0,6.0,cash,in-store,C0113
3756,2025-07-06,Sunday,P01,Sourdough Loaf,Bread,2,4.5,0,9.0,cash,in-store,C0093
3757,2025-07-06,Sunday,P01,Sourdough Loaf,Bread,1,4.5,0,4.5,card,in-store,
3757,2025-07-06,Sunday,P03,Whole Wheat Loaf,Bread,1,4.75,0,4.75,card,in-store,
3758,2025-07-06,Sunday,P01,Sourdough Loaf,Bread,2,4.5,0,9.0,upi,in-store,C0033
3760,2025-07-06,Sunday,P15,Scone - Blueberry,Pastry,1,3.0,0,3.0,cash,in-store,C0050
3761,2025-07-06,Sunday,P11,Cupcake (single),Cake,1,3.25,0,3.25,card,online,C0072
3762,2025-07-06,Sunday,P15,Scone - Blueberry,Pastry,1,3.0,0,3.0,cash,in-store,C0036
3763,2025-07-06,Sunday,P08,Chocolate Chip Cookie,Cookie,1,2.0,0,2.0,upi,in-store,
3763,2025-07-06,Sunday,P01,Sourdough Loaf,Bread,1,4.5,0,4.5,upi,in-store,
3763,2025-07-06,Sunday,P08,Chocolate Chip Cookie,Cookie,1,2.0,0,2.0,upi,in-store,
3763,2025-07-06,Sunday,P07,Blueberry Muffin,Pastry,1,2.75,0,2.75,upi,in-store,
3764,2025-07-06,Sunday,P05,Pain au Chocolat,Pastry,2,3.5,0,7.0,upi,in-store,
3764,2025-07-06,Sunday,P01,Sourdough Loaf,Bread,1,4.5,0,4.5,upi,in-store,
3764,2025-07-06,Sunday,P01,Sourdough Loaf,Bread,1,4.5,0,4.5,upi,in-store,
3764,2025-07-06,Sunday,P05,Pain au Chocolat,Pastry,2,3.5,0,7.0,upi,in-store,
3765,2025-07-06,Sunday,P01,Sourdough Loaf,Bread,1,4.5,0,4.5,cash,in-store,
3765,2025-07-06,Sunday,P06,Cinnamon Roll,Pastry,2,3.75,0,7.5,cash,in-store,
3766,2025-07-06,Sunday,P04,Croissant,Pastry,3,3.0,0,9.0,upi,catering,
3767,2025-07-06,Sunday,P12,Bagel - Plain,Bread,1,2.25,0,2.25,cash,in-store,C0130
3767,2025-07-06,Sunday,P05,Pain au Chocolat,Pastry,1,3.5,0,3.5,cash,in-store,C0130
3767,2025-07-06,Sunday,P01,Sourdough Loaf,Bread,1,4.5,0,4.5,cash,in-store,C0130
3768,2025-07-06,Sunday,P14,Rye Loaf,Bread,2,4.9,0,9.8,card,in-store,
3769,2025-07-06,Sunday,P08,Chocolate Chip Cookie,Cookie,2,2.0,0,4.0,upi,in-store,
3769,2025-07-06,Sunday,P01,Sourdough Loaf,Bread,1,4.5,0,4.5,upi,in-store,
3770,2025-07-06,Sunday,P10,Birthday Cake (whole),Cake,1,32.0,0,32.0,upi,in-store,C0064
3771,2025-07-06,Sunday,P07,Blueberry Muffin,Pastry,1,2.75,0,2.75,card,in-store,
3771,2025-07-06,Sunday,P01,Sourdough Loaf,Bread,1,4.5,0,4.5,card,in-store,
3771,2025-07-06,Sunday,P12,Bagel - Plain,Bread,1,2.25,0,2.25,card,in-store,
3772,2025-07-06,Sunday,P07,Blueberry Muffin,Pastry,1,2.75,0,2.75,upi,in-store,C0011
3772,2025-07-06,Sunday,P08,Chocolate Chip Cookie,Cookie,1,2.0,0,2.0,upi,in-store,C0011
3772,2025-07-06,Sunday,P13,Bagel - Everything,Bread,1,2.5,0,2.5,upi,in-store,C0011
3772,2025-07-06,Sunday,P01,Sourdough Loaf,Bread,1,4.5,0,4.5,upi,in-store,C0011
3773,2025-07-07,Monday,P15,Scone - Blueberry,Pastry,1,3.0,0,3.0,card,in-store,
3773,2025-07-07,Monday,P14,Rye Loaf,Bread,1,4.9,0,4.9,card,in-store,
3773,2025-07-07,Monday,P04,Croissant,Pastry,1,3.0,0,3.0,card,in-store,
3775,2025-07-07,Monday,P13,Bagel - Everything,Bread,1,2.5,0,2.5,cash,online,
3776,2025-07-07,Monday,P08,Chocolate Chip Cookie,Cookie,1,2.0,0,2.0,cash,in-store,C0113
3777,2025-07-07,Monday,P07,Blueberry Muffin,Pastry,1,2.75,0,2.75,upi,in-store,
3777,2025-07-07,Monday,P07,Blueberry Muffin,Pastry,3,2.75,0,8.25,upi,in-store,
3777,2025-07-07,Monday,P07,Blueberry Muffin,Pastry,1,2.75,0,2.75,upi,in-store,
3778,2025-07-07,Monday,P05,Pain au Chocolat,Pastry,1,3.5,0,3.5,card,in-store,
3778,2025-07-07,Monday,P09,Oatmeal Raisin Cookie,Cookie,1,2.0,0,2.0,card,in-store,
3779,2025-07-07,Monday,P10,Birthday Cake (whole),Cake,1,32.0,0,32.0,upi,in-store,
3779,2025-07-07,Monday,P09,Oatmeal Raisin Cookie,Cookie,1,2.0,0,2.0,upi,in-store,
3779,2025-07-07,Monday,P15,Scone - Blueberry,Pastry,1,3.0,0,3.0,upi,in-store,
3781,2025-07-07,Monday,P07,Blueberry Muffin,Pastry,2,2.75,0,5.5,cash,in-store,C0128
3782,2025-07-07,Monday,P09,Oatmeal Raisin Cookie,Cookie,1,2.0,0,2.0,cash,in-store,C0074
3783,2025-07-07,Monday,P07,Blueberry Muffin,Pastry,1,2.75,0,2.75,card,online,C0123
3783,2025-07-07,Monday,P05,Pain au Chocolat,Pastry,1,3.5,0,3.5,card,online,C0123
3784,2025-07-07,Monday,P07,Blueberry Muffin,Pastry,1,2.75,0,2.75,card,in-store,C0114
3784,2025-07-07,Monday,P14,Rye Loaf,Bread,1,4.9,0,4.9,card,in-store,C0114
3784,2025-07-07,Monday,P07,Blueberry Muffin,Pastry,1,2.75,0,2.75,card,in-store,C0114
3785,2025-07-07,Monday,P09,Oatmeal Raisin Cookie,Cookie,1,2.0,0,2.0,upi,in-store,C0030
3787,2025-07-07,Monday,P06,Cinnamon Roll,Pastry,3,3.75,0,11.25,cash,in-store,
3788,2025-07-08,Tuesday,P02,Baguette,Bread,1,3.25,0,3.25,card,in-store,C0099
3789,2025-07-08,Tuesday,P10,Birthday Cake (whole),Cake,1,32.0,0,32.0,cash,in-store,C0055
3790,2025-07-08,Tuesday,P10,Birthday Cake (whole),Cake,1,32.0,0,32.0,card,in-store,C0014
3790,2025-07-08,Tuesday,P02,Baguette,Bread,3,3.25,0,9.75,card,in-store,C0014
3791,2025-07-08,Tuesday,P14,Rye Loaf,Bread,1,4.9,0,4.9,upi,online,
3791,2025-07-08,Tuesday,P02,Baguette,Bread,2,3.25,0,6.5,upi,online,
3793,2025-07-08,Tuesday,P07,Blueberry Muffin,Pastry,1,2.75,0,2.75,card,in-store,C0116
3794,2025-07-08,Tuesday,P04,Croissant,Pastry,3,3.0,0,9.0,card,in-store,C0087
3794,2025-07-08,Tuesday,P15,Scone - Blueberry,Pastry,1,3.0,0,3.0,card,in-store,C0087
3795,2025-07-08,Tuesday,P10,Birthday Cake (whole),Cake,1,32.0,0,32.0,cash,online,
3796,2025-07-08,Tuesday,P03,Whole Wheat Loaf,Bread,1,4.75,0,4.75,upi,in-store,C0101
3797,2025-07-08,Tuesday,P08,Chocolate Chip Cookie,Cookie,1,2.0,0,2.0,cash,in-store,
3798,2025-07-08,Tuesday,P08,Chocolate Chip Cookie,Cookie,1,2.0,0,2.0,card,in-store,C0018
3798,2025-07-08,Tuesday,P02,Baguette,Bread,1,3.25,0,3.25,card,in-store,C0018
3799,2025-07-08,Tuesday,P01,Sourdough Loaf,Bread,2,4.5,0,9.0,upi,in-store,
3800,2025-07-08,Tuesday,P15,Scone - Blueberry,Pastry,2,3.0,0,6.0,cash,in-store,C0003
3800,2025-07-08,Tuesday,P08,Chocolate Chip Cookie,Cookie,3,2.0,0,6.0,cash,in-store,C0003
3800,2025-07-08,Tuesday,P03,Whole Wheat Loaf,Bread,3,4.75,0,14.25,cash,in-store,C0003
3800,2025-07-08,Tuesday,P04,Croissant,Pastry,1,3.0,0,3.0,cash,in-store,C0003
3801,2025-07-08,Tuesday,P04,Croissant,Pastry,2,3.0,0,6.0,upi,in-store,
3801,2025-07-08,Tuesday,P12,Bagel - Plain,Bread,1,2.25,0,2.25,upi,in-store,
3802,2025-07-09,Wednesday,P10,Birthday Cake (whole),Cake,1,32.0,0,32.0,card,catering,C0041
3803,2025-07-09,Wednesday,P07,Blueberry Muffin,Pastry,1,2.75,0,2.75,cash,online,C0033
3803,2025-07-09,Wednesday,P14,Rye Loaf,Bread,1,4.9,0,4.9,cash,online,C0033
3803,2025-07-09,Wednesday,P13,Bagel - Everything,Bread,1,2.5,0,2.5,cash,online,C0033
3803,2025-07-09,Wednesday,P10,Birthday Cake (whole),Cake,1,32.0,0,32.0,cash,online,C0033
3804,2025-07-09,Wednesday,P05,Pain au Chocolat,Pastry,1,3.5,0,3.5,card,catering,
3804,2025-07-09,Wednesday,P14,Rye Loaf,Bread,1,4.9,0,4.9,card,catering,
3804,2025-07-09,Wednesday,P05,Pain au Chocolat,Pastry,1,3.5,0,3.5,card,catering,
3805,2025-07-09,Wednesday,P15,Scone - Blueberry,Pastry,1,3.0,0,3.0,cash,in-store,C0061
3805,2025-07-09,Wednesday,P13,Bagel - Everything,Bread,1,2.5,0,2.5,cash,in-store,C0061
3805,2025-07-09,Wednesday,P08,Chocolate Chip Cookie,Cookie,3,2.0,0,6.0,cash,in-store,C0061
3805,2025-07-09,Wednesday,P08,Chocolate Chip Cookie,Cookie,1,2.0,0,2.0,cash,in-store,C0061
3806,2025-07-09,Wednesday,P03,Whole Wheat Loaf,Bread,1,4.75,0,4.75,card,in-store,C0008
3807,2025-07-09,Wednesday,P12,Bagel - Plain,Bread,3,2.25,0,6.75,cash,in-store,C0056
3808,2025-07-09,Wednesday,P05,Pain au Chocolat,Pastry,1,3.5,0,3.5,upi,online,
3809,2025-07-09,Wednesday,P13,Bagel - Everything,Bread,1,2.5,0,2.5,cash,in-store,
3810,2025-07-09,Wednesday,P03,Whole Wheat Loaf,Bread,1,4.75,0,4.75,upi,in-store,
3810,2025-07-09,Wednesday,P08,Chocolate Chip Cookie,Cookie,1,2.0,0,2.0,upi,in-store,
3811,2025-07-09,Wednesday,P09,Oatmeal Raisin Cookie,Cookie,1,2.0,0,2.0,cash,in-store,C0087
3812,2025-07-09,Wednesday,P14,Rye Loaf,Bread,2,4.9,0,9.8,card,in-store,
3813,2025-07-09,Wednesday,P07,Blueberry Muffin,Pastry,3,2.75,0,8.25,cash,in-store,C0021
3814,2025-07-09,Wednesday,P07,Blueberry Muffin,Pastry,1,2.75,0,2.75,upi,in-store,
3815,2025-07-09,Wednesday,P09,Oatmeal Raisin Cookie,Cookie,2,2.0,0,4.0,card,in-store,
3816,2025-07-09,Wednesday,P08,Chocolate Chip Cookie,Cookie,1,2.0,0,2.0,cash,in-store,
3817,2025-07-09,Wednesday,P04,Croissant,Pastry,1,3.0,0,3.0,cash,in-store,
3818,2025-07-10,Thursday,P03,Whole Wheat Loaf,Bread,1,4.75,0,4.75,card,in-store,
3820,2025-07-10,Thursday,P04,Croissant,Pastry,1,3.0,0,3.0,card,in-store,
3821,2025-07-10,Thursday,P06,Cinnamon Roll,Pastry,1,3.75,0,3.75,card,in-store,
3822,2025-07-10,Thursday,P02,Baguette,Bread,1,3.25,0,3.25,upi,in-store,C0020
3822,2025-07-10,Thursday,P01,Sourdough Loaf,Bread,3,4.5,0,13.5,upi,in-store,C0020
3823,2025-07-10,Thursday,P08,Chocolate Chip Cookie,Cookie,3,2.0,0,6.0,card,in-store,
3824,2025-07-10,Thursday,P08,Chocolate Chip Cookie,Cookie,1,2.0,0,2.0,upi,in-store,
3825,2025-07-10,Thursday,P07,Blueberry Muffin,Pastry,1,2.75,0,2.75,upi,online,C0115
3825,2025-07-10,Thursday,P09,Oatmeal Raisin Cookie,Cookie,1,2.0,0,2.0,upi,online,C0115
3825,2025-07-10,Thursday,P12,Bagel - Plain,Bread,1,2.25,0,2.25,upi,online,C0115
3826,2025-07-10,Thursday,P12,Bagel - Plain,Bread,1,2.25,0,2.25,upi,in-store,C0022
3827,2025-07-10,Thursday,P07,Blueberry Muffin,Pastry,1,2.75,0,2.75,upi,in-store,C0033
3828,2025-07-10,Thursday,P03,Whole Wheat Loaf,Bread,1,4.75,0,4.75,upi,catering,C0054
3828,2025-07-10,Thursday,P04,Croissant,Pastry,1,3.0,0,3.0,upi,catering,C0054
3829,2025-07-10,Thursday,P05,Pain au Chocolat,Pastry,1,3.5,0,3.5,cash,in-store,C0024
3829,2025-07-10,Thursday,P11,Cupcake (single),Cake,1,3.25,0,3.25,cash,in-store,C0024
3830,2025-07-10,Thursday,P14,Rye Loaf,Bread,1,4.9,0,4.9,card,in-store,
3830,2025-07-10,Thursday,P02,Baguette,Bread,1,3.25,0,3.25,card,in-store,
3831,2025-07-10,Thursday,P03,Whole Wheat Loaf,Bread,1,4.75,0,4.75,cash,in-store,
3831,2025-07-10,Thursday,P03,Whole Wheat Loaf,Bread,1,4.75,0,4.75,cash,in-store,
3831,2025-07-10,Thursday,P12,Bagel - Plain,Bread,1,2.25,0,2.25,cash,in-store,
3832,2025-07-11,Friday,P06,Cinnamon Roll,Pastry,3,3.75,0,11.25,upi,in-store,
3832,2025-07-11,Friday,P05,Pain au Chocolat,Pastry,1,3.5,0,3.5,upi,in-store,
3832,2025-07-11,Friday,P12,Bagel - Plain,Bread,3,2.25,0,6.75,upi,in-store,
3832,2025-07-11,Friday,P02,Baguette,Bread,1,3.25,0,3.25,upi,in-store,
3833,2025-07-11,Friday,P14,Rye Loaf,Bread,1,4.9,0,4.9,upi,online,
3834,2025-07-11,Friday,P03,Whole Wheat Loaf,Bread,1,4.75,0,4.75,upi,in-store,
3834,2025-07-11,Friday,P07,Blueberry Muffin,Pastry,1,2.75,0,2.75,upi,in-store,
3834,2025-07-11,Friday,P03,Whole Wheat Loaf,Bread,1,4.75,0,4.75,upi,in-store,
3834,2025-07-11,Friday,P12,Bagel - Plain,Bread,1,2.25,0,2.25,upi,in-store,
3835,2025-07-11,Friday,P14,Rye Loaf,Bread,1,4.9,0,4.9,upi,catering,
3836,2025-07-11,Friday,P02,Baguette,Bread,1,3.25,0,3.25,upi,in-store,
3839,2025-07-11,Friday,P03,Whole Wheat Loaf,Bread,1,4.75,0,4.75,upi,in-store,
3840,2025-07-12,Saturday,P12,Bagel - Plain,Bread,2,2.25,0,4.5,card,in-store,C0099
3841,2025-07-12,Saturday,P12,Bagel - Plain,Bread,1,2.25,0,2.25,card,in-store,C0077
3842,2025-07-12,Saturday,P02,Baguette,Bread,1,3.25,0,3.25,card,in-store,C0015
3842,2025-07-12,Saturday,P05,Pain au Chocolat,Pastry,1,3.5,0,3.5,card,in-store,C0015
3842,2025-07-12,Saturday,P05,Pain au Chocolat,Pastry,3,3.5,0,10.5,card,in-store,C0015
3843,2025-07-12,Saturday,P07,Blueberry Muffin,Pastry,3,2.75,0,8.25,card,catering,C0054
3843,2025-07-12,Saturday,P08,Chocolate Chip Cookie,Cookie,1,2.0,0,2.0,card,catering,C0054
3845,2025-07-12,Saturday,P10,Birthday Cake (whole),Cake,1,32.0,0,32.0,cash,in-store,C0020
3846,2025-07-12,Saturday,P10,Birthday Cake (whole),Cake,1,32.0,0,32.0,upi,in-store,C0051
3846,2025-07-12,Saturday,P15,Scone - Blueberry,Pastry,1,3.0,0,3.0,upi,in-store,C0051
3847,2025-07-12,Saturday,P06,Cinnamon Roll,Pastry,1,3.75,0,3.75,card,in-store,C0091
3848,2025-07-12,Saturday,P08,Chocolate Chip Cookie,Cookie,1,2.0,0,2.0,upi,in-store,C0083
3848,2025-07-12,Saturday,P09,Oatmeal Raisin Cookie,Cookie,1,2.0,0,2.0,upi,in-store,C0083
3848,2025-07-12,Saturday,P06,Cinnamon Roll,Pastry,1,3.75,0,3.75,upi,in-store,C0083
3848,2025-07-12,Saturday,P12,Bagel - Plain,Bread,1,2.25,0,2.25,upi,in-store,C0083
3849,2025-07-12,Saturday,P05,Pain au Chocolat,Pastry,1,3.5,0,3.5,upi,catering,C0036
3850,2025-07-13,Sunday,P12,Bagel - Plain,Bread,1,2.25,0,2.25,cash,in-store,C0127
3850,2025-07-13,Sunday,P04,Croissant,Pastry,1,3.0,0,3.0,cash,in-store,C0127
3851,2025-07-13,Sunday,P12,Bagel - Plain,Bread,2,2.25,0,4.5,cash,in-store,C0129
3852,2025-07-13,Sunday,P09,Oatmeal Raisin Cookie,Cookie,1,2.0,0,2.0,upi,in-store,C0110
3853,2025-07-13,Sunday,P05,Pain au Chocolat,Pastry,1,3.5,0,3.5,upi,in-store,C0016
3853,2025-07-13,Sunday,P04,Croissant,Pastry,1,3.0,0,3.0,upi,in-store,C0016
3855,2025-07-13,Sunday,P09,Oatmeal Raisin Cookie,Cookie,1,2.0,0,2.0,upi,in-store,C0035
3855,2025-07-13,Sunday,P03,Whole Wheat Loaf,Bread,3,4.75,0,14.25,upi,in-store,C0035
3856,2025-07-13,Sunday,P14,Rye Loaf,Bread,1,4.9,0,4.9,card,in-store,C0059
3857,2025-07-13,Sunday,P15,Scone - Blueberry,Pastry,1,3.0,0,3.0,upi,in-store,C0033
3858,2025-07-13,Sunday,P14,Rye Loaf,Bread,1,4.9,0,4.9,card,catering,
3858,2025-07-13,Sunday,P14,Rye Loaf,Bread,1,4.9,0,4.9,card,catering,
3859,2025-07-13,Sunday,P04,Croissant,Pastry,1,3.0,0,3.0,upi,in-store,C0011
3859,2025-07-13,Sunday,P10,Birthday Cake (whole),Cake,1,32.0,0,32.0,upi,in-store,C0011
3860,2025-07-13,Sunday,P08,Chocolate Chip Cookie,Cookie,3,2.0,0,6.0,card,in-store,
3860,2025-07-13,Sunday,P04,Croissant,Pastry,1,3.0,0,3.0,card,in-store,
3861,2025-07-14,Monday,P08,Chocolate Chip Cookie,Cookie,2,2.0,0,4.0,card,catering,C0086
3862,2025-07-14,Monday,P04,Croissant,Pastry,1,3.0,0,3.0,upi,online,C0009
3862,2025-07-14,Monday,P12,Bagel - Plain,Bread,1,2.25,0,2.25,upi,online,C0009
3863,2025-07-14,Monday,P13,Bagel - Everything,Bread,3,2.5,0,7.5,upi,in-store,C0055
3863,2025-07-14,Monday,P14,Rye Loaf,Bread,1,4.9,0,4.9,upi,in-store,C0055
3863,2025-07-14,Monday,P05,Pain au Chocolat,Pastry,3,3.5,0,10.5,upi,in-store,C0055
3864,2025-07-14,Monday,P08,Chocolate Chip Cookie,Cookie,1,2.0,0,2.0,upi,in-store,
3865,2025-07-14,Monday,P12,Bagel - Plain,Bread,2,2.25,0,4.5,upi,in-store,C0124
3866,2025-07-14,Monday,P03,Whole Wheat Loaf,Bread,1,4.75,0,4.75,card,in-store,C0055
3867,2025-07-14,Monday,P10,Birthday Cake (whole),Cake,1,32.0,0,32.0,upi,in-store,
3868,2025-07-14,Monday,P06,Cinnamon Roll,Pastry,1,3.75,0,3.75,cash,in-store,
3868,2025-07-14,Monday,P04,Croissant,Pastry,1,3.0,0,3.0,cash,in-store,
3868,2025-07-14,Monday,P14,Rye Loaf,Bread,2,4.9,0,9.8,cash,in-store,
3868,2025-07-14,Monday,P15,Scone - Blueberry,Pastry,1,3.0,0,3.0,cash,in-store,
3869,2025-07-14,Monday,P12,Bagel - Plain,Bread,1,2.25,0,2.25,card,in-store,
3869,2025-07-14,Monday,P06,Cinnamon Roll,Pastry,1,3.75,0,3.75,card,in-store,
3869,2025-07-14,Monday,P02,Baguette,Bread,3,3.25,0,9.75,card,in-store,
3870,2025-07-14,Monday,P15,Scone - Blueberry,Pastry,3,3.0,0,9.0,cash,online,C0113
3871,2025-07-14,Monday,P03,Whole Wheat Loaf,Bread,1,4.75,0,4.75,upi,in-store,
3872,2025-07-15,Tuesday,P15,Scone - Blueberry,Pastry,1,3.0,0,3.0,cash,in-store,
3873,2025-07-15,Tuesday,P09,Oatmeal Raisin Cookie,Cookie,1,2.0,0,2.0,card,in-store,C0068
3874,2025-07-15,Tuesday,P04,Croissant,Pastry,3,3.0,0,9.0,upi,in-store,C0062
3874,2025-07-15,Tuesday,P08,Chocolate Chip Cookie,Cookie,1,2.0,0,2.0,upi,in-store,C0062
3874,2025-07-15,Tuesday,P12,Bagel - Plain,Bread,2,2.25,0,4.5,upi,in-store,C0062
3875,2025-07-15,Tuesday,P01,Sourdough Loaf,Bread,1,4.5,0,4.5,upi,online,
3875,2025-07-15,Tuesday,P15,Scone - Blueberry,Pastry,1,3.0,0,3.0,upi,online,
3876,2025-07-15,Tuesday,P08,Chocolate Chip Cookie,Cookie,1,2.0,0,2.0,cash,online,C0130
3877,2025-07-15,Tuesday,P06,Cinnamon Roll,Pastry,2,3.75,0,7.5,cash,in-store,
3877,2025-07-15,Tuesday,P06,Cinnamon Roll,Pastry,2,3.75,0,7.5,cash,in-store,
3877,2025-07-15,Tuesday,P14,Rye Loaf,Bread,1,4.9,0,4.9,cash,in-store,
3878,2025-07-15,Tuesday,P04,Croissant,Pastry,1,3.0,0,3.0,cash,online,C0063
3878,2025-07-15,Tuesday,P05,Pain au Chocolat,Pastry,1,3.5,0,3.5,cash,online,C0063
3879,2025-07-15,Tuesday,P10,Birthday Cake (whole),Cake,1,32.0,0,32.0,upi,online,C0091
3880,2025-07-15,Tuesday,P10,Birthday Cake (whole),Cake,1,32.0,0,32.0,cash,in-store,C0067
3881,2025-07-15,Tuesday,P05,Pain au Chocolat,Pastry,1,3.5,0,3.5,card,in-store,
3881,2025-07-15,Tuesday,P12,Bagel - Plain,Bread,1,2.25,0,2.25,card,in-store,
3882,2025-07-15,Tuesday,P07,Blueberry Muffin,Pastry,2,2.75,0,5.5,card,in-store,C0100
3883,2025-07-15,Tuesday,P14,Rye Loaf,Bread,1,4.9,0,4.9,cash,in-store,C0030
3884,2025-07-16,Wednesday,P03,Whole Wheat Loaf,Bread,2,4.75,0,9.5,upi,in-store,C0011
3885,2025-07-16,Wednesday,P02,Baguette,Bread,1,3.25,0,3.25,cash,online,C0047
3885,2025-07-16,Wednesday,P12,Bagel - Plain,Bread,2,2.25,0,4.5,cash,online,C0047
3886,2025-07-16,Wednesday,P01,Sourdough Loaf,Bread,1,4.5,0,4.5,upi,in-store,C0098
3887,2025-07-16,Wednesday,P05,Pain au Chocolat,Pastry,1,3.5,0,3.5,upi,in-store,C0115
3888,2025-07-16,Wednesday,P15,Scone - Blueberry,Pastry,1,3.0,0,3.0,cash,online,C0025
3889,2025-07-16,Wednesday,P07,Blueberry Muffin,Pastry,2,2.75,0,5.5,cash,in-store,C0049
3889,2025-07-16,Wednesday,P03,Whole Wheat Loaf,Bread,1,4.75,0,4.75,cash,in-store,C0049
3890,2025-07-16,Wednesday,P08,Chocolate Chip Cookie,Cookie,2,2.0,0,4.0,upi,in-store,
3891,2025-07-16,Wednesday,P10,Birthday Cake (whole),Cake,1,32.0,0,32.0,upi,online,C0030
3892,2025-07-16,Wednesday,P10,Birthday Cake (whole),Cake,1,32.0,0,32.0,cash,in-store,C0053
3893,2025-07-16,Wednesday,P14,Rye Loaf,Bread,1,4.9,0,4.9,upi,in-store,C0051
3893,2025-07-16,Wednesday,P13,Bagel - Everything,Bread,3,2.5,0,7.5,upi,in-store,C0051
3894,2025-07-16,Wednesday,P12,Bagel - Plain,Bread,1,2.25,0,2.25,card,online,
3895,2025-07-17,Thursday,P05,Pain au Chocolat,Pastry,1,3.5,0,3.5,cash,in-store,C0112
3896,2025-07-17,Thursday,P02,Baguette,Bread,1,3.25,0,3.25,upi,online,
3897,2025-07-17,Thursday,P04,Croissant,Pastry,1,3.0,0,3.0,upi,in-store,
3898,2025-07-17,Thursday,P07,Blueberry Muffin,Pastry,1,2.75,0,2.75,card,online,
3899,2025-07-17,Thursday,P11,Cupcake (single),Cake,1,3.25,0,3.25,card,in-store,C0074
3901,2025-07-17,Thursday,P08,Chocolate Chip Cookie,Cookie,1,2.0,0,2.0,upi,online,C0063
3901,2025-07-17,Thursday,P07,Blueberry Muffin,Pastry,1,2.75,0,2.75,upi,online,C0063
3903,2025-07-17,Thursday,P08,Chocolate Chip Cookie,Cookie,1,2.0,0,2.0,cash,in-store,C0097
3904,2025-07-17,Thursday,P07,Blueberry Muffin,Pastry,1,2.75,0,2.75,card,in-store,C0130
3904,2025-07-17,Thursday,P08,Chocolate Chip Cookie,Cookie,1,2.0,0,2.0,card,in-store,C0130
3904,2025-07-17,Thursday,P12,Bagel - Plain,Bread,1,2.25,0,2.25,card,in-store,C0130
3904,2025-07-17,Thursday,P03,Whole Wheat Loaf,Bread,1,4.75,0,4.75,card,in-store,C0130
3905,2025-07-17,Thursday,P05,Pain au Chocolat,Pastry,1,3.5,0,3.5,card,in-store,
3905,2025-07-17,Thursday,P07,Blueberry Muffin,Pastry,2,2.75,0,5.5,card,in-store,
3906,2025-07-17,Thursday,P15,Scone - Blueberry,Pastry,1,3.0,0,3.0,card,in-store,
3906,2025-07-17,Thursday,P08,Chocolate Chip Cookie,Cookie,1,2.0,0,2.0,card,in-store,
3906,2025-07-17,Thursday,P08,Chocolate Chip Cookie,Cookie,3,2.0,0,6.0,card,in-store,
3906,2025-07-17,Thursday,P05,Pain au Chocolat,Pastry,3,3.5,0,10.5,card,in-store,
3907,2025-07-17,Thursday,P13,Bagel - Everything,Bread,1,2.5,0,2.5,cash,in-store,C0052
3908,2025-07-17,Thursday,P09,Oatmeal Raisin Cookie,Cookie,1,2.0,0,2.0,card,in-store,
3908,2025-07-17,Thursday,P04,Croissant,Pastry,1,3.0,0,3.0,card,in-store,
3908,2025-07-17,Thursday,P09,Oatmeal Raisin Cookie,Cookie,1,2.0,0,2.0,card,in-store,
3908,2025-07-17,Thursday,P05,Pain au Chocolat,Pastry,3,3.5,0,10.5,card,in-store,
3909,2025-07-17,Thursday,P02,Baguette,Bread,2,3.25,0,6.5,upi,in-store,C0005
3909,2025-07-17,Thursday,P05,Pain au Chocolat,Pastry,1,3.5,0,3.5,upi,in-store,C0005
3909,2025-07-17,Thursday,P03,Whole Wheat Loaf,Bread,1,4.75,0,4.75,upi,in-store,C0005
3910,2025-07-18,Friday,P14,Rye Loaf,Bread,1,4.9,0,4.9,upi,in-store,C0069
3911,2025-07-18,Friday,P10,Birthday Cake (whole),Cake,1,32.0,0,32.0,cash,online,
3911,2025-07-18,Friday,P13,Bagel - Everything,Bread,1,2.5,0,2.5,cash,online,
3912,2025-07-18,Friday,P15,Scone - Blueberry,Pastry,1,3.0,0,3.0,upi,in-store,C0110
3912,2025-07-18,Friday,P03,Whole Wheat Loaf,Bread,1,4.75,0,4.75,upi,in-store,C0110
3913,2025-07-18,Friday,P10,Birthday Cake (whole),Cake,1,32.0,0,32.0,upi,in-store,C0124
3913,2025-07-18,Friday,P12,Bagel - Plain,Bread,3,2.25,0,6.75,upi,in-store,C0124
3914,2025-07-18,Friday,P03,Whole Wheat Loaf,Bread,1,4.75,0,4.75,card,in-store,C0080
3914,2025-07-18,Friday,P09,Oatmeal Raisin Cookie,Cookie,3,2.0,0,6.0,card,in-store,C0080
3915,2025-07-18,Friday,P03,Whole Wheat Loaf,Bread,1,4.75,0,4.75,upi,in-store,
3916,2025-07-18,Friday,P10,Birthday Cake (whole),Cake,1,32.0,0,32.0,card,online,
3916,2025-07-18,Friday,P07,Blueberry Muffin,Pastry,1,2.75,0,2.75,card,online,
3917,2025-07-18,Friday,P05,Pain au Chocolat,Pastry,3,3.5,0,10.5,card,in-store,C0001
3918,2025-07-18,Friday,P07,Blueberry Muffin,Pastry,1,2.75,0,2.75,cash,catering,C0121
3920,2025-07-18,Friday,P07,Blueberry Muffin,Pastry,3,2.75,0,8.25,card,in-store,C0106
3920,2025-07-18,Friday,P06,Cinnamon Roll,Pastry,1,3.75,0,3.75,card,in-store,C0106
3921,2025-07-18,Friday,P13,Bagel - Everything,Bread,1,2.5,0,2.5,card,in-store,C0008
3921,2025-07-18,Friday,P14,Rye Loaf,Bread,1,4.9,0,4.9,card,in-store,C0008
3923,2025-07-18,Friday,P11,Cupcake (single),Cake,1,3.25,0,3.25,cash,in-store,C0096
3924,2025-07-18,Friday,P03,Whole Wheat Loaf,Bread,2,4.75,0,9.5,card,in-store,C0123
3925,2025-07-19,Saturday,P04,Croissant,Pastry,1,3.0,0,3.0,upi,in-store,C0056
3925,2025-07-19,Saturday,P13,Bagel - Everything,Bread,1,2.5,0,2.5,upi,in-store,C0056
3926,2025-07-19,Saturday,P05,Pain au Chocolat,Pastry,1,3.5,0,3.5,card,in-store,C0126
3927,2025-07-19,Saturday,P03,Whole Wheat Loaf,Bread,1,4.75,0,4.75,card,in-store,
3927,2025-07-19,Saturday,P09,Oatmeal Raisin Cookie,Cookie,3,2.0,0,6.0,card,in-store,
3928,2025-07-19,Saturday,P06,Cinnamon Roll,Pastry,1,3.75,0,3.75,upi,in-store,
3928,2025-07-19,Saturday,P04,Croissant,Pastry,1,3.0,0,3.0,upi,in-store,
3929,2025-07-19,Saturday,P04,Croissant,Pastry,1,3.0,0,3.0,upi,online,C0070
3929,2025-07-19,Saturday,P05,Pain au Chocolat,Pastry,2,3.5,0,7.0,upi,online,C0070
3930,2025-07-19,Saturday,P10,Birthday Cake (whole),Cake,1,32.0,0,32.0,upi,in-store,
3931,2025-07-19,Saturday,P09,Oatmeal Raisin Cookie,Cookie,3,2.0,0,6.0,cash,in-store,
3932,2025-07-19,Saturday,P09,Oatmeal Raisin Cookie,Cookie,2,2.0,0,4.0,card,in-store,C0120
3932,2025-07-19,Saturday,P04,Croissant,Pastry,3,3.0,0,9.0,card,in-store,C0120
3932,2025-07-19,Saturday,P12,Bagel - Plain,Bread,1,2.25,0,2.25,card,in-store,C0120
3932,2025-07-19,Saturday,P15,Scone - Blueberry,Pastry,1,3.0,0,3.0,card,in-store,C0120
3934,2025-07-19,Saturday,P06,Cinnamon Roll,Pastry,1,3.75,0,3.75,card,in-store,C0004
3934,2025-07-19,Saturday,P10,Birthday Cake (whole),Cake,1,32.0,0,32.0,card,in-store,C0004
3934,2025-07-19,Saturday,P10,Birthday Cake (whole),Cake,1,32.0,0,32.0,card,in-store,C0004
3935,2025-07-19,Saturday,P13,Bagel - Everything,Bread,1,2.5,0,2.5,card,online,
3936,2025-07-19,Saturday,P14,Rye Loaf,Bread,1,4.9,0,4.9,cash,in-store,
3936,2025-07-19,Saturday,P11,Cupcake (single),Cake,1,3.25,0,3.25,cash,in-store,
3936,2025-07-19,Saturday,P14,Rye Loaf,Bread,1,4.9,0,4.9,cash,in-store,
3936,2025-07-19,Saturday,P07,Blueberry Muffin,Pastry,1,2.75,0,2.75,cash,in-store,
3937,2025-07-19,Saturday,P01,Sourdough Loaf,Bread,3,4.5,0,13.5,cash,in-store,
3938,2025-07-19,Saturday,P03,Whole Wheat Loaf,Bread,1,4.75,0,4.75,upi,in-store,C0084
3938,2025-07-19,Saturday,P01,Sourdough Loaf,Bread,1,4.5,0,4.5,upi,in-store,C0084
3939,2025-07-19,Saturday,P12,Bagel - Plain,Bread,1,2.25,0,2.25,upi,in-store,C0021
3940,2025-07-19,Saturday,P01,Sourdough Loaf,Bread,1,4.5,0,4.5,upi,in-store,C0123
3940,2025-07-19,Saturday,P08,Chocolate Chip Cookie,Cookie,1,2.0,0,2.0,upi,in-store,C0123
3940,2025-07-19,Saturday,P04,Croissant,Pastry,1,3.0,0,3.0,upi,in-store,C0123
3941,2025-07-19,Saturday,P02,Baguette,Bread,1,3.25,0,3.25,upi,in-store,
3942,2025-07-19,Saturday,P02,Baguette,Bread,1,3.25,0,3.25,upi,in-store,
3943,2025-07-19,Saturday,P08,Chocolate Chip Cookie,Cookie,3,2.0,0,6.0,upi,in-store,
3944,2025-07-19,Saturday,P06,Cinnamon Roll,Pastry,1,3.75,0,3.75,card,in-store,C0068
3945,2025-07-19,Saturday,P10,Birthday Cake (whole),Cake,1,32.0,0,32.0,card,online,C0087
3945,2025-07-19,Saturday,P07,Blueberry Muffin,Pastry,1,2.75,0,2.75,card,online,C0087
3945,2025-07-19,Saturday,P13,Bagel - Everything,Bread,2,2.5,0,5.0,card,online,C0087
3945,2025-07-19,Saturday,P05,Pain au Chocolat,Pastry,1,3.5,0,3.5,card,online,C0087
3946,2025-07-20,Sunday,P07,Blueberry Muffin,Pastry,1,2.75,0,2.75,upi,in-store,C0022
3946,2025-07-20,Sunday,P07,Blueberry Muffin,Pastry,1,2.75,0,2.75,upi,in-store,C0022
3947,2025-07-20,Sunday,P02,Baguette,Bread,1,3.25,0,3.25,cash,in-store,
3947,2025-07-20,Sunday,P09,Oatmeal Raisin Cookie,Cookie,1,2.0,0,2.0,cash,in-store,
3948,2025-07-20,Sunday,P06,Cinnamon Roll,Pastry,1,3.75,0,3.75,card,in-store,
3949,2025-07-20,Sunday,P03,Whole Wheat Loaf,Bread,2,4.75,0,9.5,upi,in-store,
3950,2025-07-20,Sunday,P04,Croissant,Pastry,1,3.0,0,3.0,upi,online,C0017
3951,2025-07-20,Sunday,P13,Bagel - Everything,Bread,3,2.5,0,7.5,upi,in-store,
3952,2025-07-20,Sunday,P05,Pain au Chocolat,Pastry,1,3.5,0,3.5,upi,in-store,C0084
3952,2025-07-20,Sunday,P03,Whole Wheat Loaf,Bread,3,4.75,0,14.25,upi,in-store,C0084
3953,2025-07-20,Sunday,P11,Cupcake (single),Cake,1,3.25,0,3.25,upi,online,C0115
3954,2025-07-20,Sunday,P13,Bagel - Everything,Bread,1,2.5,0,2.5,upi,in-store,C0085
3954,2025-07-20,Sunday,P12,Bagel - Plain,Bread,1,2.25,0,2.25,upi,in-store,C0085
3955,2025-07-20,Sunday,P14,Rye Loaf,Bread,3,4.9,0,14.7,upi,in-store,C0020
3956,2025-07-20,Sunday,P09,Oatmeal Raisin Cookie,Cookie,1,2.0,0,2.0,upi,online,C0050
3956,2025-07-20,Sunday,P12,Bagel - Plain,Bread,1,2.25,0,2.25,upi,online,C0050
3956,2025-07-20,Sunday,P12,Bagel - Plain,Bread,1,2.25,0,2.25,upi,online,C0050
3956,2025-07-20,Sunday,P09,Oatmeal Raisin Cookie,Cookie,3,2.0,0,6.0,upi,online,C0050
3958,2025-07-20,Sunday,P05,Pain au Chocolat,Pastry,1,3.5,0,3.5,upi,online,C0037
3959,2025-07-20,Sunday,P06,Cinnamon Roll,Pastry,1,3.75,0,3.75,upi,in-store,
3960,2025-07-20,Sunday,P03,Whole Wheat Loaf,Bread,1,4.75,0,4.75,cash,in-store,C0002
3961,2025-07-20,Sunday,P12,Bagel - Plain,Bread,1,2.25,0,2.25,cash,in-store,
3961,2025-07-20,Sunday,P07,Blueberry Muffin,Pastry,1,2.75,0,2.75,cash,in-store,
3962,2025-07-20,Sunday,P01,Sourdough Loaf,Bread,1,4.5,0,4.5,upi,in-store,C0128
3963,2025-07-21,Monday,P08,Chocolate Chip Cookie,Cookie,3,2.0,0,6.0,card,in-store,C0011
3963,2025-07-21,Monday,P11,Cupcake (single),Cake,1,3.25,0,3.25,card,in-store,C0011
3963,2025-07-21,Monday,P10,Birthday Cake (whole),Cake,1,32.0,0,32.0,card,in-store,C0011
3964,2025-07-21,Monday,P08,Chocolate Chip Cookie,Cookie,1,2.0,0,2.0,cash,in-store,
3965,2025-07-21,Monday,P08,Chocolate Chip Cookie,Cookie,1,2.0,0,2.0,cash,in-store,
3966,2025-07-21,Monday,P08,Chocolate Chip Cookie,Cookie,1,2.0,0,2.0,upi,in-store,
3966,2025-07-21,Monday,P01,Sourdough Loaf,Bread,1,4.5,0,4.5,upi,in-store,
3967,2025-07-21,Monday,P14,Rye Loaf,Bread,1,4.9,0,4.9,cash,in-store,C0016
3968,2025-07-21,Monday,P05,Pain au Chocolat,Pastry,1,3.5,0,3.5,upi,in-store,
3968,2025-07-21,Monday,P05,Pain au Chocolat,Pastry,1,3.5,0,3.5,upi,in-store,
3968,2025-07-21,Monday,P11,Cupcake (single),Cake,1,3.25,0,3.25,upi,in-store,
3969,2025-07-21,Monday,P15,Scone - Blueberry,Pastry,1,3.0,0,3.0,upi,online,C0024
3970,2025-07-21,Monday,P04,Croissant,Pastry,2,3.0,0,6.0,cash,in-store,C0066
3971,2025-07-21,Monday,P03,Whole Wheat Loaf,Bread,1,4.75,0,4.75,cash,online,C0108
3974,2025-07-21,Monday,P05,Pain au Chocolat,Pastry,1,3.5,0,3.5,cash,in-store,
3975,2025-07-21,Monday,P08,Chocolate Chip Cookie,Cookie,1,2.0,0,2.0,card,in-store,C0093
3975,2025-07-21,Monday,P15,Scone - Blueberry,Pastry,1,3.0,0,3.0,card,in-store,C0093
3975,2025-07-21,Monday,P07,Blueberry Muffin,Pastry,1,2.75,0,2.75,card,in-store,C0093
3975,2025-07-21,Monday,P01,Sourdough Loaf,Bread,1,4.5,0,4.5,card,in-store,C0093
3976,2025-07-21,Monday,P07,Blueberry Muffin,Pastry,1,2.75,0,2.75,upi,in-store,
3976,2025-07-21,Monday,P13,Bagel - Everything,Bread,1,2.5,0,2.5,upi,in-store,
3977,2025-07-21,Monday,P07,Blueberry Muffin,Pastry,2,2.75,0,5.5,card,in-store,C0068
3978,2025-07-21,Monday,P03,Whole Wheat Loaf,Bread,1,4.75,0,4.75,cash,in-store,C0058
3980,2025-07-22,Tuesday,P12,Bagel - Plain,Bread,3,2.25,0,6.75,upi,in-store,
3981,2025-07-22,Tuesday,P09,Oatmeal Raisin Cookie,Cookie,1,2.0,0,2.0,card,in-store,
3983,2025-07-22,Tuesday,P14,Rye Loaf,Bread,3,4.9,0,14.7,upi,in-store,C0079
3983,2025-07-22,Tuesday,P02,Baguette,Bread,3,3.25,0,9.75,upi,in-store,C0079
3984,2025-07-22,Tuesday,P02,Baguette,Bread,3,3.25,0,9.75,cash,in-store,
3984,2025-07-22,Tuesday,P13,Bagel - Everything,Bread,1,2.5,0,2.5,cash,in-store,
3984,2025-07-22,Tuesday,P04,Croissant,Pastry,1,3.0,0,3.0,cash,in-store,
3985,2025-07-22,Tuesday,P01,Sourdough Loaf,Bread,1,4.5,0,4.5,card,in-store,
3986,2025-07-22,Tuesday,P09,Oatmeal Raisin Cookie,Cookie,1,2.0,0,2.0,cash,in-store,
3987,2025-07-22,Tuesday,P05,Pain au Chocolat,Pastry,1,3.5,0,3.5,cash,in-store,C0057
3989,2025-07-22,Tuesday,P01,Sourdough Loaf,Bread,3,4.5,0,13.5,card,in-store,C0026
3990,2025-07-22,Tuesday,P05,Pain au Chocolat,Pastry,3,3.5,0,10.5,cash,in-store,
3991,2025-07-22,Tuesday,P03,Whole Wheat Loaf,Bread,1,4.75,0,4.75,upi,in-store,
3992,2025-07-23,Wednesday,P08,Chocolate Chip Cookie,Cookie,1,2.0,0,2.0,card,catering,
3993,2025-07-23,Wednesday,P07,Blueberry Muffin,Pastry,1,2.75,0,2.75,upi,in-store,C0091
3993,2025-07-23,Wednesday,P13,Bagel - Everything,Bread,3,2.5,0,7.5,upi,in-store,C0091
3993,2025-07-23,Wednesday,P01,Sourdough Loaf,Bread,1,4.5,0,4.5,upi,in-store,C0091
3995,2025-07-23,Wednesday,P03,Whole Wheat Loaf,Bread,1,4.75,0,4.75,upi,in-store,
3996,2025-07-23,Wednesday,P07,Blueberry Muffin,Pastry,3,2.75,0,8.25,cash,online,
3996,2025-07-23,Wednesday,P11,Cupcake (single),Cake,1,3.25,0,3.25,cash,online,
3997,2025-07-23,Wednesday,P11,Cupcake (single),Cake,1,3.25,0,3.25,upi,in-store,C0051
3997,2025-07-23,Wednesday,P12,Bagel - Plain,Bread,1,2.25,0,2.25,upi,in-store,C0051
3998,2025-07-23,Wednesday,P15,Scone - Blueberry,Pastry,1,3.0,0,3.0,upi,in-store,C0026
3999,2025-07-24,Thursday,P07,Blueberry Muffin,Pastry,2,2.75,0,5.5,card,catering,C0065
4000,2025-07-24,Thursday,P13,Bagel - Everything,Bread,1,2.5,0,2.5,upi,in-store,C0056
4000,2025-07-24,Thursday,P12,Bagel - Plain,Bread,1,2.25,0,2.25,upi,in-store,C0056
4001,2025-07-24,Thursday,P14,Rye Loaf,Bread,1,4.9,0,4.9,card,in-store,
4002,2025-07-24,Thursday,P02,Baguette,Bread,1,3.25,0,3.25,cash,in-store,
4002,2025-07-24,Thursday,P05,Pain au Chocolat,Pastry,1,3.5,0,3.5,cash,in-store,
4003,2025-07-24,Thursday,P03,Whole Wheat Loaf,Bread,3,4.75,0,14.25,card,in-store,C0080
4004,2025-07-24,Thursday,P07,Blueberry Muffin,Pastry,1,2.75,0,2.75,cash,in-store,
4004,2025-07-24,Thursday,P08,Chocolate Chip Cookie,Cookie,1,2.0,0,2.0,cash,in-store,
4004,2025-07-24,Thursday,P09,Oatmeal Raisin Cookie,Cookie,1,2.0,0,2.0,cash,in-store,
4005,2025-07-24,Thursday,P04,Croissant,Pastry,2,3.0,0,6.0,card,in-store,C0127
4006,2025-07-24,Thursday,P14,Rye Loaf,Bread,1,4.9,0,4.9,card,in-store,
4007,2025-07-24,Thursday,P08,Chocolate Chip Cookie,Cookie,1,2.0,0,2.0,upi,catering,C0068
4008,2025-07-24,Thursday,P04,Croissant,Pastry,1,3.0,0,3.0,card,in-store,
4008,2025-07-24,Thursday,P12,Bagel - Plain,Bread,1,2.25,0,2.25,card,in-store,
4008,2025-07-24,Thursday,P04,Croissant,Pastry,1,3.0,0,3.0,card,in-store,
4010,2025-07-24,Thursday,P08,Chocolate Chip Cookie,Cookie,2,2.0,0,4.0,card,in-store,
4010,2025-07-24,Thursday,P07,Blueberry Muffin,Pastry,1,2.75,0,2.75,card,in-store,
4011,2025-07-24,Thursday,P08,Chocolate Chip Cookie,Cookie,1,2.0,0,2.0,cash,in-store,
4012,2025-07-24,Thursday,P05,Pain au Chocolat,Pastry,1,3.5,0,3.5,card,in-store,C0006
4012,2025-07-24,Thursday,P12,Bagel - Plain,Bread,1,2.25,0,2.25,card,in-store,C0006
4012,2025-07-24,Thursday,P06,Cinnamon Roll,Pastry,1,3.75,0,3.75,card,in-store,C0006
4012,2025-07-24,Thursday,P11,Cupcake (single),Cake,1,3.25,0,3.25,card,in-store,C0006
4013,2025-07-25,Friday,P08,Chocolate Chip Cookie,Cookie,1,2.0,0,2.0,upi,in-store,C0088
4015,2025-07-25,Friday,P07,Blueberry Muffin,Pastry,1,2.75,0,2.75,card,online,C0005
4015,2025-07-25,Friday,P07,Blueberry Muffin,Pastry,1,2.75,0,2.75,card,online,C0005
4015,2025-07-25,Friday,P05,Pain au Chocolat,Pastry,1,3.5,0,3.5,card,online,C0005
4016,2025-07-25,Friday,P04,Croissant,Pastry,2,3.0,0,6.0,upi,in-store,C0040
4017,2025-07-25,Friday,P01,Sourdough Loaf,Bread,1,4.5,0,4.5,upi,in-store,C0037
4018,2025-07-25,Friday,P07,Blueberry Muffin,Pastry,1,2.75,0,2.75,upi,in-store,
4018,2025-07-25,Friday,P07,Blueberry Muffin,Pastry,3,2.75,0,8.25,upi,in-store,
4019,2025-07-25,Friday,P03,Whole Wheat Loaf,Bread,1,4.75,0,4.75,upi,in-store,
4020,2025-07-25,Friday,P07,Blueberry Muffin,Pastry,2,2.75,0,5.5,cash,in-store,C0025
4021,2025-07-25,Friday,P13,Bagel - Everything,Bread,1,2.5,0,2.5,card,catering,C0050
4022,2025-07-25,Friday,P12,Bagel - Plain,Bread,1,2.25,0,2.25,card,in-store,C0004
4023,2025-07-25,Friday,P07,Blueberry Muffin,Pastry,2,2.75,0,5.5,cash,in-store,C0004
4024,2025-07-25,Friday,P03,Whole Wheat Loaf,Bread,2,4.75,0,9.5,upi,online,
4025,2025-07-25,Friday,P08,Chocolate Chip Cookie,Cookie,1,2.0,0,2.0,card,in-store,
4025,2025-07-25,Friday,P15,Scone - Blueberry,Pastry,1,3.0,0,3.0,card,in-store,
4026,2025-07-26,Saturday,P09,Oatmeal Raisin Cookie,Cookie,1,2.0,0,2.0,upi,in-store,C0072
4026,2025-07-26,Saturday,P13,Bagel - Everything,Bread,1,2.5,0,2.5,upi,in-store,C0072
4027,2025-07-26,Saturday,P12,Bagel - Plain,Bread,1,2.25,0,2.25,cash,in-store,
4028,2025-07-26,Saturday,P12,Bagel - Plain,Bread,1,2.25,0,2.25,upi,in-store,C0011
4030,2025-07-26,Saturday,P07,Blueberry Muffin,Pastry,1,2.75,0,2.75,card,in-store,C0099
4031,2025-07-26,Saturday,P03,Whole Wheat Loaf,Bread,3,4.75,0,14.25,card,in-store,C0089
4032,2025-07-26,Saturday,P07,Blueberry Muffin,Pastry,1,2.75,0,2.75,upi,in-store,C0071
4033,2025-07-26,Saturday,P08,Chocolate Chip Cookie,Cookie,1,2.0,0,2.0,upi,in-store,
4034,2025-07-26,Saturday,P01,Sourdough Loaf,Bread,1,4.5,0,4.5,card,in-store,C0066
4035,2025-07-26,Saturday,P07,Blueberry Muffin,Pastry,1,2.75,0,2.75,upi,in-store,C0123
4035,2025-07-26,Saturday,P01,Sourdough Loaf,Bread,1,4.5,0,4.5,upi,in-store,C0123
4035,2025-07-26,Saturday,P06,Cinnamon Roll,Pastry,3,3.75,0,11.25,upi,in-store,C0123
4036,2025-07-26,Saturday,P04,Croissant,Pastry,3,3.0,0,9.0,upi,in-store,
4036,2025-07-26,Saturday,P06,Cinnamon Roll,Pastry,3,3.75,0,11.25,upi,in-store,
4037,2025-07-26,Saturday,P10,Birthday Cake (whole),Cake,1,32.0,0,32.0,upi,catering,
4037,2025-07-26,Saturday,P14,Rye Loaf,Bread,1,4.9,0,4.9,upi,catering,
4038,2025-07-26,Saturday,P11,Cupcake (single),Cake,1,3.25,0,3.25,upi,in-store,
4040,2025-07-26,Saturday,P08,Chocolate Chip Cookie,Cookie,1,2.0,0,2.0,upi,catering,C0107
4041,2025-07-26,Saturday,P01,Sourdough Loaf,Bread,1,4.5,0,4.5,cash,in-store,
4042,2025-07-26,Saturday,P13,Bagel - Everything,Bread,1,2.5,0,2.5,card,in-store,C0056
4043,2025-07-26,Saturday,P07,Blueberry Muffin,Pastry,2,2.75,0,5.5,upi,online,
4043,2025-07-26,Saturday,P08,Chocolate Chip Cookie,Cookie,2,2.0,0,4.0,upi,online,
4043,2025-07-26,Saturday,P07,Blueberry Muffin,Pastry,2,2.75,0,5.5,upi,online,
4044,2025-07-26,Saturday,P07,Blueberry Muffin,Pastry,1,2.75,0,2.75,cash,in-store,C0022
4045,2025-07-26,Saturday,P12,Bagel - Plain,Bread,3,2.25,0,6.75,card,in-store,C0097
4045,2025-07-26,Saturday,P10,Birthday Cake (whole),Cake,1,32.0,0,32.0,card,in-store,C0097
4046,2025-07-26,Saturday,P07,Blueberry Muffin,Pastry,2,2.75,0,5.5,card,in-store,C0032
4046,2025-07-26,Saturday,P15,Scone - Blueberry,Pastry,1,3.0,0,3.0,card,in-store,C0032
4046,2025-07-26,Saturday,P05,Pain au Chocolat,Pastry,1,3.5,0,3.5,card,in-store,C0032
4047,2025-07-27,Sunday,P13,Bagel - Everything,Bread,3,2.5,0,7.5,upi,online,C0065
4047,2025-07-27,Sunday,P05,Pain au Chocolat,Pastry,3,3.5,0,10.5,upi,online,C0065
4048,2025-07-27,Sunday,P15,Scone - Blueberry,Pastry,1,3.0,0,3.0,upi,in-store,C0107
4048,2025-07-27,Sunday,P05,Pain au Chocolat,Pastry,1,3.5,0,3.5,upi,in-store,C0107
4051,2025-07-27,Sunday,P07,Blueberry Muffin,Pastry,2,2.75,0,5.5,upi,in-store,C0014
4052,2025-07-27,Sunday,P08,Chocolate Chip Cookie,Cookie,1,2.0,0,2.0,upi,in-store,C0101
4053,2025-07-27,Sunday,P08,Chocolate Chip Cookie,Cookie,2,2.0,0,4.0,upi,in-store,C0048
4053,2025-07-27,Sunday,P08,Chocolate Chip Cookie,Cookie,3,2.0,0,6.0,upi,in-store,C0048
4053,2025-07-27,Sunday,P15,Scone - Blueberry,Pastry,1,3.0,0,3.0,upi,in-store,C0048
4054,2025-07-27,Sunday,P05,Pain au Chocolat,Pastry,1,3.5,0,3.5,upi,in-store,
4055,2025-07-27,Sunday,P05,Pain au Chocolat,Pastry,1,3.5,0,3.5,card,in-store,
4056,2025-07-27,Sunday,P08,Chocolate Chip Cookie,Cookie,1,2.0,0,2.0,card,in-store,C0036
4056,2025-07-27,Sunday,P08,Chocolate Chip Cookie,Cookie,1,2.0,0,2.0,card,in-store,C0036
4057,2025-07-27,Sunday,P12,Bagel - Plain,Bread,3,2.25,0,6.75,cash,in-store,C0027
4057,2025-07-27,Sunday,P08,Chocolate Chip Cookie,Cookie,1,2.0,0,2.0,cash,in-store,C0027
4058,2025-07-27,Sunday,P07,Blueberry Muffin,Pastry,1,2.75,0,2.75,upi,in-store,C0033
4058,2025-07-27,Sunday,P10,Birthday Cake (whole),Cake,1,32.0,0,32.0,upi,in-store,C0033
4059,2025-07-27,Sunday,P09,Oatmeal Raisin Cookie,Cookie,1,2.0,0,2.0,cash,in-store,
4059,2025-07-27,Sunday,P13,Bagel - Everything,Bread,1,2.5,0,2.5,cash,in-store,
4059,2025-07-27,Sunday,P09,Oatmeal Raisin Cookie,Cookie,2,2.0,0,4.0,cash,in-store,
4060,2025-07-27,Sunday,P05,Pain au Chocolat,Pastry,1,3.5,0,3.5,upi,in-store,
4061,2025-07-27,Sunday,P08,Chocolate Chip Cookie,Cookie,2,2.0,0,4.0,card,in-store,C0064
4062,2025-07-27,Sunday,P11,Cupcake (single),Cake,1,3.25,0,3.25,upi,in-store,C0001
4062,2025-07-27,Sunday,P14,Rye Loaf,Bread,1,4.9,0,4.9,upi,in-store,C0001
4062,2025-07-27,Sunday,P04,Croissant,Pastry,1,3.0,0,3.0,upi,in-store,C0001
4063,2025-07-27,Sunday,P10,Birthday Cake (whole),Cake,1,32.0,0,32.0,card,online,C0037
4064,2025-07-27,Sunday,P07,Blueberry Muffin,Pastry,1,2.75,0,2.75,upi,in-store,
4065,2025-07-27,Sunday,P05,Pain au Chocolat,Pastry,3,3.5,0,10.5,card,in-store,C0061
4066,2025-07-27,Sunday,P01,Sourdough Loaf,Bread,1,4.5,0,4.5,upi,in-store,C0084
4067,2025-07-27,Sunday,P03,Whole Wheat Loaf,Bread,1,4.75,0,4.75,card,online,
4068,2025-07-27,Sunday,P02,Baguette,Bread,2,3.25,0,6.5,upi,in-store,
4068,2025-07-27,Sunday,P03,Whole Wheat Loaf,Bread,1,4.75,0,4.75,upi,in-store,
4068,2025-07-27,Sunday,P01,Sourdough Loaf,Bread,1,4.5,0,4.5,upi,in-store,
4069,2025-07-27,Sunday,P09,Oatmeal Raisin Cookie,Cookie,2,2.0,0,4.0,upi,in-store,C0004
4069,2025-07-27,Sunday,P08,Chocolate Chip Cookie,Cookie,1,2.0,0,2.0,upi,in-store,C0004
4070,2025-07-28,Monday,P15,Scone - Blueberry,Pastry,3,3.0,0,9.0,upi,online,C0075
4071,2025-07-28,Monday,P12,Bagel - Plain,Bread,2,2.25,0,4.5,cash,in-store,C0101
4072,2025-07-28,Monday,P07,Blueberry Muffin,Pastry,1,2.75,0,2.75,upi,in-store,C0040
4073,2025-07-28,Monday,P08,Chocolate Chip Cookie,Cookie,1,2.0,0,2.0,cash,online,C0102
4075,2025-07-28,Monday,P08,Chocolate Chip Cookie,Cookie,1,2.0,0,2.0,cash,catering,C0108
4075,2025-07-28,Monday,P02,Baguette,Bread,1,3.25,0,3.25,cash,catering,C0108
4075,2025-07-28,Monday,P03,Whole Wheat Loaf,Bread,1,4.75,0,4.75,cash,catering,C0108
4076,2025-07-28,Monday,P04,Croissant,Pastry,1,3.0,0,3.0,upi,online,
4076,2025-07-28,Monday,P02,Baguette,Bread,1,3.25,0,3.25,upi,online,
4077,2025-07-28,Monday,P14,Rye Loaf,Bread,1,4.9,0,4.9,card,online,C0022
4077,2025-07-28,Monday,P08,Chocolate Chip Cookie,Cookie,1,2.0,0,2.0,card,online,C0022
4078,2025-07-28,Monday,P09,Oatmeal Raisin Cookie,Cookie,1,2.0,0,2.0,card,in-store,
4080,2025-07-29,Tuesday,P05,Pain au Chocolat,Pastry,1,3.5,0,3.5,upi,in-store,C0047
4082,2025-07-29,Tuesday,P03,Whole Wheat Loaf,Bread,2,4.75,0,9.5,upi,in-store,
4083,2025-07-29,Tuesday,P05,Pain au Chocolat,Pastry,1,3.5,0,3.5,cash,in-store,C0014
4084,2025-07-29,Tuesday,P06,Cinnamon Roll,Pastry,1,3.75,0,3.75,upi,catering,
4085,2025-07-29,Tuesday,P04,Croissant,Pastry,1,3.0,0,3.0,card,in-store,C0110
4086,2025-07-29,Tuesday,P06,Cinnamon Roll,Pastry,1,3.75,0,3.75,card,in-store,
4087,2025-07-29,Tuesday,P15,Scone - Blueberry,Pastry,1,3.0,0,3.0,upi,online,
4087,2025-07-29,Tuesday,P05,Pain au Chocolat,Pastry,1,3.5,0,3.5,upi,online,
4088,2025-07-29,Tuesday,P03,Whole Wheat Loaf,Bread,3,4.75,0,14.25,upi,in-store,C0116
4089,2025-07-29,Tuesday,P12,Bagel - Plain,Bread,1,2.25,0,2.25,upi,in-store,C0049
4089,2025-07-29,Tuesday,P08,Chocolate Chip Cookie,Cookie,1,2.0,0,2.0,upi,in-store,C0049
4089,2025-07-29,Tuesday,P12,Bagel - Plain,Bread,1,2.25,0,2.25,upi,in-store,C0049
4090,2025-07-29,Tuesday,P07,Blueberry Muffin,Pastry,1,2.75,0,2.75,upi,catering,C0106
4090,2025-07-29,Tuesday,P08,Chocolate Chip Cookie,Cookie,1,2.0,0,2.0,upi,catering,C0106
4091,2025-07-29,Tuesday,P12,Bagel - Plain,Bread,3,2.25,0,6.75,card,in-store,C0076
4091,2025-07-29,Tuesday,P09,Oatmeal Raisin Cookie,Cookie,1,2.0,0,2.0,card,in-store,C0076
4092,2025-07-29,Tuesday,P14,Rye Loaf,Bread,3,4.9,0,14.7,cash,in-store,
4092,2025-07-29,Tuesday,P05,Pain au Chocolat,Pastry,1,3.5,0,3.5,cash,in-store,
4093,2025-07-29,Tuesday,P09,Oatmeal Raisin Cookie,Cookie,1,2.0,0,2.0,card,online,C0103
4094,2025-07-30,Wednesday,P02,Baguette,Bread,2,3.25,0,6.5,upi,in-store,C0023
4094,2025-07-30,Wednesday,P01,Sourdough Loaf,Bread,1,4.5,0,4.5,upi,in-store,C0023
4095,2025-07-30,Wednesday,P14,Rye Loaf,Bread,1,4.9,0,4.9,card,in-store,
4096,2025-07-30,Wednesday,P05,Pain au Chocolat,Pastry,1,3.5,0,3.5,card,in-store,
4097,2025-07-30,Wednesday,P09,Oatmeal Raisin Cookie,Cookie,1,2.0,0,2.0,cash,in-store,C0060
4098,2025-07-30,Wednesday,P06,Cinnamon Roll,Pastry,1,3.75,0,3.75,upi,in-store,C0038
4099,2025-07-30,Wednesday,P13,Bagel - Everything,Bread,1,2.5,0,2.5,cash,in-store,
4100,2025-07-30,Wednesday,P11,Cupcake (single),Cake,1,3.25,0,3.25,upi,in-store,C0008
4100,2025-07-30,Wednesday,P12,Bagel - Plain,Bread,1,2.25,0,2.25,upi,in-store,C0008
4100,2025-07-30,Wednesday,P05,Pain au Chocolat,Pastry,1,3.5,0,3.5,upi,in-store,C0008
4101,2025-07-30,Wednesday,P01,Sourdough Loaf,Bread,1,4.5,0,4.5,upi,online,C0068
4101,2025-07-30,Wednesday,P08,Chocolate Chip Cookie,Cookie,3,2.0,0,6.0,upi,online,C0068
4102,2025-07-30,Wednesday,P07,Blueberry Muffin,Pastry,3,2.75,0,8.25,cash,in-store,
4102,2025-07-30,Wednesday,P09,Oatmeal Raisin Cookie,Cookie,1,2.0,0,2.0,cash,in-store,
4103,2025-07-30,Wednesday,P10,Birthday Cake (whole),Cake,1,32.0,0,32.0,upi,in-store,
4103,2025-07-30,Wednesday,P09,Oatmeal Raisin Cookie,Cookie,2,2.0,0,4.0,upi,in-store,
4104,2025-07-30,Wednesday,P09,Oatmeal Raisin Cookie,Cookie,2,2.0,0,4.0,card,in-store,C0057
4104,2025-07-30,Wednesday,P08,Chocolate Chip Cookie,Cookie,1,2.0,0,2.0,card,in-store,C0057
4104,2025-07-30,Wednesday,P09,Oatmeal Raisin Cookie,Cookie,1,2.0,0,2.0,card,in-store,C0057
4105,2025-07-30,Wednesday,P07,Blueberry Muffin,Pastry,2,2.75,0,5.5,cash,in-store,C0044
4106,2025-07-31,Thursday,P11,Cupcake (single),Cake,1,3.25,0,3.25,card,in-store,C0021
4108,2025-07-31,Thursday,P05,Pain au Chocolat,Pastry,1,3.5,0,3.5,upi,in-store,
4108,2025-07-31,Thursday,P03,Whole Wheat Loaf,Bread,3,4.75,0,14.25,upi,in-store,
4110,2025-07-31,Thursday,P11,Cupcake (single),Cake,1,3.25,0,3.25,cash,in-store,C0017
4110,2025-07-31,Thursday,P12,Bagel - Plain,Bread,1,2.25,0,2.25,cash,in-store,C0017
4111,2025-07-31,Thursday,P14,Rye Loaf,Bread,1,4.9,0,4.9,upi,in-store,C0061
4111,2025-07-31,Thursday,P15,Scone - Blueberry,Pastry,1,3.0,0,3.0,upi,in-store,C0061
4112,2025-07-31,Thursday,P03,Whole Wheat Loaf,Bread,1,4.75,0,4.75,upi,online,C0066
4113,2025-07-31,Thursday,P05,Pain au Chocolat,Pastry,1,3.5,0,3.5,card,online,
4113,2025-07-31,Thursday,P09,Oatmeal Raisin Cookie,Cookie,1,2.0,0,2.0,card,online,
4113,2025-07-31,Thursday,P12,Bagel - Plain,Bread,1,2.25,0,2.25,card,online,
4115,2025-07-31,Thursday,P15,Scone - Blueberry,Pastry,1,3.0,0,3.0,card,in-store,
4116,2025-07-31,Thursday,P01,Sourdough Loaf,Bread,3,4.5,0,13.5,upi,in-store,
4116,2025-07-31,Thursday,P05,Pain au Chocolat,Pastry,1,3.5,0,3.5,upi,in-store,
4117,2025-08-01,Friday,P03,Whole Wheat Loaf,Bread,1,4.75,0,4.75,card,in-store,
4117,2025-08-01,Friday,P11,Cupcake (single),Cake,1,3.25,0,3.25,card,in-store,
4118,2025-08-01,Friday,P14,Rye Loaf,Bread,1,4.9,0,4.9,card,in-store,C0008
4119,2025-08-01,Friday,P11,Cupcake (single),Cake,1,3.25,0,3.25,upi,in-store,
4120,2025-08-01,Friday,P14,Rye Loaf,Bread,1,4.9,0,4.9,upi,in-store,
4120,2025-08-01,Friday,P09,Oatmeal Raisin Cookie,Cookie,1,2.0,0,2.0,upi,in-store,
4121,2025-08-01,Friday,P04,Croissant,Pastry,1,3.0,0,3.0,upi,in-store,C0012
4122,2025-08-01,Friday,P03,Whole Wheat Loaf,Bread,2,4.75,0,9.5,card,in-store,
4123,2025-08-01,Friday,P03,Whole Wheat Loaf,Bread,1,4.75,0,4.75,upi,in-store,C0083
4123,2025-08-01,Friday,P08,Chocolate Chip Cookie,Cookie,1,2.0,0,2.0,upi,in-store,C0083
4124,2025-08-01,Friday,P08,Chocolate Chip Cookie,Cookie,1,2.0,0,2.0,upi,in-store,C0080
4124,2025-08-01,Friday,P07,Blueberry Muffin,Pastry,1,2.75,0,2.75,upi,in-store,C0080
4125,2025-08-01,Friday,P07,Blueberry Muffin,Pastry,1,2.75,0,2.75,card,online,C0128
4125,2025-08-01,Friday,P06,Cinnamon Roll,Pastry,1,3.75,0,3.75,card,online,C0128
4126,2025-08-01,Friday,P01,Sourdough Loaf,Bread,1,4.5,0,4.5,cash,in-store,
4126,2025-08-01,Friday,P09,Oatmeal Raisin Cookie,Cookie,1,2.0,0,2.0,cash,in-store,
4126,2025-08-01,Friday,P12,Bagel - Plain,Bread,1,2.25,0,2.25,cash,in-store,
4127,2025-08-02,Saturday,P12,Bagel - Plain,Bread,1,2.25,0,2.25,upi,online,C0017
4127,2025-08-02,Saturday,P08,Chocolate Chip Cookie,Cookie,2,2.0,0,4.0,upi,online,C0017
4127,2025-08-02,Saturday,P12,Bagel - Plain,Bread,1,2.25,0,2.25,upi,online,C0017
4128,2025-08-02,Saturday,P03,Whole Wheat Loaf,Bread,1,4.75,0,4.75,upi,in-store,C0045
4128,2025-08-02,Saturday,P09,Oatmeal Raisin Cookie,Cookie,2,2.0,0,4.0,upi,in-store,C0045
4129,2025-08-02,Saturday,P14,Rye Loaf,Bread,1,4.9,0,4.9,cash,in-store,C0020
4129,2025-08-02,Saturday,P12,Bagel - Plain,Bread,1,2.25,0,2.25,cash,in-store,C0020
4129,2025-08-02,Saturday,P03,Whole Wheat Loaf,Bread,1,4.75,0,4.75,cash,in-store,C0020
4130,2025-08-02,Saturday,P14,Rye Loaf,Bread,1,4.9,0,4.9,upi,in-store,C0046
4130,2025-08-02,Saturday,P07,Blueberry Muffin,Pastry,2,2.75,0,5.5,upi,in-store,C0046
4130,2025-08-02,Saturday,P14,Rye Loaf,Bread,1,4.9,0,4.9,upi,in-store,C0046
4131,2025-08-02,Saturday,P06,Cinnamon Roll,Pastry,1,3.75,0,3.75,upi,in-store,
4131,2025-08-02,Saturday,P02,Baguette,Bread,1,3.25,0,3.25,upi,in-store,
4131,2025-08-02,Saturday,P13,Bagel - Everything,Bread,1,2.5,0,2.5,upi,in-store,
4132,2025-08-02,Saturday,P10,Birthday Cake (whole),Cake,1,32.0,0,32.0,card,in-store,C0047
4132,2025-08-02,Saturday,P08,Chocolate Chip Cookie,Cookie,3,2.0,0,6.0,card,in-store,C0047
4133,2025-08-02,Saturday,P07,Blueberry Muffin,Pastry,1,2.75,0,2.75,card,in-store,C0103
4133,2025-08-02,Saturday,P03,Whole Wheat Loaf,Bread,1,4.75,0,4.75,card,in-store,C0103
4134,2025-08-02,Saturday,P08,Chocolate Chip Cookie,Cookie,2,2.0,0,4.0,card,in-store,C0013
4135,2025-08-02,Saturday,P14,Rye Loaf,Bread,1,4.9,0,4.9,upi,in-store,C0107
4135,2025-08-02,Saturday,P05,Pain au Chocolat,Pastry,1,3.5,0,3.5,upi,in-store,C0107
4136,2025-08-02,Saturday,P12,Bagel - Plain,Bread,1,2.25,0,2.25,upi,in-store,C0001
4137,2025-08-02,Saturday,P04,Croissant,Pastry,1,3.0,0,3.0,cash,in-store,
4137,2025-08-02,Saturday,P06,Cinnamon Roll,Pastry,1,3.75,0,3.75,cash,in-store,
4138,2025-08-02,Saturday,P03,Whole Wheat Loaf,Bread,2,4.75,0,9.5,card,in-store,C0098
4139,2025-08-02,Saturday,P07,Blueberry Muffin,Pastry,2,2.75,0,5.5,cash,in-store,C0126
4141,2025-08-02,Saturday,P07,Blueberry Muffin,Pastry,1,2.75,0,2.75,card,in-store,
4142,2025-08-02,Saturday,P04,Croissant,Pastry,1,3.0,0,3.0,upi,in-store,C0058
4143,2025-08-02,Saturday,P14,Rye Loaf,Bread,1,4.9,0,4.9,upi,online,
4143,2025-08-02,Saturday,P08,Chocolate Chip Cookie,Cookie,1,2.0,0,2.0,upi,online,
4144,2025-08-02,Saturday,P10,Birthday Cake (whole),Cake,1,32.0,0,32.0,upi,online,
4146,2025-08-02,Saturday,P06,Cinnamon Roll,Pastry,1,3.75,0,3.75,cash,in-store,C0109
4146,2025-08-02,Saturday,P03,Whole Wheat Loaf,Bread,1,4.75,0,4.75,cash,in-store,C0109
4146,2025-08-02,Saturday,P08,Chocolate Chip Cookie,Cookie,3,2.0,0,6.0,cash,in-store,C0109
4147,2025-08-02,Saturday,P04,Croissant,Pastry,3,3.0,0,9.0,card,in-store,
4147,2025-08-02,Saturday,P05,Pain au Chocolat,Pastry,1,3.5,0,3.5,card,in-store,
4148,2025-08-02,Saturday,P10,Birthday Cake (whole),Cake,1,32.0,0,32.0,upi,in-store,C0103
4149,2025-08-03,Sunday,P06,Cinnamon Roll,Pastry,1,3.75,0,3.75,upi,in-store,C0022
4150,2025-08-03,Sunday,P13,Bagel - Everything,Bread,1,2.5,0,2.5,card,online,C0033
4150,2025-08-03,Sunday,P02,Baguette,Bread,1,3.25,0,3.25,card,online,C0033
4151,2025-08-03,Sunday,P05,Pain au Chocolat,Pastry,2,3.5,0,7.0,upi,online,
4151,2025-08-03,Sunday,P03,Whole Wheat Loaf,Bread,1,4.75,0,4.75,upi,online,
4152,2025-08-03,Sunday,P05,Pain au Chocolat,Pastry,1,3.5,0,3.5,cash,catering,
4153,2025-08-03,Sunday,P07,Blueberry Muffin,Pastry,2,2.75,0,5.5,upi,in-store,
4153,2025-08-03,Sunday,P15,Scone - Blueberry,Pastry,1,3.0,0,3.0,upi,in-store,
4154,2025-08-03,Sunday,P14,Rye Loaf,Bread,1,4.9,0,4.9,cash,in-store,C0047
4154,2025-08-03,Sunday,P03,Whole Wheat Loaf,Bread,1,4.75,0,4.75,cash,in-store,C0047
4155,2025-08-03,Sunday,P02,Baguette,Bread,2,3.25,0,6.5,upi,in-store,C0079
4156,2025-08-03,Sunday,P09,Oatmeal Raisin Cookie,Cookie,1,2.0,0,2.0,upi,online,C0055
4157,2025-08-03,Sunday,P12,Bagel - Plain,Bread,1,2.25,0,2.25,card,in-store,
4158,2025-08-03,Sunday,P05,Pain au Chocolat,Pastry,3,3.5,0,10.5,upi,online,
4159,2025-08-03,Sunday,P10,Birthday Cake (whole),Cake,1,32.0,0,32.0,card,in-store,
4160,2025-08-03,Sunday,P05,Pain au Chocolat,Pastry,1,3.5,0,3.5,upi,in-store,
4160,2025-08-03,Sunday,P09,Oatmeal Raisin Cookie,Cookie,1,2.0,0,2.0,upi,in-store,
4160,2025-08-03,Sunday,P13,Bagel - Everything,Bread,1,2.5,0,2.5,upi,in-store,
4161,2025-08-03,Sunday,P02,Baguette,Bread,1,3.25,0,3.25,cash,in-store,C0051
4161,2025-08-03,Sunday,P04,Croissant,Pastry,1,3.0,0,3.0,cash,in-store,C0051
4161,2025-08-03,Sunday,P11,Cupcake (single),Cake,1,3.25,0,3.25,cash,in-store,C0051
4163,2025-08-03,Sunday,P12,Bagel - Plain,Bread,1,2.25,0,2.25,upi,in-store,C0070
4164,2025-08-03,Sunday,P02,Baguette,Bread,1,3.25,0,3.25,cash,in-store,C0057
4166,2025-08-03,Sunday,P05,Pain au Chocolat,Pastry,1,3.5,0,3.5,card,in-store,C0048
4167,2025-08-03,Sunday,P13,Bagel - Everything,Bread,2,2.5,0,5.0,cash,in-store,C0115
4168,2025-08-03,Sunday,P07,Blueberry Muffin,Pastry,1,2.75,0,2.75,cash,in-store,C0033
4169,2025-08-04,Monday,P14,Rye Loaf,Bread,1,4.9,0,4.9,cash,in-store,C0118
4170,2025-08-04,Monday,P12,Bagel - Plain,Bread,1,2.25,0,2.25,upi,in-store,
4170,2025-08-04,Monday,P03,Whole Wheat Loaf,Bread,1,4.75,0,4.75,upi,in-store,
4171,2025-08-04,Monday,P03,Whole Wheat Loaf,Bread,3,4.75,0,14.25,upi,in-store,C0112
4172,2025-08-04,Monday,P06,Cinnamon Roll,Pastry,1,3.75,0,3.75,card,in-store,C0027
4173,2025-08-04,Monday,P07,Blueberry Muffin,Pastry,1,2.75,0,2.75,card,in-store,
4173,2025-08-04,Monday,P08,Chocolate Chip Cookie,Cookie,1,2.0,0,2.0,card,in-store,
4173,2025-08-04,Monday,P14,Rye Loaf,Bread,3,4.9,0,14.7,card,in-store,
4174,2025-08-04,Monday,P07,Blueberry Muffin,Pastry,1,2.75,0,2.75,cash,in-store,C0063
4174,2025-08-04,Monday,P15,Scone - Blueberry,Pastry,1,3.0,0,3.0,cash,in-store,C0063
4176,2025-08-04,Monday,P08,Chocolate Chip Cookie,Cookie,1,2.0,0,2.0,upi,online,C0047
4177,2025-08-04,Monday,P05,Pain au Chocolat,Pastry,2,3.5,0,7.0,cash,in-store,C0112
4178,2025-08-04,Monday,P15,Scone - Blueberry,Pastry,2,3.0,0,6.0,card,in-store,C0016
4181,2025-08-04,Monday,P02,Baguette,Bread,2,3.25,0,6.5,card,in-store,
4181,2025-08-04,Monday,P10,Birthday Cake (whole),Cake,1,32.0,0,32.0,card,in-store,
4182,2025-08-04,Monday,P02,Baguette,Bread,1,3.25,0,3.25,card,online,
4183,2025-08-04,Monday,P01,Sourdough Loaf,Bread,1,4.5,0,4.5,card,catering,C0024
4184,2025-08-05,Tuesday,P14,Rye Loaf,Bread,1,4.9,0,4.9,cash,in-store,
4184,2025-08-05,Tuesday,P14,Rye Loaf,Bread,1,4.9,0,4.9,cash,in-store,
4185,2025-08-05,Tuesday,P03,Whole Wheat Loaf,Bread,1,4.75,0,4.75,upi,in-store,
4185,2025-08-05,Tuesday,P14,Rye Loaf,Bread,1,4.9,0,4.9,upi,in-store,
4186,2025-08-05,Tuesday,P14,Rye Loaf,Bread,1,4.9,0,4.9,upi,in-store,
4186,2025-08-05,Tuesday,P05,Pain au Chocolat,Pastry,3,3.5,0,10.5,upi,in-store,
4186,2025-08-05,Tuesday,P09,Oatmeal Raisin Cookie,Cookie,1,2.0,0,2.0,upi,in-store,
4187,2025-08-05,Tuesday,P06,Cinnamon Roll,Pastry,1,3.75,0,3.75,card,in-store,C0089
4188,2025-08-05,Tuesday,P05,Pain au Chocolat,Pastry,3,3.5,0,10.5,cash,online,
4189,2025-08-05,Tuesday,P13,Bagel - Everything,Bread,1,2.5,0,2.5,card,in-store,
4189,2025-08-05,Tuesday,P05,Pain au Chocolat,Pastry,2,3.5,0,7.0,card,in-store,
4189,2025-08-05,Tuesday,P08,Chocolate Chip Cookie,Cookie,1,2.0,0,2.0,card,in-store,
4189,2025-08-05,Tuesday,P05,Pain au Chocolat,Pastry,1,3.5,0,3.5,card,in-store,
4190,2025-08-05,Tuesday,P15,Scone - Blueberry,Pastry,1,3.0,0,3.0,cash,in-store,
4191,2025-08-05,Tuesday,P04,Croissant,Pastry,1,3.0,0,3.0,card,in-store,C0037
4192,2025-08-05,Tuesday,P14,Rye Loaf,Bread,1,4.9,0,4.9,card,online,C0016
4193,2025-08-05,Tuesday,P02,Baguette,Bread,1,3.25,0,3.25,card,in-store,C0130
4193,2025-08-05,Tuesday,P03,Whole Wheat Loaf,Bread,1,4.75,0,4.75,card,in-store,C0130
4194,2025-08-05,Tuesday,P05,Pain au Chocolat,Pastry,1,3.5,0,3.5,card,online,C0022
4196,2025-08-06,Wednesday,P06,Cinnamon Roll,Pastry,1,3.75,0,3.75,upi,in-store,
4197,2025-08-06,Wednesday,P03,Whole Wheat Loaf,Bread,2,4.75,0,9.5,upi,in-store,C0081
4197,2025-08-06,Wednesday,P07,Blueberry Muffin,Pastry,1,2.75,0,2.75,upi,in-store,C0081
4197,2025-08-06,Wednesday,P02,Baguette,Bread,2,3.25,0,6.5,upi,in-store,C0081
4197,2025-08-06,Wednesday,P15,Scone - Blueberry,Pastry,1,3.0,0,3.0,upi,in-store,C0081
4198,2025-08-06,Wednesday,P03,Whole Wheat Loaf,Bread,1,4.75,0,4.75,upi,in-store,
4199,2025-08-06,Wednesday,P14,Rye Loaf,Bread,1,4.9,0,4.9,card,in-store,
4200,2025-08-06,Wednesday,P14,Rye Loaf,Bread,1,4.9,0,4.9,cash,in-store,
4200,2025-08-06,Wednesday,P11,Cupcake (single),Cake,1,3.25,0,3.25,cash,in-store,
4201,2025-08-06,Wednesday,P14,Rye Loaf,Bread,1,4.9,0,4.9,upi,in-store,C0112
4202,2025-08-07,Thursday,P12,Bagel - Plain,Bread,1,2.25,0,2.25,card,in-store,
4202,2025-08-07,Thursday,P14,Rye Loaf,Bread,1,4.9,0,4.9,card,in-store,
4202,2025-08-07,Thursday,P10,Birthday Cake (whole),Cake,1,32.0,0,32.0,card,in-store,
4203,2025-08-07,Thursday,P11,Cupcake (single),Cake,1,3.25,0,3.25,upi,online,C0109
4204,2025-08-07,Thursday,P05,Pain au Chocolat,Pastry,1,3.5,0,3.5,card,online,
4205,2025-08-07,Thursday,P12,Bagel - Plain,Bread,1,2.25,0,2.25,card,catering,C0100
4206,2025-08-07,Thursday,P09,Oatmeal Raisin Cookie,Cookie,3,2.0,0,6.0,upi,in-store,C0101
4207,2025-08-07,Thursday,P07,Blueberry Muffin,Pastry,1,2.75,0,2.75,card,in-store,C0049
4208,2025-08-07,Thursday,P05,Pain au Chocolat,Pastry,1,3.5,0,3.5,cash,in-store,
4210,2025-08-07,Thursday,P14,Rye Loaf,Bread,1,4.9,0,4.9,card,in-store,
4210,2025-08-07,Thursday,P15,Scone - Blueberry,Pastry,1,3.0,0,3.0,card,in-store,
4210,2025-08-07,Thursday,P05,Pain au Chocolat,Pastry,1,3.5,0,3.5,card,in-store,
4211,2025-08-07,Thursday,P05,Pain au Chocolat,Pastry,2,3.5,0,7.0,card,in-store,
4211,2025-08-07,Thursday,P09,Oatmeal Raisin Cookie,Cookie,1,2.0,0,2.0,card,in-store,
4212,2025-08-08,Friday,P07,Blueberry Muffin,Pastry,2,2.75,0,5.5,card,in-store,C0122
4213,2025-08-08,Friday,P13,Bagel - Everything,Bread,1,2.5,0,2.5,upi,in-store,C0051
4213,2025-08-08,Friday,P07,Blueberry Muffin,Pastry,1,2.75,0,2.75,upi,in-store,C0051
4213,2025-08-08,Friday,P15,Scone - Blueberry,Pastry,3,3.0,0,9.0,upi,in-store,C0051
4214,2025-08-08,Friday,P06,Cinnamon Roll,Pastry,1,3.75,0,3.75,card,in-store,C0062
4214,2025-08-08,Friday,P01,Sourdough Loaf,Bread,1,4.5,0,4.5,card,in-store,C0062
4214,2025-08-08,Friday,P07,Blueberry Muffin,Pastry,1,2.75,0,2.75,card,in-store,C0062
4215,2025-08-08,Friday,P15,Scone - Blueberry,Pastry,1,3.0,0,3.0,upi,in-store,C0009
4215,2025-08-08,Friday,P05,Pain au Chocolat,Pastry,1,3.5,0,3.5,upi,in-store,C0009
4216,2025-08-08,Friday,P10,Birthday Cake (whole),Cake,1,32.0,0,32.0,card,in-store,
4217,2025-08-08,Friday,P06,Cinnamon Roll,Pastry,1,3.75,0,3.75,card,online,
4218,2025-08-08,Friday,P07,Blueberry Muffin,Pastry,2,2.75,0,5.5,upi,catering,
4218,2025-08-08,Friday,P05,Pain au Chocolat,Pastry,1,3.5,0,3.5,upi,catering,
4218,2025-08-08,Friday,P08,Chocolate Chip Cookie,Cookie,1,2.0,0,2.0,upi,catering,
4219,2025-08-08,Friday,P10,Birthday Cake (whole),Cake,1,32.0,0,32.0,card,in-store,C0120
4220,2025-08-08,Friday,P04,Croissant,Pastry,1,3.0,0,3.0,cash,in-store,
4220,2025-08-08,Friday,P07,Blueberry Muffin,Pastry,1,2.75,0,2.75,cash,in-store,
4220,2025-08-08,Friday,P04,Croissant,Pastry,2,3.0,0,6.0,cash,in-store,
4221,2025-08-08,Friday,P03,Whole Wheat Loaf,Bread,3,4.75,0,14.25,card,in-store,C0031
4222,2025-08-08,Friday,P08,Chocolate Chip Cookie,Cookie,3,2.0,0,6.0,cash,online,
4222,2025-08-08,Friday,P13,Bagel - Everything,Bread,2,2.5,0,5.0,cash,online,
4223,2025-08-08,Friday,P15,Scone - Blueberry,Pastry,1,3.0,0,3.0,upi,in-store,
4224,2025-08-08,Friday,P06,Cinnamon Roll,Pastry,1,3.75,0,3.75,card,in-store,C0093
4225,2025-08-08,Friday,P14,Rye Loaf,Bread,3,4.9,0,14.7,upi,in-store,
4226,2025-08-09,Saturday,P01,Sourdough Loaf,Bread,1,4.5,0,4.5,cash,in-store,C0086
4227,2025-08-09,Saturday,P11,Cupcake (single),Cake,1,3.25,0,3.25,card,in-store,
4228,2025-08-09,Saturday,P01,Sourdough Loaf,Bread,3,4.5,0,13.5,upi,in-store,C0108
4229,2025-08-09,Saturday,P05,Pain au Chocolat,Pastry,1,3.5,0,3.5,upi,catering,C0084
4230,2025-08-09,Saturday,P07,Blueberry Muffin,Pastry,1,2.75,0,2.75,cash,in-store,C0084
4230,2025-08-09,Saturday,P05,Pain au Chocolat,Pastry,1,3.5,0,3.5,cash,in-store,C0084
4230,2025-08-09,Saturday,P06,Cinnamon Roll,Pastry,1,3.75,0,3.75,cash,in-store,C0084
4230,2025-08-09,Saturday,P14,Rye Loaf,Bread,1,4.9,0,4.9,cash,in-store,C0084
4231,2025-08-09,Saturday,P11,Cupcake (single),Cake,1,3.25,0,3.25,cash,in-store,C0014
4231,2025-08-09,Saturday,P09,Oatmeal Raisin Cookie,Cookie,1,2.0,0,2.0,cash,in-store,C0014
4231,2025-08-09,Saturday,P06,Cinnamon Roll,Pastry,1,3.75,0,3.75,cash,in-store,C0014
4232,2025-08-09,Saturday,P12,Bagel - Plain,Bread,1,2.25,0,2.25,upi,in-store,
4232,2025-08-09,Saturday,P11,Cupcake (single),Cake,1,3.25,0,3.25,upi,in-store,
4233,2025-08-09,Saturday,P10,Birthday Cake (whole),Cake,1,32.0,0,32.0,cash,in-store,C0026
4235,2025-08-09,Saturday,P07,Blueberry Muffin,Pastry,1,2.75,0,2.75,upi,in-store,
4236,2025-08-09,Saturday,P14,Rye Loaf,Bread,1,4.9,0,4.9,upi,in-store,C0122
4236,2025-08-09,Saturday,P12,Bagel - Plain,Bread,1,2.25,0,2.25,upi,in-store,C0122
4237,2025-08-09,Saturday,P09,Oatmeal Raisin Cookie,Cookie,1,2.0,0,2.0,upi,in-store,
4238,2025-08-09,Saturday,P12,Bagel - Plain,Bread,1,2.25,0,2.25,card,in-store,
4238,2025-08-09,Saturday,P08,Chocolate Chip Cookie,Cookie,2,2.0,0,4.0,card,in-store,
4239,2025-08-09,Saturday,P08,Chocolate Chip Cookie,Cookie,3,2.0,0,6.0,cash,in-store,C0037
4239,2025-08-09,Saturday,P08,Chocolate Chip Cookie,Cookie,1,2.0,0,2.0,cash,in-store,C0037
4240,2025-08-09,Saturday,P13,Bagel - Everything,Bread,2,2.5,0,5.0,card,online,C0101
4241,2025-08-09,Saturday,P08,Chocolate Chip Cookie,Cookie,1,2.0,0,2.0,upi,in-store,C0063
4242,2025-08-09,Saturday,P12,Bagel - Plain,Bread,2,2.25,0,4.5,upi,in-store,C0056
4242,2025-08-09,Saturday,P08,Chocolate Chip Cookie,Cookie,3,2.0,0,6.0,upi,in-store,C0056
4243,2025-08-09,Saturday,P12,Bagel - Plain,Bread,2,2.25,0,4.5,cash,in-store,C0104
4243,2025-08-09,Saturday,P11,Cupcake (single),Cake,1,3.25,0,3.25,cash,in-store,C0104
4244,2025-08-09,Saturday,P08,Chocolate Chip Cookie,Cookie,3,2.0,0,6.0,upi,in-store,
4244,2025-08-09,Saturday,P03,Whole Wheat Loaf,Bread,1,4.75,0,4.75,upi,in-store,
4245,2025-08-09,Saturday,P02,Baguette,Bread,1,3.25,0,3.25,upi,in-store,
4245,2025-08-09,Saturday,P13,Bagel - Everything,Bread,1,2.5,0,2.5,upi,in-store,
4246,2025-08-10,Sunday,P04,Croissant,Pastry,2,3.0,0,6.0,card,in-store,C0096
4246,2025-08-10,Sunday,P09,Oatmeal Raisin Cookie,Cookie,1,2.0,0,2.0,card,in-store,C0096
4246,2025-08-10,Sunday,P05,Pain au Chocolat,Pastry,1,3.5,0,3.5,card,in-store,C0096
4247,2025-08-10,Sunday,P08,Chocolate Chip Cookie,Cookie,1,2.0,0,2.0,card,in-store,C0084
4248,2025-08-10,Sunday,P12,Bagel - Plain,Bread,1,2.25,0,2.25,upi,in-store,
4249,2025-08-10,Sunday,P05,Pain au Chocolat,Pastry,3,3.5,0,10.5,upi,catering,
4250,2025-08-10,Sunday,P11,Cupcake (single),Cake,1,3.25,0,3.25,card,catering,
4251,2025-08-10,Sunday,P12,Bagel - Plain,Bread,1,2.25,0,2.25,card,online,
4251,2025-08-10,Sunday,P09,Oatmeal Raisin Cookie,Cookie,3,2.0,0,6.0,card,online,
4252,2025-08-10,Sunday,P10,Birthday Cake (whole),Cake,1,32.0,0,32.0,cash,in-store,
4253,2025-08-10,Sunday,P04,Croissant,Pastry,1,3.0,0,3.0,cash,online,
4253,2025-08-10,Sunday,P13,Bagel - Everything,Bread,1,2.5,0,2.5,cash,online,
4254,2025-08-10,Sunday,P09,Oatmeal Raisin Cookie,Cookie,1,2.0,0,2.0,card,in-store,
4254,2025-08-10,Sunday,P11,Cupcake (single),Cake,1,3.25,0,3.25,card,in-store,
4255,2025-08-10,Sunday,P08,Chocolate Chip Cookie,Cookie,1,2.0,0,2.0,cash,in-store,C0020
4255,2025-08-10,Sunday,P08,Chocolate Chip Cookie,Cookie,3,2.0,0,6.0,cash,in-store,C0020
4255,2025-08-10,Sunday,P08,Chocolate Chip Cookie,Cookie,1,2.0,0,2.0,cash,in-store,C0020
4256,2025-08-10,Sunday,P11,Cupcake (single),Cake,1,3.25,0,3.25,upi,in-store,C0056
4257,2025-08-10,Sunday,P14,Rye Loaf,Bread,3,4.9,0,14.7,cash,in-store,C0032
4258,2025-08-10,Sunday,P07,Blueberry Muffin,Pastry,1,2.75,0,2.75,upi,online,
4259,2025-08-10,Sunday,P10,Birthday Cake (whole),Cake,1,32.0,0,32.0,upi,in-store,
4259,2025-08-10,Sunday,P12,Bagel - Plain,Bread,2,2.25,0,4.5,upi,in-store,
4259,2025-08-10,Sunday,P08,Chocolate Chip Cookie,Cookie,1,2.0,0,2.0,upi,in-store,
4260,2025-08-10,Sunday,P07,Blueberry Muffin,Pastry,1,2.75,0,2.75,upi,in-store,C0019
4261,2025-08-10,Sunday,P06,Cinnamon Roll,Pastry,1,3.75,0,3.75,cash,in-store,
4262,2025-08-10,Sunday,P07,Blueberry Muffin,Pastry,2,2.75,0,5.5,cash,in-store,C0102
4262,2025-08-10,Sunday,P14,Rye Loaf,Bread,1,4.9,0,4.9,cash,in-store,C0102
4262,2025-08-10,Sunday,P01,Sourdough Loaf,Bread,1,4.5,0,4.5,cash,in-store,C0102
4262,2025-08-10,Sunday,P04,Croissant,Pastry,1,3.0,0,3.0,cash,in-store,C0102
4263,2025-08-10,Sunday,P04,Croissant,Pastry,1,3.0,0,3.0,cash,in-store,
4264,2025-08-10,Sunday,P05,Pain au Chocolat,Pastry,1,3.5,0,3.5,card,in-store,
4265,2025-08-10,Sunday,P10,Birthday Cake (whole),Cake,1,32.0,0,32.0,upi,in-store,
4265,2025-08-10,Sunday,P10,Birthday Cake (whole),Cake,1,32.0,0,32.0,upi,in-store,
4266,2025-08-10,Sunday,P06,Cinnamon Roll,Pastry,2,3.75,0,7.5,upi,catering,
4267,2025-08-10,Sunday,P03,Whole Wheat Loaf,Bread,1,4.75,0,4.75,upi,in-store,C0085
4268,2025-08-10,Sunday,P04,Croissant,Pastry,1,3.0,0,3.0,card,online,C0012
4269,2025-08-10,Sunday,P01,Sourdough Loaf,Bread,2,4.5,0,9.0,upi,in-store,
4269,2025-08-10,Sunday,P05,Pain au Chocolat,Pastry,3,3.5,0,10.5,upi,in-store,
4270,2025-08-10,Sunday,P08,Chocolate Chip Cookie,Cookie,1,2.0,0,2.0,card,in-store,C0023
4270,2025-08-10,Sunday,P01,Sourdough Loaf,Bread,1,4.5,0,4.5,card,in-store,C0023
4271,2025-08-10,Sunday,P13,Bagel - Everything,Bread,1,2.5,0,2.5,upi,in-store,C0087
4273,2025-08-10,Sunday,P10,Birthday Cake (whole),Cake,1,32.0,0,32.0,card,in-store,C0099
4273,2025-08-10,Sunday,P01,Sourdough Loaf,Bread,1,4.5,0,4.5,card,in-store,C0099
4273,2025-08-10,Sunday,P13,Bagel - Everything,Bread,1,2.5,0,2.5,card,in-store,C0099
4273,2025-08-10,Sunday,P14,Rye Loaf,Bread,3,4.9,0,14.7,card,in-store,C0099
4274,2025-08-11,Monday,P05,Pain au Chocolat,Pastry,1,3.5,0,3.5,upi,in-store,C0063
4275,2025-08-11,Monday,P08,Chocolate Chip Cookie,Cookie,1,2.0,0,2.0,cash,in-store,
4275,2025-08-11,Monday,P06,Cinnamon Roll,Pastry,1,3.75,0,3.75,cash,in-store,
4275,2025-08-11,Monday,P07,Blueberry Muffin,Pastry,1,2.75,0,2.75,cash,in-store,
4276,2025-08-11,Monday,P07,Blueberry Muffin,Pastry,2,2.75,0,5.5,upi,in-store,C0081
4276,2025-08-11,Monday,P03,Whole Wheat Loaf,Bread,1,4.75,0,4.75,upi,in-store,C0081
4277,2025-08-11,Monday,P02,Baguette,Bread,1,3.25,0,3.25,card,in-store,
4277,2025-08-11,Monday,P09,Oatmeal Raisin Cookie,Cookie,1,2.0,0,2.0,card,in-store,
4278,2025-08-11,Monday,P14,Rye Loaf,Bread,1,4.9,0,4.9,upi,online,
4279,2025-08-11,Monday,P01,Sourdough Loaf,Bread,3,4.5,0,13.5,card,in-store,
4279,2025-08-11,Monday,P11,Cupcake (single),Cake,1,3.25,0,3.25,card,in-store,
4279,2025-08-11,Monday,P07,Blueberry Muffin,Pastry,3,2.75,0,8.25,card,in-store,
4280,2025-08-11,Monday,P05,Pain au Chocolat,Pastry,1,3.5,0,3.5,upi,in-store,
4281,2025-08-11,Monday,P13,Bagel - Everything,Bread,1,2.5,0,2.5,card,catering,C0103
4282,2025-08-11,Monday,P07,Blueberry Muffin,Pastry,1,2.75,0,2.75,upi,online,C0049
4282,2025-08-11,Monday,P05,Pain au Chocolat,Pastry,1,3.5,0,3.5,upi,online,C0049
4282,2025-08-11,Monday,P07,Blueberry Muffin,Pastry,1,2.75,0,2.75,upi,online,C0049
4283,2025-08-11,Monday,P01,Sourdough Loaf,Bread,1,4.5,0,4.5,cash,in-store,C0101
4283,2025-08-11,Monday,P12,Bagel - Plain,Bread,1,2.25,0,2.25,cash,in-store,C0101
4284,2025-08-11,Monday,P05,Pain au Chocolat,Pastry,2,3.5,0,7.0,upi,in-store,C0008
4285,2025-08-11,Monday,P08,Chocolate Chip Cookie,Cookie,1,2.0,0,2.0,cash,in-store,C0118
4286,2025-08-11,Monday,P02,Baguette,Bread,1,3.25,0,3.25,cash,in-store,
4288,2025-08-11,Monday,P09,Oatmeal Raisin Cookie,Cookie,1,2.0,0,2.0,cash,online,C0123
4288,2025-08-11,Monday,P05,Pain au Chocolat,Pastry,1,3.5,0,3.5,cash,online,C0123
4289,2025-08-11,Monday,P08,Chocolate Chip Cookie,Cookie,2,2.0,0,4.0,upi,in-store,
4290,2025-08-12,Tuesday,P05,Pain au Chocolat,Pastry,1,3.5,0,3.5,card,in-store,C0017
4291,2025-08-12,Tuesday,P14,Rye Loaf,Bread,1,4.9,0,4.9,cash,online,C0114
4292,2025-08-12,Tuesday,P08,Chocolate Chip Cookie,Cookie,1,2.0,0,2.0,upi,catering,C0018
4292,2025-08-12,Tuesday,P15,Scone - Blueberry,Pastry,1,3.0,0,3.0,upi,catering,C0018
4292,2025-08-12,Tuesday,P08,Chocolate Chip Cookie,Cookie,1,2.0,0,2.0,upi,catering,C0018
4293,2025-08-12,Tuesday,P08,Chocolate Chip Cookie,Cookie,2,2.0,0,4.0,cash,in-store,C0122
4293,2025-08-12,Tuesday,P03,Whole Wheat Loaf,Bread,1,4.75,0,4.75,cash,in-store,C0122
4294,2025-08-12,Tuesday,P05,Pain au Chocolat,Pastry,2,3.5,0,7.0,card,in-store,C0066
4294,2025-08-12,Tuesday,P05,Pain au Chocolat,Pastry,1,3.5,0,3.5,card,in-store,C0066
4295,2025-08-12,Tuesday,P12,Bagel - Plain,Bread,1,2.25,0,2.25,upi,in-store,C0047
4296,2025-08-12,Tuesday,P10,Birthday Cake (whole),Cake,1,32.0,0,32.0,cash,in-store,C0005
4297,2025-08-12,Tuesday,P05,Pain au Chocolat,Pastry,1,3.5,0,3.5,cash,in-store,C0040
4297,2025-08-12,Tuesday,P12,Bagel - Plain,Bread,1,2.25,0,2.25,cash,in-store,C0040
4297,2025-08-12,Tuesday,P08,Chocolate Chip Cookie,Cookie,2,2.0,0,4.0,cash,in-store,C0040
4298,2025-08-12,Tuesday,P14,Rye Loaf,Bread,1,4.9,0,4.9,upi,in-store,C0037
4299,2025-08-12,Tuesday,P05,Pain au Chocolat,Pastry,1,3.5,0,3.5,cash,online,C0055
4300,2025-08-12,Tuesday,P07,Blueberry Muffin,Pastry,2,2.75,0,5.5,card,in-store,C0023
4301,2025-08-12,Tuesday,P01,Sourdough Loaf,Bread,1,4.5,0,4.5,cash,in-store,C0058
4302,2025-08-13,Wednesday,P03,Whole Wheat Loaf,Bread,1,4.75,0,4.75,cash,in-store,
4303,2025-08-13,Wednesday,P09,Oatmeal Raisin Cookie,Cookie,3,2.0,0,6.0,upi,in-store,C0015
4304,2025-08-13,Wednesday,P07,Blueberry Muffin,Pastry,1,2.75,0,2.75,upi,in-store,C0112
4305,2025-08-13,Wednesday,P13,Bagel - Everything,Bread,1,2.5,0,2.5,upi,catering,
4305,2025-08-13,Wednesday,P06,Cinnamon Roll,Pastry,1,3.75,0,3.75,upi,catering,
4306,2025-08-13,Wednesday,P07,Blueberry Muffin,Pastry,1,2.75,0,2.75,upi,in-store,C0115
4307,2025-08-13,Wednesday,P07,Blueberry Muffin,Pastry,3,2.75,0,8.25,card,in-store,C0054
4307,2025-08-13,Wednesday,P15,Scone - Blueberry,Pastry,1,3.0,0,3.0,card,in-store,C0054
4307,2025-08-13,Wednesday,P08,Chocolate Chip Cookie,Cookie,1,2.0,0,2.0,card,in-store,C0054
4308,2025-08-13,Wednesday,P05,Pain au Chocolat,Pastry,3,3.5,0,10.5,upi,in-store,
4309,2025-08-13,Wednesday,P07,Blueberry Muffin,Pastry,1,2.75,0,2.75,cash,in-store,C0033
4309,2025-08-13,Wednesday,P05,Pain au Chocolat,Pastry,1,3.5,0,3.5,cash,in-store,C0033
4310,2025-08-13,Wednesday,P14,Rye Loaf,Bread,1,4.9,0,4.9,upi,in-store,
4310,2025-08-13,Wednesday,P05,Pain au Chocolat,Pastry,1,3.5,0,3.5,upi,in-store,
4310,2025-08-13,Wednesday,P09,Oatmeal Raisin Cookie,Cookie,1,2.0,0,2.0,upi,in-store,
4311,2025-08-13,Wednesday,P09,Oatmeal Raisin Cookie,Cookie,2,2.0,0,4.0,upi,in-store,C0113
4312,2025-08-13,Wednesday,P14,Rye Loaf,Bread,1,4.9,0,4.9,card,in-store,C0062
4312,2025-08-13,Wednesday,P11,Cupcake (single),Cake,1,3.25,0,3.25,card,in-store,C0062
4312,2025-08-13,Wednesday,P04,Croissant,Pastry,1,3.0,0,3.0,card,in-store,C0062
4313,2025-08-13,Wednesday,P15,Scone - Blueberry,Pastry,3,3.0,0,9.0,card,in-store,C0010
4314,2025-08-13,Wednesday,P11,Cupcake (single),Cake,1,3.25,0,3.25,cash,in-store,
4315,2025-08-13,Wednesday,P07,Blueberry Muffin,Pastry,1,2.75,0,2.75,cash,in-store,C0078
4316,2025-08-13,Wednesday,P08,Chocolate Chip Cookie,Cookie,1,2.0,0,2.0,cash,in-store,C0017
4317,2025-08-13,Wednesday,P02,Baguette,Bread,1,3.25,0,3.25,cash,in-store,
4318,2025-08-13,Wednesday,P15,Scone - Blueberry,Pastry,1,3.0,0,3.0,card,in-store,C0053
4318,2025-08-13,Wednesday,P07,Blueberry Muffin,Pastry,1,2.75,0,2.75,card,in-store,C0053
4319,2025-08-13,Wednesday,P12,Bagel - Plain,Bread,1,2.25,0,2.25,card,in-store,
4319,2025-08-13,Wednesday,P02,Baguette,Bread,1,3.25,0,3.25,card,in-store,
4320,2025-08-13,Wednesday,P07,Blueberry Muffin,Pastry,1,2.75,0,2.75,upi,online,C0006
4321,2025-08-13,Wednesday,P09,Oatmeal Raisin Cookie,Cookie,3,2.0,0,6.0,cash,in-store,C0088
4321,2025-08-13,Wednesday,P08,Chocolate Chip Cookie,Cookie,2,2.0,0,4.0,cash,in-store,C0088
4322,2025-08-14,Thursday,P06,Cinnamon Roll,Pastry,1,3.75,0,3.75,cash,in-store,C0052
4323,2025-08-14,Thursday,P02,Baguette,Bread,1,3.25,0,3.25,upi,in-store,
4323,2025-08-14,Thursday,P10,Birthday Cake (whole),Cake,1,32.0,0,32.0,upi,in-store,
4323,2025-08-14,Thursday,P09,Oatmeal Raisin Cookie,Cookie,1,2.0,0,2.0,upi,in-store,
4325,2025-08-14,Thursday,P08,Chocolate Chip Cookie,Cookie,1,2.0,0,2.0,cash,catering,
4325,2025-08-14,Thursday,P05,Pain au Chocolat,Pastry,2,3.5,0,7.0,cash,catering,
4325,2025-08-14,Thursday,P03,Whole Wheat Loaf,Bread,1,4.75,0,4.75,cash,catering,
4325,2025-08-14,Thursday,P05,Pain au Chocolat,Pastry,1,3.5,0,3.5,cash,catering,
4326,2025-08-14,Thursday,P04,Croissant,Pastry,1,3.0,0,3.0,upi,in-store,
4327,2025-08-14,Thursday,P05,Pain au Chocolat,Pastry,1,3.5,0,3.5,upi,in-store,
4327,2025-08-14,Thursday,P11,Cupcake (single),Cake,1,3.25,0,3.25,upi,in-store,
4327,2025-08-14,Thursday,P06,Cinnamon Roll,Pastry,1,3.75,0,3.75,upi,in-store,
4328,2025-08-14,Thursday,P06,Cinnamon Roll,Pastry,2,3.75,0,7.5,upi,in-store,C0067
4329,2025-08-14,Thursday,P03,Whole Wheat Loaf,Bread,1,4.75,0,4.75,card,in-store,C0099
4329,2025-08-14,Thursday,P15,Scone - Blueberry,Pastry,1,3.0,0,3.0,card,in-store,C0099
4330,2025-08-14,Thursday,P05,Pain au Chocolat,Pastry,1,3.5,0,3.5,upi,in-store,C0111
4331,2025-08-14,Thursday,P08,Chocolate Chip Cookie,Cookie,1,2.0,0,2.0,cash,online,
4332,2025-08-14,Thursday,P02,Baguette,Bread,1,3.25,0,3.25,card,in-store,C0070
4333,2025-08-14,Thursday,P05,Pain au Chocolat,Pastry,1,3.5,0,3.5,card,in-store,C0042
4333,2025-08-14,Thursday,P03,Whole Wheat Loaf,Bread,1,4.75,0,4.75,card,in-store,C0042
4335,2025-08-15,Friday,P13,Bagel - Everything,Bread,1,2.5,0,2.5,upi,online,C0032
4336,2025-08-15,Friday,P14,Rye Loaf,Bread,3,4.9,0,14.7,cash,in-store,C0072
4336,2025-08-15,Friday,P07,Blueberry Muffin,Pastry,1,2.75,0,2.75,cash,in-store,C0072
4336,2025-08-15,Friday,P14,Rye Loaf,Bread,1,4.9,0,4.9,cash,in-store,C0072
4337,2025-08-15,Friday,P13,Bagel - Everything,Bread,1,2.5,0,2.5,card,online,C0057
4337,2025-08-15,Friday,P04,Croissant,Pastry,1,3.0,0,3.0,card,online,C0057
4338,2025-08-15,Friday,P07,Blueberry Muffin,Pastry,1,2.75,0,2.75,card,in-store,C0030
4339,2025-08-15,Friday,P03,Whole Wheat Loaf,Bread,1,4.75,0,4.75,card,online,
4340,2025-08-15,Friday,P05,Pain au Chocolat,Pastry,1,3.5,0,3.5,card,in-store,
4340,2025-08-15,Friday,P02,Baguette,Bread,1,3.25,0,3.25,card,in-store,
4341,2025-08-15,Friday,P09,Oatmeal Raisin Cookie,Cookie,3,2.0,0,6.0,cash,catering,C0035
4341,2025-08-15,Friday,P14,Rye Loaf,Bread,1,4.9,0,4.9,cash,catering,C0035
4342,2025-08-15,Friday,P03,Whole Wheat Loaf,Bread,1,4.75,0,4.75,upi,in-store,
4342,2025-08-15,Friday,P01,Sourdough Loaf,Bread,1,4.5,0,4.5,upi,in-store,
4342,2025-08-15,Friday,P15,Scone - Blueberry,Pastry,1,3.0,0,3.0,upi,in-store,
4343,2025-08-15,Friday,P05,Pain au Chocolat,Pastry,1,3.5,0,3.5,upi,in-store,
4344,2025-08-15,Friday,P06,Cinnamon Roll,Pastry,1,3.75,0,3.75,upi,in-store,C0086
4344,2025-08-15,Friday,P08,Chocolate Chip Cookie,Cookie,1,2.0,0,2.0,upi,in-store,C0086
4345,2025-08-15,Friday,P07,Blueberry Muffin,Pastry,1,2.75,0,2.75,upi,in-store,C0094
4345,2025-08-15,Friday,P12,Bagel - Plain,Bread,1,2.25,0,2.25,upi,in-store,C0094
4346,2025-08-16,Saturday,P10,Birthday Cake (whole),Cake,1,32.0,0,32.0,cash,in-store,C0060
4346,2025-08-16,Saturday,P08,Chocolate Chip Cookie,Cookie,1,2.0,0,2.0,cash,in-store,C0060
4347,2025-08-16,Saturday,P04,Croissant,Pastry,1,3.0,0,3.0,upi,in-store,C0069
4349,2025-08-16,Saturday,P11,Cupcake (single),Cake,1,3.25,0,3.25,upi,in-store,C0027
4350,2025-08-16,Saturday,P09,Oatmeal Raisin Cookie,Cookie,1,2.0,0,2.0,card,online,C0009
4350,2025-08-16,Saturday,P08,Chocolate Chip Cookie,Cookie,1,2.0,0,2.0,card,online,C0009
4351,2025-08-16,Saturday,P02,Baguette,Bread,1,3.25,0,3.25,card,in-store,C0072
4351,2025-08-16,Saturday,P14,Rye Loaf,Bread,1,4.9,0,4.9,card,in-store,C0072
4352,2025-08-16,Saturday,P05,Pain au Chocolat,Pastry,1,3.5,0,3.5,cash,in-store,
4353,2025-08-16,Saturday,P12,Bagel - Plain,Bread,1,2.25,0,2.25,card,online,
4354,2025-08-16,Saturday,P15,Scone - Blueberry,Pastry,1,3.0,0,3.0,card,in-store,
4354,2025-08-16,Saturday,P07,Blueberry Muffin,Pastry,1,2.75,0,2.75,card,in-store,
4354,2025-08-16,Saturday,P05,Pain au Chocolat,Pastry,2,3.5,0,7.0,card,in-store,
4355,2025-08-16,Saturday,P02,Baguette,Bread,2,3.25,0,6.5,upi,in-store,
4356,2025-08-16,Saturday,P02,Baguette,Bread,3,3.25,0,9.75,card,online,C0040
4357,2025-08-16,Saturday,P12,Bagel - Plain,Bread,3,2.25,0,6.75,upi,in-store,C0018
4358,2025-08-16,Saturday,P02,Baguette,Bread,1,3.25,0,3.25,card,online,C0053
4358,2025-08-16,Saturday,P07,Blueberry Muffin,Pastry,1,2.75,0,2.75,card,online,C0053
4359,2025-08-16,Saturday,P04,Croissant,Pastry,1,3.0,0,3.0,upi,in-store,
4359,2025-08-16,Saturday,P08,Chocolate Chip Cookie,Cookie,1,2.0,0,2.0,upi,in-store,
4359,2025-08-16,Saturday,P14,Rye Loaf,Bread,2,4.9,0,9.8,upi,in-store,
4361,2025-08-16,Saturday,P04,Croissant,Pastry,1,3.0,0,3.0,upi,in-store,
4361,2025-08-16,Saturday,P02,Baguette,Bread,2,3.25,0,6.5,upi,in-store,
4362,2025-08-16,Saturday,P02,Baguette,Bread,2,3.25,0,6.5,cash,in-store,
4362,2025-08-16,Saturday,P09,Oatmeal Raisin Cookie,Cookie,1,2.0,0,2.0,cash,in-store,
4366,2025-08-16,Saturday,P13,Bagel - Everything,Bread,1,2.5,0,2.5,upi,in-store,C0122
4366,2025-08-16,Saturday,P04,Croissant,Pastry,2,3.0,0,6.0,upi,in-store,C0122
4366,2025-08-16,Saturday,P07,Blueberry Muffin,Pastry,1,2.75,0,2.75,upi,in-store,C0122
4367,2025-08-17,Sunday,P07,Blueberry Muffin,Pastry,1,2.75,0,2.75,upi,in-store,C0120
4367,2025-08-17,Sunday,P09,Oatmeal Raisin Cookie,Cookie,1,2.0,0,2.0,upi,in-store,C0120
4367,2025-08-17,Sunday,P08,Chocolate Chip Cookie,Cookie,3,2.0,0,6.0,upi,in-store,C0120
4367,2025-08-17,Sunday,P11,Cupcake (single),Cake,1,3.25,0,3.25,upi,in-store,C0120
4369,2025-08-17,Sunday,P03,Whole Wheat Loaf,Bread,2,4.75,0,9.5,upi,in-store,
4370,2025-08-17,Sunday,P04,Croissant,Pastry,1,3.0,0,3.0,upi,in-store,C0066
4372,2025-08-17,Sunday,P12,Bagel - Plain,Bread,1,2.25,0,2.25,cash,in-store,
4372,2025-08-17,Sunday,P05,Pain au Chocolat,Pastry,2,3.5,0,7.0,cash,in-store,
4372,2025-08-17,Sunday,P08,Chocolate Chip Cookie,Cookie,1,2.0,0,2.0,cash,in-store,
4373,2025-08-17,Sunday,P03,Whole Wheat Loaf,Bread,1,4.75,0,4.75,upi,in-store,C0052
4374,2025-08-17,Sunday,P13,Bagel - Everything,Bread,1,2.5,0,2.5,upi,in-store,C0127
4374,2025-08-17,Sunday,P11,Cupcake (single),Cake,1,3.25,0,3.25,upi,in-store,C0127
4374,2025-08-17,Sunday,P09,Oatmeal Raisin Cookie,Cookie,1,2.0,0,2.0,upi,in-store,C0127
4375,2025-08-17,Sunday,P03,Whole Wheat Loaf,Bread,1,4.75,0,4.75,upi,in-store,
4376,2025-08-17,Sunday,P03,Whole Wheat Loaf,Bread,3,4.75,0,14.25,card,in-store,C0039
4376,2025-08-17,Sunday,P07,Blueberry Muffin,Pastry,2,2.75,0,5.5,card,in-store,C0039
4378,2025-08-17,Sunday,P05,Pain au Chocolat,Pastry,1,3.5,0,3.5,card,in-store,C0071
4378,2025-08-17,Sunday,P12,Bagel - Plain,Bread,2,2.25,0,4.5,card,in-store,C0071
4379,2025-08-17,Sunday,P05,Pain au Chocolat,Pastry,1,3.5,0,3.5,card,in-store,C0045
4380,2025-08-17,Sunday,P05,Pain au Chocolat,Pastry,1,3.5,0,3.5,upi,online,C0087
4381,2025-08-17,Sunday,P08,Chocolate Chip Cookie,Cookie,3,2.0,0,6.0,cash,online,C0123
4381,2025-08-17,Sunday,P06,Cinnamon Roll,Pastry,1,3.75,0,3.75,cash,online,C0123
4381,2025-08-17,Sunday,P03,Whole Wheat Loaf,Bread,2,4.75,0,9.5,cash,online,C0123
4382,2025-08-17,Sunday,P02,Baguette,Bread,1,3.25,0,3.25,upi,in-store,C0119
4383,2025-08-17,Sunday,P04,Croissant,Pastry,3,3.0,0,9.0,upi,in-store,
4383,2025-08-17,Sunday,P12,Bagel - Plain,Bread,1,2.25,0,2.25,upi,in-store,
4383,2025-08-17,Sunday,P07,Blueberry Muffin,Pastry,1,2.75,0,2.75,upi,in-store,
4385,2025-08-17,Sunday,P06,Cinnamon Roll,Pastry,1,3.75,0,3.75,upi,catering,
4386,2025-08-17,Sunday,P08,Chocolate Chip Cookie,Cookie,1,2.0,0,2.0,upi,in-store,
4387,2025-08-18,Monday,P08,Chocolate Chip Cookie,Cookie,1,2.0,0,2.0,cash,in-store,C0067
4388,2025-08-18,Monday,P06,Cinnamon Roll,Pastry,1,3.75,0,3.75,card,online,C0007
4389,2025-08-18,Monday,P11,Cupcake (single),Cake,1,3.25,0,3.25,upi,online,C0018
4389,2025-08-18,Monday,P07,Blueberry Muffin,Pastry,2,2.75,0,5.5,upi,online,C0018
4389,2025-08-18,Monday,P15,Scone - Blueberry,Pastry,2,3.0,0,6.0,upi,online,C0018
4391,2025-08-18,Monday,P03,Whole Wheat Loaf,Bread,3,4.75,0,14.25,cash,in-store,C0126
4391,2025-08-18,Monday,P03,Whole Wheat Loaf,Bread,1,4.75,0,4.75,cash,in-store,C0126
4391,2025-08-18,Monday,P07,Blueberry Muffin,Pastry,1,2.75,0,2.75,cash,in-store,C0126
4392,2025-08-18,Monday,P06,Cinnamon Roll,Pastry,2,3.75,0,7.5,card,in-store,C0123
4392,2025-08-18,Monday,P03,Whole Wheat Loaf,Bread,3,4.75,0,14.25,card,in-store,C0123
4393,2025-08-18,Monday,P08,Chocolate Chip Cookie,Cookie,1,2.0,0,2.0,upi,in-store,
4393,2025-08-18,Monday,P07,Blueberry Muffin,Pastry,1,2.75,0,2.75,upi,in-store,
4394,2025-08-18,Monday,P14,Rye Loaf,Bread,1,4.9,0,4.9,upi,online,C0123
4394,2025-08-18,Monday,P05,Pain au Chocolat,Pastry,1,3.5,0,3.5,upi,online,C0123
4395,2025-08-18,Monday,P09,Oatmeal Raisin Cookie,Cookie,2,2.0,0,4.0,card,in-store,C0032
4397,2025-08-18,Monday,P09,Oatmeal Raisin Cookie,Cookie,3,2.0,0,6.0,card,catering,
4398,2025-08-18,Monday,P05,Pain au Chocolat,Pastry,2,3.5,0,7.0,upi,online,C0118
4399,2025-08-18,Monday,P13,Bagel - Everything,Bread,3,2.5,0,7.5,upi,in-store,
4400,2025-08-19,Tuesday,P14,Rye Loaf,Bread,1,4.9,0,4.9,upi,in-store,C0105
4403,2025-08-19,Tuesday,P15,Scone - Blueberry,Pastry,1,3.0,0,3.0,upi,in-store,C0030
4403,2025-08-19,Tuesday,P10,Birthday Cake (whole),Cake,1,32.0,0,32.0,upi,in-store,C0030
4404,2025-08-19,Tuesday,P06,Cinnamon Roll,Pastry,1,3.75,0,3.75,card,in-store,C0090
4404,2025-08-19,Tuesday,P03,Whole Wheat Loaf,Bread,3,4.75,0,14.25,card,in-store,C0090
4404,2025-08-19,Tuesday,P09,Oatmeal Raisin Cookie,Cookie,1,2.0,0,2.0,card,in-store,C0090
4404,2025-08-19,Tuesday,P07,Blueberry Muffin,Pastry,1,2.75,0,2.75,card,in-store,C0090
4406,2025-08-19,Tuesday,P05,Pain au Chocolat,Pastry,1,3.5,0,3.5,upi,in-store,C0059
4407,2025-08-19,Tuesday,P13,Bagel - Everything,Bread,2,2.5,0,5.0,upi,in-store,C0019
4408,2025-08-19,Tuesday,P09,Oatmeal Raisin Cookie,Cookie,1,2.0,0,2.0,cash,online,C0077
4408,2025-08-19,Tuesday,P09,Oatmeal Raisin Cookie,Cookie,3,2.0,0,6.0,cash,online,C0077
4409,2025-08-19,Tuesday,P07,Blueberry Muffin,Pastry,1,2.75,0,2.75,cash,online,C0056
4409,2025-08-19,Tuesday,P07,Blueberry Muffin,Pastry,1,2.75,0,2.75,cash,online,C0056
4409,2025-08-19,Tuesday,P12,Bagel - Plain,Bread,1,2.25,0,2.25,cash,online,C0056
4410,2025-08-19,Tuesday,P10,Birthday Cake (whole),Cake,1,32.0,0,32.0,upi,in-store,
4410,2025-08-19,Tuesday,P05,Pain au Chocolat,Pastry,1,3.5,0,3.5,upi,in-store,
4411,2025-08-19,Tuesday,P07,Blueberry Muffin,Pastry,3,2.75,0,8.25,upi,in-store,C0015
4411,2025-08-19,Tuesday,P08,Chocolate Chip Cookie,Cookie,1,2.0,0,2.0,upi,in-store,C0015
4412,2025-08-19,Tuesday,P07,Blueberry Muffin,Pastry,2,2.75,0,5.5,card,in-store,C0080
4413,2025-08-19,Tuesday,P06,Cinnamon Roll,Pastry,1,3.75,0,3.75,upi,in-store,C0009
4413,2025-08-19,Tuesday,P05,Pain au Chocolat,Pastry,1,3.5,0,3.5,upi,in-store,C0009
4413,2025-08-19,Tuesday,P04,Croissant,Pastry,3,3.0,0,9.0,upi,in-store,C0009
4414,2025-08-19,Tuesday,P12,Bagel - Plain,Bread,1,2.25,0,2.25,card,in-store,
4415,2025-08-20,Wednesday,P08,Chocolate Chip Cookie,Cookie,1,2.0,0,2.0,card,in-store,C0090
4416,2025-08-20,Wednesday,P01,Sourdough Loaf,Bread,1,4.5,0,4.5,upi,in-store,
4417,2025-08-20,Wednesday,P03,Whole Wheat Loaf,Bread,2,4.75,0,9.5,upi,in-store,C0054
4417,2025-08-20,Wednesday,P13,Bagel - Everything,Bread,1,2.5,0,2.5,upi,in-store,C0054
4417,2025-08-20,Wednesday,P14,Rye Loaf,Bread,1,4.9,0,4.9,upi,in-store,C0054
4419,2025-08-20,Wednesday,P04,Croissant,Pastry,1,3.0,0,3.0,cash,in-store,C0125
4420,2025-08-20,Wednesday,P09,Oatmeal Raisin Cookie,Cookie,1,2.0,0,2.0,upi,online,
4420,2025-08-20,Wednesday,P02,Baguette,Bread,1,3.25,0,3.25,upi,online,
4420,2025-08-20,Wednesday,P10,Birthday Cake (whole),Cake,1,32.0,0,32.0,upi,online,
4421,2025-08-20,Wednesday,P01,Sourdough Loaf,Bread,3,4.5,0,13.5,upi,in-store,
4421,2025-08-20,Wednesday,P12,Bagel - Plain,Bread,1,2.25,0,2.25,upi,in-store,
4423,2025-08-20,Wednesday,P08,Chocolate Chip Cookie,Cookie,2,2.0,0,4.0,upi,catering,
4423,2025-08-20,Wednesday,P10,Birthday Cake (whole),Cake,1,32.0,0,32.0,upi,catering,
4424,2025-08-20,Wednesday,P14,Rye Loaf,Bread,2,4.9,0,9.8,cash,in-store,
4424,2025-08-20,Wednesday,P02,Baguette,Bread,1,3.25,0,3.25,cash,in-store,
4425,2025-08-20,Wednesday,P08,Chocolate Chip Cookie,Cookie,1,2.0,0,2.0,card,in-store,C0022
4427,2025-08-20,Wednesday,P15,Scone - Blueberry,Pastry,1,3.0,0,3.0,card,in-store,C0041
4427,2025-08-20,Wednesday,P07,Blueberry Muffin,Pastry,1,2.75,0,2.75,card,in-store,C0041
4428,2025-08-20,Wednesday,P12,Bagel - Plain,Bread,1,2.25,0,2.25,upi,online,
4429,2025-08-20,Wednesday,P10,Birthday Cake (whole),Cake,1,32.0,0,32.0,cash,in-store,
4432,2025-08-21,Thursday,P12,Bagel - Plain,Bread,1,2.25,0,2.25,upi,in-store,
4432,2025-08-21,Thursday,P14,Rye Loaf,Bread,3,4.9,0,14.7,upi,in-store,
4434,2025-08-21,Thursday,P05,Pain au Chocolat,Pastry,2,3.5,0,7.0,upi,in-store,C0115
4434,2025-08-21,Thursday,P06,Cinnamon Roll,Pastry,1,3.75,0,3.75,upi,in-store,C0115
4434,2025-08-21,Thursday,P08,Chocolate Chip Cookie,Cookie,1,2.0,0,2.0,upi,in-store,C0115
4435,2025-08-21,Thursday,P09,Oatmeal Raisin Cookie,Cookie,1,2.0,0,2.0,upi,in-store,C0070
4435,2025-08-21,Thursday,P07,Blueberry Muffin,Pastry,3,2.75,0,8.25,upi,in-store,C0070
4436,2025-08-21,Thursday,P05,Pain au Chocolat,Pastry,3,3.5,0,10.5,upi,in-store,C0079
4436,2025-08-21,Thursday,P02,Baguette,Bread,1,3.25,0,3.25,upi,in-store,C0079
4437,2025-08-21,Thursday,P06,Cinnamon Roll,Pastry,3,3.75,0,11.25,card,in-store,C0019
4437,2025-08-21,Thursday,P05,Pain au Chocolat,Pastry,1,3.5,0,3.5,card,in-store,C0019
4438,2025-08-21,Thursday,P10,Birthday Cake (whole),Cake,1,32.0,0,32.0,cash,online,
4438,2025-08-21,Thursday,P08,Chocolate Chip Cookie,Cookie,2,2.0,0,4.0,cash,online,
4439,2025-08-21,Thursday,P03,Whole Wheat Loaf,Bread,1,4.75,0,4.75,upi,in-store,
4440,2025-08-21,Thursday,P10,Birthday Cake (whole),Cake,1,32.0,0,32.0,upi,in-store,
4441,2025-08-21,Thursday,P12,Bagel - Plain,Bread,1,2.25,0,2.25,upi,in-store,
4444,2025-08-22,Friday,P08,Chocolate Chip Cookie,Cookie,2,2.0,0,4.0,card,in-store,C0038
4445,2025-08-22,Friday,P03,Whole Wheat Loaf,Bread,3,4.75,0,14.25,card,in-store,C0004
4445,2025-08-22,Friday,P07,Blueberry Muffin,Pastry,1,2.75,0,2.75,card,in-store,C0004
4445,2025-08-22,Friday,P06,Cinnamon Roll,Pastry,2,3.75,0,7.5,card,in-store,C0004
4446,2025-08-22,Friday,P02,Baguette,Bread,1,3.25,0,3.25,upi,in-store,
4447,2025-08-22,Friday,P05,Pain au Chocolat,Pastry,1,3.5,0,3.5,card,in-store,C0073
4449,2025-08-22,Friday,P08,Chocolate Chip Cookie,Cookie,1,2.0,0,2.0,card,catering,C0080
4450,2025-08-22,Friday,P10,Birthday Cake (whole),Cake,1,32.0,0,32.0,upi,in-store,
4450,2025-08-22,Friday,P15,Scone - Blueberry,Pastry,2,3.0,0,6.0,upi,in-store,
4451,2025-08-22,Friday,P07,Blueberry Muffin,Pastry,1,2.75,0,2.75,card,in-store,C0028
4451,2025-08-22,Friday,P05,Pain au Chocolat,Pastry,3,3.5,0,10.5,card,in-store,C0028
4452,2025-08-22,Friday,P08,Chocolate Chip Cookie,Cookie,1,2.0,0,2.0,upi,in-store,C0093
4452,2025-08-22,Friday,P07,Blueberry Muffin,Pastry,1,2.75,0,2.75,upi,in-store,C0093
4453,2025-08-22,Friday,P09,Oatmeal Raisin Cookie,Cookie,1,2.0,0,2.0,card,online,C0068
4453,2025-08-22,Friday,P08,Chocolate Chip Cookie,Cookie,1,2.0,0,2.0,card,online,C0068
4453,2025-08-22,Friday,P14,Rye Loaf,Bread,1,4.9,0,4.9,card,online,C0068
4454,2025-08-22,Friday,P08,Chocolate Chip Cookie,Cookie,1,2.0,0,2.0,card,in-store,C0129
4455,2025-08-22,Friday,P03,Whole Wheat Loaf,Bread,1,4.75,0,4.75,card,in-store,C0121
4455,2025-08-22,Friday,P06,Cinnamon Roll,Pastry,1,3.75,0,3.75,card,in-store,C0121
4455,2025-08-22,Friday,P14,Rye Loaf,Bread,2,4.9,0,9.8,card,in-store,C0121
4455,2025-08-22,Friday,P15,Scone - Blueberry,Pastry,1,3.0,0,3.0,card,in-store,C0121
4456,2025-08-22,Friday,P14,Rye Loaf,Bread,1,4.9,0,4.9,cash,in-store,
4456,2025-08-22,Friday,P11,Cupcake (single),Cake,1,3.25,0,3.25,cash,in-store,
4456,2025-08-22,Friday,P14,Rye Loaf,Bread,2,4.9,0,9.8,cash,in-store,
4456,2025-08-22,Friday,P13,Bagel - Everything,Bread,1,2.5,0,2.5,cash,in-store,
4457,2025-08-22,Friday,P05,Pain au Chocolat,Pastry,1,3.5,0,3.5,cash,in-store,
4458,2025-08-22,Friday,P10,Birthday Cake (whole),Cake,1,32.0,0,32.0,card,in-store,
4458,2025-08-22,Friday,P01,Sourdough Loaf,Bread,1,4.5,0,4.5,card,in-store,
4458,2025-08-22,Friday,P03,Whole Wheat Loaf,Bread,1,4.75,0,4.75,card,in-store,
4458,2025-08-22,Friday,P08,Chocolate Chip Cookie,Cookie,1,2.0,0,2.0,card,in-store,
4459,2025-08-23,Saturday,P05,Pain au Chocolat,Pastry,1,3.5,0,3.5,card,catering,C0098
4460,2025-08-23,Saturday,P05,Pain au Chocolat,Pastry,1,3.5,0,3.5,card,catering,C0105
4461,2025-08-23,Saturday,P11,Cupcake (single),Cake,1,3.25,0,3.25,cash,in-store,
4461,2025-08-23,Saturday,P06,Cinnamon Roll,Pastry,1,3.75,0,3.75,cash,in-store,
4461,2025-08-23,Saturday,P14,Rye Loaf,Bread,1,4.9,0,4.9,cash,in-store,
4462,2025-08-23,Saturday,P05,Pain au Chocolat,Pastry,1,3.5,0,3.5,cash,in-store,C0021
4462,2025-08-23,Saturday,P06,Cinnamon Roll,Pastry,1,3.75,0,3.75,cash,in-store,C0021
4462,2025-08-23,Saturday,P05,Pain au Chocolat,Pastry,2,3.5,0,7.0,cash,in-store,C0021
4462,2025-08-23,Saturday,P12,Bagel - Plain,Bread,1,2.25,0,2.25,cash,in-store,C0021
4463,2025-08-23,Saturday,P05,Pain au Chocolat,Pastry,1,3.5,0,3.5,upi,in-store,C0042
4463,2025-08-23,Saturday,P01,Sourdough Loaf,Bread,1,4.5,0,4.5,upi,in-store,C0042
4463,2025-08-23,Saturday,P14,Rye Loaf,Bread,1,4.9,0,4.9,upi,in-store,C0042
4464,2025-08-23,Saturday,P03,Whole Wheat Loaf,Bread,2,4.75,0,9.5,upi,online,C0113
4464,2025-08-23,Saturday,P15,Scone - Blueberry,Pastry,3,3.0,0,9.0,upi,online,C0113
4464,2025-08-23,Saturday,P09,Oatmeal Raisin Cookie,Cookie,3,2.0,0,6.0,upi,online,C0113
4466,2025-08-23,Saturday,P08,Chocolate Chip Cookie,Cookie,1,2.0,0,2.0,cash,in-store,
4467,2025-08-23,Saturday,P06,Cinnamon Roll,Pastry,1,3.75,0,3.75,upi,in-store,C0095
4468,2025-08-23,Saturday,P09,Oatmeal Raisin Cookie,Cookie,1,2.0,0,2.0,card,in-store,
4469,2025-08-23,Saturday,P08,Chocolate Chip Cookie,Cookie,1,2.0,0,2.0,upi,in-store,C0043
4469,2025-08-23,Saturday,P14,Rye Loaf,Bread,2,4.9,0,9.8,upi,in-store,C0043
4470,2025-08-23,Saturday,P08,Chocolate Chip Cookie,Cookie,1,2.0,0,2.0,cash,online,
4470,2025-08-23,Saturday,P02,Baguette,Bread,2,3.25,0,6.5,cash,online,
4471,2025-08-23,Saturday,P10,Birthday Cake (whole),Cake,1,32.0,0,32.0,card,in-store,
4472,2025-08-23,Saturday,P14,Rye Loaf,Bread,2,4.9,0,9.8,upi,online,C0073
4473,2025-08-23,Saturday,P05,Pain au Chocolat,Pastry,3,3.5,0,10.5,upi,online,C0060
4473,2025-08-23,Saturday,P03,Whole Wheat Loaf,Bread,2,4.75,0,9.5,upi,online,C0060
4473,2025-08-23,Saturday,P02,Baguette,Bread,1,3.25,0,3.25,upi,online,C0060
4474,2025-08-23,Saturday,P09,Oatmeal Raisin Cookie,Cookie,1,2.0,0,2.0,upi,in-store,C0037
4475,2025-08-23,Saturday,P15,Scone - Blueberry,Pastry,1,3.0,0,3.0,upi,in-store,C0060
4475,2025-08-23,Saturday,P10,Birthday Cake (whole),Cake,1,32.0,0,32.0,upi,in-store,C0060
4476,2025-08-23,Saturday,P08,Chocolate Chip Cookie,Cookie,1,2.0,0,2.0,upi,in-store,C0113
4477,2025-08-23,Saturday,P07,Blueberry Muffin,Pastry,1,2.75,0,2.75,upi,online,
4477,2025-08-23,Saturday,P10,Birthday Cake (whole),Cake,1,32.0,0,32.0,upi,online,
4478,2025-08-24,Sunday,P07,Blueberry Muffin,Pastry,1,2.75,0,2.75,upi,in-store,C0117
4478,2025-08-24,Sunday,P03,Whole Wheat Loaf,Bread,1,4.75,0,4.75,upi,in-store,C0117
4479,2025-08-24,Sunday,P03,Whole Wheat Loaf,Bread,1,4.75,0,4.75,upi,in-store,C0080
4479,2025-08-24,Sunday,P07,Blueberry Muffin,Pastry,1,2.75,0,2.75,upi,in-store,C0080
4479,2025-08-24,Sunday,P06,Cinnamon Roll,Pastry,1,3.75,0,3.75,upi,in-store,C0080
4480,2025-08-24,Sunday,P07,Blueberry Muffin,Pastry,1,2.75,0,2.75,upi,in-store,C0066
4480,2025-08-24,Sunday,P01,Sourdough Loaf,Bread,1,4.5,0,4.5,upi,in-store,C0066
4482,2025-08-24,Sunday,P09,Oatmeal Raisin Cookie,Cookie,1,2.0,0,2.0,upi,in-store,
4482,2025-08-24,Sunday,P07,Blueberry Muffin,Pastry,1,2.75,0,2.75,upi,in-store,
4484,2025-08-24,Sunday,P02,Baguette,Bread,1,3.25,0,3.25,card,online,
4485,2025-08-24,Sunday,P04,Croissant,Pastry,1,3.0,0,3.0,upi,in-store,C0048
4485,2025-08-24,Sunday,P01,Sourdough Loaf,Bread,1,4.5,0,4.5,upi,in-store,C0048
4486,2025-08-24,Sunday,P11,Cupcake (single),Cake,1,3.25,0,3.25,upi,in-store,C0013
4487,2025-08-24,Sunday,P01,Sourdough Loaf,Bread,1,4.5,0,4.5,upi,in-store,C0125
4488,2025-08-24,Sunday,P01,Sourdough Loaf,Bread,2,4.5,0,9.0,upi,online,
4489,2025-08-24,Sunday,P07,Blueberry Muffin,Pastry,1,2.75,0,2.75,upi,in-store,C0051
4490,2025-08-24,Sunday,P05,Pain au Chocolat,Pastry,2,3.5,0,7.0,upi,in-store,
4490,2025-08-24,Sunday,P12,Bagel - Plain,Bread,1,2.25,0,2.25,upi,in-store,
4490,2025-08-24,Sunday,P03,Whole Wheat Loaf,Bread,1,4.75,0,4.75,upi,in-store,
4492,2025-08-24,Sunday,P05,Pain au Chocolat,Pastry,1,3.5,0,3.5,card,in-store,C0087
4493,2025-08-24,Sunday,P01,Sourdough Loaf,Bread,2,4.5,0,9.0,card,in-store,C0064
4493,2025-08-24,Sunday,P04,Croissant,Pastry,3,3.0,0,9.0,card,in-store,C0064
4493,2025-08-24,Sunday,P06,Cinnamon Roll,Pastry,1,3.75,0,3.75,card,in-store,C0064
4494,2025-08-24,Sunday,P02,Baguette,Bread,1,3.25,0,3.25,cash,in-store,C0106
4496,2025-08-24,Sunday,P11,Cupcake (single),Cake,1,3.25,0,3.25,card,in-store,C0021
4497,2025-08-25,Monday,P09,Oatmeal Raisin Cookie,Cookie,1,2.0,0,2.0,upi,in-store,
4497,2025-08-25,Monday,P15,Scone - Blueberry,Pastry,1,3.0,0,3.0,upi,in-store,
4498,2025-08-25,Monday,P04,Croissant,Pastry,3,3.0,0,9.0,card,in-store,C0017
4499,2025-08-25,Monday,P08,Chocolate Chip Cookie,Cookie,3,2.0,0,6.0,upi,catering,
4499,2025-08-25,Monday,P10,Birthday Cake (whole),Cake,1,32.0,0,32.0,upi,catering,
4500,2025-08-25,Monday,P15,Scone - Blueberry,Pastry,1,3.0,0,3.0,upi,online,C0079
4501,2025-08-25,Monday,P07,Blueberry Muffin,Pastry,3,2.75,0,8.25,upi,in-store,
4501,2025-08-25,Monday,P14,Rye Loaf,Bread,1,4.9,0,4.9,upi,in-store,
4502,2025-08-25,Monday,P05,Pain au Chocolat,Pastry,1,3.5,0,3.5,card,online,C0036
4503,2025-08-25,Monday,P02,Baguette,Bread,1,3.25,0,3.25,cash,online,
4504,2025-08-25,Monday,P14,Rye Loaf,Bread,1,4.9,0,4.9,upi,in-store,C0010
4504,2025-08-25,Monday,P01,Sourdough Loaf,Bread,2,4.5,0,9.0,upi,in-store,C0010
4505,2025-08-25,Monday,P12,Bagel - Plain,Bread,1,2.25,0,2.25,upi,in-store,
4506,2025-08-25,Monday,P14,Rye Loaf,Bread,1,4.9,0,4.9,cash,online,C0011
4506,2025-08-25,Monday,P08,Chocolate Chip Cookie,Cookie,1,2.0,0,2.0,cash,online,C0011
4507,2025-08-25,Monday,P15,Scone - Blueberry,Pastry,3,3.0,0,9.0,card,in-store,
4508,2025-08-25,Monday,P02,Baguette,Bread,1,3.25,0,3.25,upi,in-store,
4509,2025-08-26,Tuesday,P06,Cinnamon Roll,Pastry,1,3.75,0,3.75,upi,catering,
4509,2025-08-26,Tuesday,P03,Whole Wheat Loaf,Bread,2,4.75,0,9.5,upi,catering,
4511,2025-08-26,Tuesday,P02,Baguette,Bread,2,3.25,0,6.5,upi,online,C0067
4511,2025-08-26,Tuesday,P01,Sourdough Loaf,Bread,1,4.5,0,4.5,upi,online,C0067
4511,2025-08-26,Tuesday,P13,Bagel - Everything,Bread,3,2.5,0,7.5,upi,online,C0067
4512,2025-08-26,Tuesday,P08,Chocolate Chip Cookie,Cookie,1,2.0,0,2.0,upi,in-store,C0085
4512,2025-08-26,Tuesday,P14,Rye Loaf,Bread,1,4.9,0,4.9,upi,in-store,C0085
4513,2025-08-26,Tuesday,P14,Rye Loaf,Bread,1,4.9,0,4.9,upi,in-store,C0017
4514,2025-08-26,Tuesday,P15,Scone - Blueberry,Pastry,1,3.0,0,3.0,card,in-store,
4515,2025-08-26,Tuesday,P08,Chocolate Chip Cookie,Cookie,1,2.0,0,2.0,card,in-store,
4515,2025-08-26,Tuesday,P08,Chocolate Chip Cookie,Cookie,1,2.0,0,2.0,card,in-store,
4515,2025-08-26,Tuesday,P07,Blueberry Muffin,Pastry,1,2.75,0,2.75,card,in-store,
4516,2025-08-27,Wednesday,P15,Scone - Blueberry,Pastry,2,3.0,0,6.0,upi,in-store,
4517,2025-08-27,Wednesday,P03,Whole Wheat Loaf,Bread,1,4.75,0,4.75,upi,in-store,
4517,2025-08-27,Wednesday,P07,Blueberry Muffin,Pastry,1,2.75,0,2.75,upi,in-store,
4518,2025-08-27,Wednesday,P05,Pain au Chocolat,Pastry,1,3.5,0,3.5,cash,in-store,C0078
4519,2025-08-27,Wednesday,P12,Bagel - Plain,Bread,1,2.25,0,2.25,upi,online,C0090
4520,2025-08-27,Wednesday,P15,Scone - Blueberry,Pastry,1,3.0,0,3.0,card,in-store,
4520,2025-08-27,Wednesday,P05,Pain au Chocolat,Pastry,1,3.5,0,3.5,card,in-store,
4521,2025-08-27,Wednesday,P15,Scone - Blueberry,Pastry,1,3.0,0,3.0,card,in-store,C0011
4521,2025-08-27,Wednesday,P06,Cinnamon Roll,Pastry,1,3.75,0,3.75,card,in-store,C0011
4521,2025-08-27,Wednesday,P05,Pain au Chocolat,Pastry,1,3.5,0,3.5,card,in-store,C0011
4522,2025-08-27,Wednesday,P14,Rye Loaf,Bread,1,4.9,0,4.9,card,in-store,C0100
4522,2025-08-27,Wednesday,P10,Birthday Cake (whole),Cake,1,32.0,0,32.0,card,in-store,C0100
4522,2025-08-27,Wednesday,P03,Whole Wheat Loaf,Bread,3,4.75,0,14.25,card,in-store,C0100
4522,2025-08-27,Wednesday,P07,Blueberry Muffin,Pastry,2,2.75,0,5.5,card,in-store,C0100
4523,2025-08-27,Wednesday,P03,Whole Wheat Loaf,Bread,1,4.75,0,4.75,upi,in-store,
4524,2025-08-27,Wednesday,P04,Croissant,Pastry,1,3.0,0,3.0,upi,in-store,C0128
4524,2025-08-27,Wednesday,P02,Baguette,Bread,2,3.25,0,6.5,upi,in-store,C0128
4524,2025-08-27,Wednesday,P11,Cupcake (single),Cake,1,3.25,0,3.25,upi,in-store,C0128
4525,2025-08-28,Thursday,P12,Bagel - Plain,Bread,1,2.25,0,2.25,upi,in-store,
4526,2025-08-28,Thursday,P09,Oatmeal Raisin Cookie,Cookie,3,2.0,0,6.0,upi,in-store,
4527,2025-08-28,Thursday,P06,Cinnamon Roll,Pastry,1,3.75,0,3.75,upi,in-store,
4527,2025-08-28,Thursday,P05,Pain au Chocolat,Pastry,1,3.5,0,3.5,upi,in-store,
4527,2025-08-28,Thursday,P09,Oatmeal Raisin Cookie,Cookie,1,2.0,0,2.0,upi,in-store,
4528,2025-08-28,Thursday,P05,Pain au Chocolat,Pastry,1,3.5,0,3.5,cash,in-store,
4528,2025-08-28,Thursday,P07,Blueberry Muffin,Pastry,3,2.75,0,8.25,cash,in-store,
4529,2025-08-28,Thursday,P02,Baguette,Bread,1,3.25,0,3.25,upi,in-store,
4530,2025-08-28,Thursday,P03,Whole Wheat Loaf,Bread,1,4.75,0,4.75,cash,in-store,C0084
4531,2025-08-28,Thursday,P15,Scone - Blueberry,Pastry,1,3.0,0,3.0,cash,in-store,C0090
4533,2025-08-28,Thursday,P08,Chocolate Chip Cookie,Cookie,1,2.0,0,2.0,card,in-store,
4533,2025-08-28,Thursday,P08,Chocolate Chip Cookie,Cookie,1,2.0,0,2.0,card,in-store,
4533,2025-08-28,Thursday,P11,Cupcake (single),Cake,1,3.25,0,3.25,card,in-store,
4533,2025-08-28,Thursday,P05,Pain au Chocolat,Pastry,1,3.5,0,3.5,card,in-store,
4534,2025-08-28,Thursday,P03,Whole Wheat Loaf,Bread,1,4.75,0,4.75,card,online,C0030
4534,2025-08-28,Thursday,P10,Birthday Cake (whole),Cake,1,32.0,0,32.0,card,online,C0030
4535,2025-08-28,Thursday,P11,Cupcake (single),Cake,1,3.25,0,3.25,upi,in-store,
4536,2025-08-28,Thursday,P10,Birthday Cake (whole),Cake,1,32.0,0,32.0,cash,online,
4536,2025-08-28,Thursday,P15,Scone - Blueberry,Pastry,1,3.0,0,3.0,cash,online,
4537,2025-08-28,Thursday,P09,Oatmeal Raisin Cookie,Cookie,1,2.0,0,2.0,card,in-store,C0107
4537,2025-08-28,Thursday,P08,Chocolate Chip Cookie,Cookie,1,2.0,0,2.0,card,in-store,C0107
4538,2025-08-28,Thursday,P04,Croissant,Pastry,1,3.0,0,3.0,card,in-store,C0046
4538,2025-08-28,Thursday,P08,Chocolate Chip Cookie,Cookie,1,2.0,0,2.0,card,in-store,C0046
4539,2025-08-28,Thursday,P10,Birthday Cake (whole),Cake,1,32.0,0,32.0,card,in-store,C0036
4539,2025-08-28,Thursday,P14,Rye Loaf,Bread,1,4.9,0,4.9,card,in-store,C0036
4540,2025-08-28,Thursday,P01,Sourdough Loaf,Bread,1,4.5,0,4.5,upi,in-store,C0114
4542,2025-08-28,Thursday,P07,Blueberry Muffin,Pastry,1,2.75,0,2.75,upi,in-store,C0031
4543,2025-08-29,Friday,P01,Sourdough Loaf,Bread,1,4.5,0,4.5,upi,in-store,C0040
4543,2025-08-29,Friday,P01,Sourdough Loaf,Bread,1,4.5,0,4.5,upi,in-store,C0040
4543,2025-08-29,Friday,P07,Blueberry Muffin,Pastry,1,2.75,0,2.75,upi,in-store,C0040
4544,2025-08-29,Friday,P07,Blueberry Muffin,Pastry,1,2.75,0,2.75,card,in-store,C0002
4545,2025-08-29,Friday,P05,Pain au Chocolat,Pastry,1,3.5,0,3.5,card,in-store,
4545,2025-08-29,Friday,P07,Blueberry Muffin,Pastry,1,2.75,0,2.75,card,in-store,
4545,2025-08-29,Friday,P03,Whole Wheat Loaf,Bread,1,4.75,0,4.75,card,in-store,
4545,2025-08-29,Friday,P09,Oatmeal Raisin Cookie,Cookie,1,2.0,0,2.0,card,in-store,
4546,2025-08-29,Friday,P12,Bagel - Plain,Bread,1,2.25,0,2.25,upi,online,C0010
4546,2025-08-29,Friday,P04,Croissant,Pastry,1,3.0,0,3.0,upi,online,C0010
4548,2025-08-29,Friday,P03,Whole Wheat Loaf,Bread,1,4.75,0,4.75,card,in-store,C0101
4549,2025-08-30,Saturday,P10,Birthday Cake (whole),Cake,1,32.0,0,32.0,card,online,C0066
4550,2025-08-30,Saturday,P14,Rye Loaf,Bread,1,4.9,0,4.9,cash,in-store,
4550,2025-08-30,Saturday,P02,Baguette,Bread,1,3.25,0,3.25,cash,in-store,
4551,2025-08-30,Saturday,P13,Bagel - Everything,Bread,1,2.5,0,2.5,card,in-store,C0049
4552,2025-08-30,Saturday,P14,Rye Loaf,Bread,1,4.9,0,4.9,upi,in-store,C0090
4552,2025-08-30,Saturday,P05,Pain au Chocolat,Pastry,1,3.5,0,3.5,upi,in-store,C0090
4553,2025-08-30,Saturday,P08,Chocolate Chip Cookie,Cookie,1,2.0,0,2.0,card,in-store,C0044
4553,2025-08-30,Saturday,P08,Chocolate Chip Cookie,Cookie,1,2.0,0,2.0,card,in-store,C0044
4554,2025-08-30,Saturday,P01,Sourdough Loaf,Bread,1,4.5,0,4.5,cash,in-store,C0071
4554,2025-08-30,Saturday,P02,Baguette,Bread,2,3.25,0,6.5,cash,in-store,C0071
4554,2025-08-30,Saturday,P08,Chocolate Chip Cookie,Cookie,1,2.0,0,2.0,cash,in-store,C0071
4555,2025-08-30,Saturday,P07,Blueberry Muffin,Pastry,1,2.75,0,2.75,cash,in-store,
4556,2025-08-30,Saturday,P14,Rye Loaf,Bread,1,4.9,0,4.9,upi,in-store,C0120
4557,2025-08-30,Saturday,P07,Blueberry Muffin,Pastry,1,2.75,0,2.75,upi,in-store,C0040
4557,2025-08-30,Saturday,P14,Rye Loaf,Bread,1,4.9,0,4.9,upi,in-store,C0040
4557,2025-08-30,Saturday,P10,Birthday Cake (whole),Cake,1,32.0,0,32.0,upi,in-store,C0040
4558,2025-08-30,Saturday,P08,Chocolate Chip Cookie,Cookie,1,2.0,0,2.0,upi,in-store,C0088
4559,2025-08-30,Saturday,P04,Croissant,Pastry,1,3.0,0,3.0,card,in-store,C0120
4559,2025-08-30,Saturday,P15,Scone - Blueberry,Pastry,2,3.0,0,6.0,card,in-store,C0120
4560,2025-08-30,Saturday,P07,Blueberry Muffin,Pastry,1,2.75,0,2.75,cash,catering,C0112
4561,2025-08-30,Saturday,P03,Whole Wheat Loaf,Bread,3,4.75,0,14.25,cash,in-store,C0107
4561,2025-08-30,Saturday,P14,Rye Loaf,Bread,1,4.9,0,4.9,cash,in-store,C0107
4562,2025-08-30,Saturday,P15,Scone - Blueberry,Pastry,1,3.0,0,3.0,card,in-store,
4563,2025-08-30,Saturday,P08,Chocolate Chip Cookie,Cookie,1,2.0,0,2.0,card,in-store,C0069
4564,2025-08-30,Saturday,P14,Rye Loaf,Bread,1,4.9,0,4.9,card,in-store,C0112
4564,2025-08-30,Saturday,P10,Birthday Cake (whole),Cake,1,32.0,0,32.0,card,in-store,C0112
4564,2025-08-30,Saturday,P08,Chocolate Chip Cookie,Cookie,1,2.0,0,2.0,card,in-store,C0112
4565,2025-08-30,Saturday,P10,Birthday Cake (whole),Cake,1,32.0,0,32.0,card,in-store,C0048
4565,2025-08-30,Saturday,P05,Pain au Chocolat,Pastry,2,3.5,0,7.0,card,in-store,C0048
4566,2025-08-30,Saturday,P07,Blueberry Muffin,Pastry,2,2.75,0,5.5,card,online,C0067
4567,2025-08-30,Saturday,P04,Croissant,Pastry,1,3.0,0,3.0,card,in-store,C0080
4568,2025-08-30,Saturday,P03,Whole Wheat Loaf,Bread,1,4.75,0,4.75,upi,in-store,
4568,2025-08-30,Saturday,P12,Bagel - Plain,Bread,1,2.25,0,2.25,upi,in-store,
4569,2025-08-31,Sunday,P11,Cupcake (single),Cake,1,3.25,0,3.25,cash,in-store,C0099
4569,2025-08-31,Sunday,P08,Chocolate Chip Cookie,Cookie,1,2.0,0,2.0,cash,in-store,C0099
4570,2025-08-31,Sunday,P10,Birthday Cake (whole),Cake,1,32.0,0,32.0,cash,in-store,C0043
4571,2025-08-31,Sunday,P03,Whole Wheat Loaf,Bread,1,4.75,0,4.75,card,in-store,C0013
4572,2025-08-31,Sunday,P07,Blueberry Muffin,Pastry,1,2.75,0,2.75,upi,in-store,C0098
4573,2025-08-31,Sunday,P14,Rye Loaf,Bread,1,4.9,0,4.9,cash,in-store,C0021
4574,2025-08-31,Sunday,P10,Birthday Cake (whole),Cake,1,32.0,0,32.0,upi,in-store,
4575,2025-08-31,Sunday,P12,Bagel - Plain,Bread,1,2.25,0,2.25,card,in-store,C0116
4576,2025-08-31,Sunday,P14,Rye Loaf,Bread,3,4.9,0,14.7,card,in-store,
4576,2025-08-31,Sunday,P04,Croissant,Pastry,1,3.0,0,3.0,card,in-store,
4577,2025-08-31,Sunday,P09,Oatmeal Raisin Cookie,Cookie,1,2.0,0,2.0,upi,in-store,C0066
4577,2025-08-31,Sunday,P01,Sourdough Loaf,Bread,1,4.5,0,4.5,upi,in-store,C0066
4578,2025-08-31,Sunday,P02,Baguette,Bread,1,3.25,0,3.25,card,in-store,C0086
4579,2025-08-31,Sunday,P10,Birthday Cake (whole),Cake,1,32.0,0,32.0,upi,online,C0006
4580,2025-08-31,Sunday,P01,Sourdough Loaf,Bread,1,4.5,0,4.5,upi,in-store,C0008
4580,2025-08-31,Sunday,P05,Pain au Chocolat,Pastry,1,3.5,0,3.5,upi,in-store,C0008
4580,2025-08-31,Sunday,P13,Bagel - Everything,Bread,3,2.5,0,7.5,upi,in-store,C0008
4580,2025-08-31,Sunday,P12,Bagel - Plain,Bread,1,2.25,0,2.25,upi,in-store,C0008
4583,2025-08-31,Sunday,P02,Baguette,Bread,1,3.25,0,3.25,card,in-store,C0108
4584,2025-08-31,Sunday,P15,Scone - Blueberry,Pastry,1,3.0,0,3.0,upi,in-store,
4585,2025-08-31,Sunday,P07,Blueberry Muffin,Pastry,3,2.75,0,8.25,card,in-store,C0092
4586,2025-08-31,Sunday,P15,Scone - Blueberry,Pastry,3,3.0,0,9.0,upi,in-store,C0062
4586,2025-08-31,Sunday,P11,Cupcake (single),Cake,1,3.25,0,3.25,upi,in-store,C0062
4587,2025-08-31,Sunday,P09,Oatmeal Raisin Cookie,Cookie,1,2.0,0,2.0,cash,in-store,
4589,2025-08-31,Sunday,P13,Bagel - Everything,Bread,2,2.5,0,5.0,card,online,C0002
4589,2025-08-31,Sunday,P12,Bagel - Plain,Bread,1,2.25,0,2.25,card,online,C0002
4590,2025-08-31,Sunday,P14,Rye Loaf,Bread,1,4.9,0,4.9,cash,in-store,C0101
4590,2025-08-31,Sunday,P07,Blueberry Muffin,Pastry,1,2.75,0,2.75,cash,in-store,C0101
4590,2025-08-31,Sunday,P03,Whole Wheat Loaf,Bread,1,4.75,0,4.75,cash,in-store,C0101
4590,2025-08-31,Sunday,P12,Bagel - Plain,Bread,1,2.25,0,2.25,cash,in-store,C0101
4591,2025-08-31,Sunday,P07,Blueberry Muffin,Pastry,2,2.75,0,5.5,cash,in-store,
4591,2025-08-31,Sunday,P01,Sourdough Loaf,Bread,1,4.5,0,4.5,cash,in-store,
4591,2025-08-31,Sunday,P07,Blueberry Muffin,Pastry,3,2.75,0,8.25,cash,in-store,
4592,2025-08-31,Sunday,P01,Sourdough Loaf,Bread,1,4.5,0,4.5,cash,in-store,
4592,2025-08-31,Sunday,P12,Bagel - Plain,Bread,3,2.25,0,6.75,cash,in-store,
4592,2025-08-31,Sunday,P01,Sourdough Loaf,Bread,2,4.5,0,9.0,cash,in-store,
4592,2025-08-31,Sunday,P01,Sourdough Loaf,Bread,1,4.5,0,4.5,cash,in-store,
4593,2025-08-31,Sunday,P15,Scone - Blueberry,Pastry,1,3.0,0,3.0,cash,online,C0075
4593,2025-08-31,Sunday,P10,Birthday Cake (whole),Cake,1,32.0,0,32.0,cash,online,C0075
4594,2025-09-01,Monday,P14,Rye Loaf,Bread,1,4.9,0,4.9,upi,in-store,C0008
4595,2025-09-01,Monday,P15,Scone - Blueberry,Pastry,3,3.0,0,9.0,upi,in-store,
4595,2025-09-01,Monday,P03,Whole Wheat Loaf,Bread,1,4.75,0,4.75,upi,in-store,
4595,2025-09-01,Monday,P09,Oatmeal Raisin Cookie,Cookie,1,2.0,0,2.0,upi,in-store,
4596,2025-09-01,Monday,P07,Blueberry Muffin,Pastry,1,2.75,0,2.75,upi,online,
4597,2025-09-01,Monday,P06,Cinnamon Roll,Pastry,1,3.75,0,3.75,upi,in-store,C0123
4597,2025-09-01,Monday,P02,Baguette,Bread,1,3.25,0,3.25,upi,in-store,C0123
4598,2025-09-01,Monday,P15,Scone - Blueberry,Pastry,1,3.0,0,3.0,cash,in-store,C0075
4599,2025-09-01,Monday,P07,Blueberry Muffin,Pastry,1,2.75,0,2.75,card,in-store,
4600,2025-09-01,Monday,P11,Cupcake (single),Cake,1,3.25,0,3.25,card,in-store,C0044
4601,2025-09-01,Monday,P14,Rye Loaf,Bread,2,4.9,0,9.8,upi,in-store,C0098
4601,2025-09-01,Monday,P15,Scone - Blueberry,Pastry,1,3.0,0,3.0,upi,in-store,C0098
4602,2025-09-01,Monday,P14,Rye Loaf,Bread,3,4.9,0,14.7,upi,in-store,C0023
4602,2025-09-01,Monday,P14,Rye Loaf,Bread,3,4.9,0,14.7,upi,in-store,C0023
4603,2025-09-01,Monday,P03,Whole Wheat Loaf,Bread,1,4.75,0,4.75,cash,in-store,C0118
4604,2025-09-02,Tuesday,P07,Blueberry Muffin,Pastry,2,2.75,0,5.5,upi,in-store,
4605,2025-09-02,Tuesday,P05,Pain au Chocolat,Pastry,1,3.5,0,3.5,card,catering,C0008
4605,2025-09-02,Tuesday,P04,Croissant,Pastry,2,3.0,0,6.0,card,catering,C0008
4606,2025-09-02,Tuesday,P15,Scone - Blueberry,Pastry,1,3.0,0,3.0,upi,in-store,
4606,2025-09-02,Tuesday,P01,Sourdough Loaf,Bread,1,4.5,0,4.5,upi,in-store,
4606,2025-09-02,Tuesday,P06,Cinnamon Roll,Pastry,1,3.75,0,3.75,upi,in-store,
4607,2025-09-02,Tuesday,P07,Blueberry Muffin,Pastry,1,2.75,0,2.75,upi,online,C0122
4607,2025-09-02,Tuesday,P03,Whole Wheat Loaf,Bread,2,4.75,0,9.5,upi,online,C0122
4607,2025-09-02,Tuesday,P09,Oatmeal Raisin Cookie,Cookie,1,2.0,0,2.0,upi,online,C0122
4609,2025-09-02,Tuesday,P03,Whole Wheat Loaf,Bread,2,4.75,0,9.5,cash,in-store,
4610,2025-09-02,Tuesday,P14,Rye Loaf,Bread,1,4.9,0,4.9,cash,online,C0111
4610,2025-09-02,Tuesday,P05,Pain au Chocolat,Pastry,1,3.5,0,3.5,cash,online,C0111
4611,2025-09-02,Tuesday,P12,Bagel - Plain,Bread,1,2.25,0,2.25,card,in-store,C0128
4612,2025-09-02,Tuesday,P14,Rye Loaf,Bread,1,4.9,0,4.9,cash,online,C0064
4612,2025-09-02,Tuesday,P02,Baguette,Bread,1,3.25,0,3.25,cash,online,C0064
4614,2025-09-02,Tuesday,P10,Birthday Cake (whole),Cake,1,32.0,0,32.0,card,in-store,C0114
4614,2025-09-02,Tuesday,P15,Scone - Blueberry,Pastry,1,3.0,0,3.0,card,in-store,C0114
4615,2025-09-02,Tuesday,P02,Baguette,Bread,2,3.25,0,6.5,cash,in-store,C0006
4615,2025-09-02,Tuesday,P05,Pain au Chocolat,Pastry,3,3.5,0,10.5,cash,in-store,C0006
4615,2025-09-02,Tuesday,P05,Pain au Chocolat,Pastry,1,3.5,0,3.5,cash,in-store,C0006
4616,2025-09-02,Tuesday,P08,Chocolate Chip Cookie,Cookie,1,2.0,0,2.0,card,in-store,
4616,2025-09-02,Tuesday,P03,Whole Wheat Loaf,Bread,1,4.75,0,4.75,card,in-store,
4616,2025-09-02,Tuesday,P11,Cupcake (single),Cake,1,3.25,0,3.25,card,in-store,
4616,2025-09-02,Tuesday,P03,Whole Wheat Loaf,Bread,1,4.75,0,4.75,card,in-store,
4617,2025-09-02,Tuesday,P15,Scone - Blueberry,Pastry,3,3.0,0,9.0,cash,online,
4618,2025-09-02,Tuesday,P12,Bagel - Plain,Bread,2,2.25,0,4.5,card,in-store,C0114
4618,2025-09-02,Tuesday,P07,Blueberry Muffin,Pastry,2,2.75,0,5.5,card,in-store,C0114
4619,2025-09-02,Tuesday,P07,Blueberry Muffin,Pastry,1,2.75,0,2.75,upi,in-store,C0017
4619,2025-09-02,Tuesday,P04,Croissant,Pastry,3,3.0,0,9.0,upi,in-store,C0017
4620,2025-09-02,Tuesday,P02,Baguette,Bread,1,3.25,0,3.25,cash,in-store,C0041
4620,2025-09-02,Tuesday,P02,Baguette,Bread,1,3.25,0,3.25,cash,in-store,C0041
4621,2025-09-02,Tuesday,P05,Pain au Chocolat,Pastry,1,3.5,0,3.5,card,catering,C0070
4622,2025-09-03,Wednesday,P09,Oatmeal Raisin Cookie,Cookie,1,2.0,0,2.0,upi,online,C0020
4622,2025-09-03,Wednesday,P12,Bagel - Plain,Bread,1,2.25,0,2.25,upi,online,C0020
4623,2025-09-03,Wednesday,P02,Baguette,Bread,1,3.25,0,3.25,upi,in-store,
4624,2025-09-03,Wednesday,P04,Croissant,Pastry,1,3.0,0,3.0,cash,in-store,C0105
4625,2025-09-03,Wednesday,P01,Sourdough Loaf,Bread,1,4.5,0,4.5,upi,catering,C0086
4625,2025-09-03,Wednesday,P08,Chocolate Chip Cookie,Cookie,3,2.0,0,6.0,upi,catering,C0086
4626,2025-09-03,Wednesday,P05,Pain au Chocolat,Pastry,1,3.5,0,3.5,cash,in-store,C0081
4628,2025-09-03,Wednesday,P01,Sourdough Loaf,Bread,3,4.5,0,13.5,cash,online,C0105
4629,2025-09-03,Wednesday,P01,Sourdough Loaf,Bread,1,4.5,0,4.5,cash,in-store,
4629,2025-09-03,Wednesday,P05,Pain au Chocolat,Pastry,1,3.5,0,3.5,cash,in-store,
4630,2025-09-03,Wednesday,P09,Oatmeal Raisin Cookie,Cookie,1,2.0,0,2.0,upi,in-store,C0128
4630,2025-09-03,Wednesday,P08,Chocolate Chip Cookie,Cookie,1,2.0,0,2.0,upi,in-store,C0128
4631,2025-09-03,Wednesday,P12,Bagel - Plain,Bread,1,2.25,0,2.25,upi,in-store,
4631,2025-09-03,Wednesday,P07,Blueberry Muffin,Pastry,1,2.75,0,2.75,upi,in-store,
4631,2025-09-03,Wednesday,P07,Blueberry Muffin,Pastry,1,2.75,0,2.75,upi,in-store,
4632,2025-09-03,Wednesday,P05,Pain au Chocolat,Pastry,3,3.5,0,10.5,upi,in-store,C0020
4633,2025-09-03,Wednesday,P10,Birthday Cake (whole),Cake,1,32.0,0,32.0,cash,online,C0016
4633,2025-09-03,Wednesday,P14,Rye Loaf,Bread,1,4.9,0,4.9,cash,online,C0016
4633,2025-09-03,Wednesday,P05,Pain au Chocolat,Pastry,1,3.5,0,3.5,cash,online,C0016
4633,2025-09-03,Wednesday,P07,Blueberry Muffin,Pastry,1,2.75,0,2.75,cash,online,C0016
4634,2025-09-03,Wednesday,P09,Oatmeal Raisin Cookie,Cookie,1,2.0,0,2.0,cash,in-store,C0020
4635,2025-09-03,Wednesday,P09,Oatmeal Raisin Cookie,Cookie,1,2.0,0,2.0,card,in-store,
4635,2025-09-03,Wednesday,P08,Chocolate Chip Cookie,Cookie,3,2.0,0,6.0,card,in-store,
4636,2025-09-03,Wednesday,P05,Pain au Chocolat,Pastry,1,3.5,0,3.5,card,in-store,C0105
4638,2025-09-03,Wednesday,P05,Pain au Chocolat,Pastry,1,3.5,0,3.5,card,online,
4639,2025-09-04,Thursday,P08,Chocolate Chip Cookie,Cookie,1,2.0,0,2.0,upi,in-store,C0087
4639,2025-09-04,Thursday,P09,Oatmeal Raisin Cookie,Cookie,1,2.0,0,2.0,upi,in-store,C0087
4640,2025-09-04,Thursday,P12,Bagel - Plain,Bread,2,2.25,0,4.5,upi,online,
4640,2025-09-04,Thursday,P11,Cupcake (single),Cake,1,3.25,0,3.25,upi,online,
4640,2025-09-04,Thursday,P10,Birthday Cake (whole),Cake,1,32.0,0,32.0,upi,online,
4640,2025-09-04,Thursday,P08,Chocolate Chip Cookie,Cookie,1,2.0,0,2.0,upi,online,
4641,2025-09-04,Thursday,P08,Chocolate Chip Cookie,Cookie,1,2.0,0,2.0,upi,online,C0008
4642,2025-09-04,Thursday,P11,Cupcake (single),Cake,1,3.25,0,3.25,upi,in-store,
4642,2025-09-04,Thursday,P06,Cinnamon Roll,Pastry,1,3.75,0,3.75,upi,in-store,
4643,2025-09-04,Thursday,P07,Blueberry Muffin,Pastry,1,2.75,0,2.75,card,online,
4643,2025-09-04,Thursday,P05,Pain au Chocolat,Pastry,1,3.5,0,3.5,card,online,
4644,2025-09-04,Thursday,P12,Bagel - Plain,Bread,1,2.25,0,2.25,card,in-store,
4644,2025-09-04,Thursday,P12,Bagel - Plain,Bread,1,2.25,0,2.25,card,in-store,
4646,2025-09-04,Thursday,P07,Blueberry Muffin,Pastry,1,2.75,0,2.75,card,in-store,C0102
4646,2025-09-04,Thursday,P07,Blueberry Muffin,Pastry,1,2.75,0,2.75,card,in-store,C0102
4647,2025-09-04,Thursday,P02,Baguette,Bread,1,3.25,0,3.25,card,in-store,
4648,2025-09-04,Thursday,P15,Scone - Blueberry,Pastry,1,3.0,0,3.0,upi,in-store,
4648,2025-09-04,Thursday,P05,Pain au Chocolat,Pastry,2,3.5,0,7.0,upi,in-store,
4649,2025-09-04,Thursday,P08,Chocolate Chip Cookie,Cookie,1,2.0,0,2.0,upi,online,C0057
4649,2025-09-04,Thursday,P05,Pain au Chocolat,Pastry,1,3.5,0,3.5,upi,online,C0057
4650,2025-09-04,Thursday,P01,Sourdough Loaf,Bread,2,4.5,0,9.0,cash,catering,
4650,2025-09-04,Thursday,P07,Blueberry Muffin,Pastry,1,2.75,0,2.75,cash,catering,
4653,2025-09-05,Friday,P07,Blueberry Muffin,Pastry,1,2.75,0,2.75,cash,online,C0021
4653,2025-09-05,Friday,P03,Whole Wheat Loaf,Bread,1,4.75,0,4.75,cash,online,C0021
4654,2025-09-05,Friday,P03,Whole Wheat Loaf,Bread,1,4.75,0,4.75,cash,in-store,C0099
4655,2025-09-05,Friday,P05,Pain au Chocolat,Pastry,1,3.5,0,3.5,upi,in-store,C0127
4656,2025-09-05,Friday,P01,Sourdough Loaf,Bread,1,4.5,0,4.5,cash,in-store,C0098
4656,2025-09-05,Friday,P07,Blueberry Muffin,Pastry,1,2.75,0,2.75,cash,in-store,C0098
4656,2025-09-05,Friday,P06,Cinnamon Roll,Pastry,1,3.75,0,3.75,cash,in-store,C0098
4656,2025-09-05,Friday,P09,Oatmeal Raisin Cookie,Cookie,1,2.0,0,2.0,cash,in-store,C0098
4658,2025-09-05,Friday,P09,Oatmeal Raisin Cookie,Cookie,1,2.0,0,2.0,upi,online,
4659,2025-09-05,Friday,P06,Cinnamon Roll,Pastry,3,3.75,0,11.25,cash,in-store,C0080
4659,2025-09-05,Friday,P07,Blueberry Muffin,Pastry,1,2.75,0,2.75,cash,in-store,C0080
4660,2025-09-05,Friday,P03,Whole Wheat Loaf,Bread,1,4.75,0,4.75,upi,in-store,
4660,2025-09-05,Friday,P04,Croissant,Pastry,1,3.0,0,3.0,upi,in-store,
4661,2025-09-05,Friday,P13,Bagel - Everything,Bread,1,2.5,0,2.5,card,in-store,C0006
4663,2025-09-05,Friday,P11,Cupcake (single),Cake,1,3.25,0,3.25,upi,in-store,C0050
4663,2025-09-05,Friday,P05,Pain au Chocolat,Pastry,1,3.5,0,3.5,upi,in-store,C0050
4664,2025-09-05,Friday,P08,Chocolate Chip Cookie,Cookie,1,2.0,0,2.0,cash,in-store,C0010
4664,2025-09-05,Friday,P01,Sourdough Loaf,Bread,1,4.5,0,4.5,cash,in-store,C0010
4664,2025-09-05,Friday,P13,Bagel - Everything,Bread,3,2.5,0,7.5,cash,in-store,C0010
4665,2025-09-05,Friday,P05,Pain au Chocolat,Pastry,1,3.5,0,3.5,cash,in-store,
4665,2025-09-05,Friday,P06,Cinnamon Roll,Pastry,1,3.75,0,3.75,cash,in-store,
4665,2025-09-05,Friday,P04,Croissant,Pastry,1,3.0,0,3.0,cash,in-store,
4666,2025-09-05,Friday,P11,Cupcake (single),Cake,1,3.25,0,3.25,upi,in-store,C0051
4667,2025-09-05,Friday,P11,Cupcake (single),Cake,1,3.25,0,3.25,card,in-store,
4667,2025-09-05,Friday,P01,Sourdough Loaf,Bread,1,4.5,0,4.5,card,in-store,
4668,2025-09-06,Saturday,P14,Rye Loaf,Bread,3,4.9,0,14.7,upi,in-store,C0014
4668,2025-09-06,Saturday,P01,Sourdough Loaf,Bread,1,4.5,0,4.5,upi,in-store,C0014
4668,2025-09-06,Saturday,P07,Blueberry Muffin,Pastry,1,2.75,0,2.75,upi,in-store,C0014
4669,2025-09-06,Saturday,P06,Cinnamon Roll,Pastry,1,3.75,0,3.75,cash,online,
4669,2025-09-06,Saturday,P12,Bagel - Plain,Bread,1,2.25,0,2.25,cash,online,
4669,2025-09-06,Saturday,P10,Birthday Cake (whole),Cake,1,32.0,0,32.0,cash,online,
4670,2025-09-06,Saturday,P13,Bagel - Everything,Bread,1,2.5,0,2.5,card,in-store,C0052
4670,2025-09-06,Saturday,P12,Bagel - Plain,Bread,1,2.25,0,2.25,card,in-store,C0052
4671,2025-09-06,Saturday,P04,Croissant,Pastry,2,3.0,0,6.0,cash,in-store,C0002
4671,2025-09-06,Saturday,P09,Oatmeal Raisin Cookie,Cookie,2,2.0,0,4.0,cash,in-store,C0002
4672,2025-09-06,Saturday,P12,Bagel - Plain,Bread,1,2.25,0,2.25,upi,online,C0010
4673,2025-09-06,Saturday,P05,Pain au Chocolat,Pastry,3,3.5,0,10.5,upi,in-store,C0012
4673,2025-09-06,Saturday,P05,Pain au Chocolat,Pastry,3,3.5,0,10.5,upi,in-store,C0012
4673,2025-09-06,Saturday,P15,Scone - Blueberry,Pastry,1,3.0,0,3.0,upi,in-store,C0012
4674,2025-09-06,Saturday,P09,Oatmeal Raisin Cookie,Cookie,1,2.0,0,2.0,upi,catering,C0100
4675,2025-09-06,Saturday,P05,Pain au Chocolat,Pastry,1,3.5,0,3.5,upi,in-store,
4675,2025-09-06,Saturday,P07,Blueberry Muffin,Pastry,2,2.75,0,5.5,upi,in-store,
4675,2025-09-06,Saturday,P14,Rye Loaf,Bread,1,4.9,0,4.9,upi,in-store,
4676,2025-09-06,Saturday,P01,Sourdough Loaf,Bread,1,4.5,0,4.5,cash,in-store,
4677,2025-09-06,Saturday,P07,Blueberry Muffin,Pastry,1,2.75,0,2.75,upi,in-store,
4677,2025-09-06,Saturday,P07,Blueberry Muffin,Pastry,1,2.75,0,2.75,upi,in-store,
4678,2025-09-06,Saturday,P04,Croissant,Pastry,1,3.0,0,3.0,cash,in-store,C0025
4678,2025-09-06,Saturday,P01,Sourdough Loaf,Bread,3,4.5,0,13.5,cash,in-store,C0025
4678,2025-09-06,Saturday,P01,Sourdough Loaf,Bread,2,4.5,0,9.0,cash,in-store,C0025
4679,2025-09-06,Saturday,P14,Rye Loaf,Bread,1,4.9,0,4.9,card,in-store,
4679,2025-09-06,Saturday,P02,Baguette,Bread,3,3.25,0,9.75,card,in-store,
4679,2025-09-06,Saturday,P08,Chocolate Chip Cookie,Cookie,1,2.0,0,2.0,card,in-store,
4680,2025-09-06,Saturday,P12,Bagel - Plain,Bread,2,2.25,0,4.5,card,catering,C0128
4680,2025-09-06,Saturday,P05,Pain au Chocolat,Pastry,2,3.5,0,7.0,card,catering,C0128
4680,2025-09-06,Saturday,P06,Cinnamon Roll,Pastry,1,3.75,0,3.75,card,catering,C0128
4681,2025-09-06,Saturday,P09,Oatmeal Raisin Cookie,Cookie,1,2.0,0,2.0,cash,in-store,C0105
4681,2025-09-06,Saturday,P14,Rye Loaf,Bread,1,4.9,0,4.9,cash,in-store,C0105
4682,2025-09-06,Saturday,P01,Sourdough Loaf,Bread,1,4.5,0,4.5,upi,in-store,C0034
4683,2025-09-06,Saturday,P08,Chocolate Chip Cookie,Cookie,1,2.0,0,2.0,upi,in-store,C0002
4683,2025-09-06,Saturday,P08,Chocolate Chip Cookie,Cookie,3,2.0,0,6.0,upi,in-store,C0002
4685,2025-09-06,Saturday,P14,Rye Loaf,Bread,1,4.9,0,4.9,cash,in-store,
4686,2025-09-06,Saturday,P14,Rye Loaf,Bread,3,4.9,0,14.7,card,in-store,C0108
4686,2025-09-06,Saturday,P15,Scone - Blueberry,Pastry,1,3.0,0,3.0,card,in-store,C0108
4686,2025-09-06,Saturday,P08,Chocolate Chip Cookie,Cookie,1,2.0,0,2.0,card,in-store,C0108
4687,2025-09-06,Saturday,P05,Pain au Chocolat,Pastry,1,3.5,0,3.5,upi,in-store,
4687,2025-09-06,Saturday,P09,Oatmeal Raisin Cookie,Cookie,3,2.0,0,6.0,upi,in-store,
4688,2025-09-07,Sunday,P09,Oatmeal Raisin Cookie,Cookie,3,2.0,0,6.0,upi,in-store,C0087
4688,2025-09-07,Sunday,P10,Birthday Cake (whole),Cake,1,32.0,0,32.0,upi,in-store,C0087
4688,2025-09-07,Sunday,P08,Chocolate Chip Cookie,Cookie,2,2.0,0,4.0,upi,in-store,C0087
4689,2025-09-07,Sunday,P05,Pain au Chocolat,Pastry,1,3.5,0,3.5,upi,in-store,
4689,2025-09-07,Sunday,P08,Chocolate Chip Cookie,Cookie,1,2.0,0,2.0,upi,in-store,
4691,2025-09-07,Sunday,P04,Croissant,Pastry,1,3.0,0,3.0,cash,in-store,
4691,2025-09-07,Sunday,P01,Sourdough Loaf,Bread,1,4.5,0,4.5,cash,in-store,
4691,2025-09-07,Sunday,P14,Rye Loaf,Bread,2,4.9,0,9.8,cash,in-store,
4692,2025-09-07,Sunday,P08,Chocolate Chip Cookie,Cookie,1,2.0,0,2.0,upi,in-store,
4692,2025-09-07,Sunday,P08,Chocolate Chip Cookie,Cookie,3,2.0,0,6.0,upi,in-store,
4693,2025-09-07,Sunday,P11,Cupcake (single),Cake,1,3.25,0,3.25,card,online,C0098
4695,2025-09-07,Sunday,P06,Cinnamon Roll,Pastry,1,3.75,0,3.75,upi,online,
4696,2025-09-07,Sunday,P03,Whole Wheat Loaf,Bread,3,4.75,0,14.25,cash,in-store,C0068
4697,2025-09-07,Sunday,P04,Croissant,Pastry,1,3.0,0,3.0,card,online,
4698,2025-09-07,Sunday,P12,Bagel - Plain,Bread,1,2.25,0,2.25,upi,in-store,
4699,2025-09-07,Sunday,P14,Rye Loaf,Bread,1,4.9,0,4.9,upi,in-store,
4700,2025-09-07,Sunday,P15,Scone - Blueberry,Pastry,1,3.0,0,3.0,card,in-store,
4700,2025-09-07,Sunday,P13,Bagel - Everything,Bread,2,2.5,0,5.0,card,in-store,
4702,2025-09-07,Sunday,P01,Sourdough Loaf,Bread,1,4.5,0,4.5,cash,online,C0052
4702,2025-09-07,Sunday,P06,Cinnamon Roll,Pastry,1,3.75,0,3.75,cash,online,C0052
4703,2025-09-07,Sunday,P10,Birthday Cake (whole),Cake,1,32.0,0,32.0,upi,online,C0109
4704,2025-09-07,Sunday,P12,Bagel - Plain,Bread,1,2.25,0,2.25,upi,in-store,C0088
4705,2025-09-07,Sunday,P05,Pain au Chocolat,Pastry,3,3.5,0,10.5,card,catering,C0026
4707,2025-09-07,Sunday,P06,Cinnamon Roll,Pastry,1,3.75,0,3.75,cash,in-store,C0118
4708,2025-09-07,Sunday,P05,Pain au Chocolat,Pastry,1,3.5,0,3.5,cash,in-store,C0070
4708,2025-09-07,Sunday,P15,Scone - Blueberry,Pastry,1,3.0,0,3.0,cash,in-store,C0070
4708,2025-09-07,Sunday,P15,Scone - Blueberry,Pastry,1,3.0,0,3.0,cash,in-store,C0070
4709,2025-09-07,Sunday,P02,Baguette,Bread,1,3.25,0,3.25,card,in-store,C0054
4710,2025-09-07,Sunday,P07,Blueberry Muffin,Pastry,1,2.75,0,2.75,upi,in-store,C0075
4711,2025-09-07,Sunday,P05,Pain au Chocolat,Pastry,1,3.5,0,3.5,upi,in-store,
4712,2025-09-08,Monday,P10,Birthday Cake (whole),Cake,1,32.0,0,32.0,upi,in-store,C0023
4712,2025-09-08,Monday,P07,Blueberry Muffin,Pastry,3,2.75,0,8.25,upi,in-store,C0023
4713,2025-09-08,Monday,P08,Chocolate Chip Cookie,Cookie,1,2.0,0,2.0,cash,in-store,C0062
4714,2025-09-08,Monday,P03,Whole Wheat Loaf,Bread,1,4.75,0,4.75,cash,in-store,
4714,2025-09-08,Monday,P15,Scone - Blueberry,Pastry,1,3.0,0,3.0,cash,in-store,
4715,2025-09-08,Monday,P06,Cinnamon Roll,Pastry,1,3.75,0,3.75,upi,online,
4716,2025-09-08,Monday,P08,Chocolate Chip Cookie,Cookie,1,2.0,0,2.0,upi,online,
4717,2025-09-08,Monday,P12,Bagel - Plain,Bread,1,2.25,0,2.25,upi,in-store,C0027
4718,2025-09-08,Monday,P13,Bagel - Everything,Bread,1,2.5,0,2.5,card,in-store,C0097
4718,2025-09-08,Monday,P04,Croissant,Pastry,1,3.0,0,3.0,card,in-store,C0097
4718,2025-09-08,Monday,P09,Oatmeal Raisin Cookie,Cookie,1,2.0,0,2.0,card,in-store,C0097
4719,2025-09-08,Monday,P09,Oatmeal Raisin Cookie,Cookie,1,2.0,0,2.0,upi,in-store,C0021
4720,2025-09-08,Monday,P08,Chocolate Chip Cookie,Cookie,2,2.0,0,4.0,upi,in-store,
4721,2025-09-08,Monday,P14,Rye Loaf,Bread,1,4.9,0,4.9,upi,in-store,
4721,2025-09-08,Monday,P11,Cupcake (single),Cake,1,3.25,0,3.25,upi,in-store,
4721,2025-09-08,Monday,P07,Blueberry Muffin,Pastry,3,2.75,0,8.25,upi,in-store,
4722,2025-09-09,Tuesday,P12,Bagel - Plain,Bread,1,2.25,0,2.25,card,in-store,
4723,2025-09-09,Tuesday,P01,Sourdough Loaf,Bread,1,4.5,0,4.5,upi,in-store,
4724,2025-09-09,Tuesday,P10,Birthday Cake (whole),Cake,1,32.0,0,32.0,cash,in-store,C0001
4724,2025-09-09,Tuesday,P04,Croissant,Pastry,1,3.0,0,3.0,cash,in-store,C0001
4725,2025-09-09,Tuesday,P05,Pain au Chocolat,Pastry,1,3.5,0,3.5,card,in-store,C0012
4726,2025-09-09,Tuesday,P03,Whole Wheat Loaf,Bread,3,4.75,0,14.25,upi,in-store,C0004
4726,2025-09-09,Tuesday,P12,Bagel - Plain,Bread,1,2.25,0,2.25,upi,in-store,C0004
4726,2025-09-09,Tuesday,P07,Blueberry Muffin,Pastry,1,2.75,0,2.75,upi,in-store,C0004
4726,2025-09-09,Tuesday,P12,Bagel - Plain,Bread,3,2.25,0,6.75,upi,in-store,C0004
4727,2025-09-09,Tuesday,P12,Bagel - Plain,Bread,1,2.25,0,2.25,cash,in-store,
4727,2025-09-09,Tuesday,P10,Birthday Cake (whole),Cake,1,32.0,0,32.0,cash,in-store,
4727,2025-09-09,Tuesday,P11,Cupcake (single),Cake,1,3.25,0,3.25,cash,in-store,
4727,2025-09-09,Tuesday,P01,Sourdough Loaf,Bread,3,4.5,0,13.5,cash,in-store,
4728,2025-09-09,Tuesday,P15,Scone - Blueberry,Pastry,2,3.0,0,6.0,cash,in-store,C0038
4729,2025-09-09,Tuesday,P14,Rye Loaf,Bread,3,4.9,0,14.7,upi,in-store,
4729,2025-09-09,Tuesday,P04,Croissant,Pastry,1,3.0,0,3.0,upi,in-store,
4730,2025-09-09,Tuesday,P13,Bagel - Everything,Bread,1,2.5,0,2.5,cash,in-store,
4730,2025-09-09,Tuesday,P10,Birthday Cake (whole),Cake,1,32.0,0,32.0,cash,in-store,
4730,2025-09-09,Tuesday,P06,Cinnamon Roll,Pastry,1,3.75,0,3.75,cash,in-store,
4730,2025-09-09,Tuesday,P14,Rye Loaf,Bread,1,4.9,0,4.9,cash,in-store,
4731,2025-09-09,Tuesday,P15,Scone - Blueberry,Pastry,1,3.0,0,3.0,cash,online,C0067
4732,2025-09-09,Tuesday,P14,Rye Loaf,Bread,1,4.9,0,4.9,upi,in-store,C0037
4732,2025-09-09,Tuesday,P10,Birthday Cake (whole),Cake,1,32.0,0,32.0,upi,in-store,C0037
4733,2025-09-09,Tuesday,P04,Croissant,Pastry,1,3.0,0,3.0,upi,online,
4734,2025-09-09,Tuesday,P12,Bagel - Plain,Bread,1,2.25,0,2.25,upi,in-store,C0031
4735,2025-09-09,Tuesday,P08,Chocolate Chip Cookie,Cookie,1,2.0,0,2.0,upi,in-store,C0103
4736,2025-09-09,Tuesday,P13,Bagel - Everything,Bread,1,2.5,0,2.5,cash,in-store,C0088
4737,2025-09-09,Tuesday,P14,Rye Loaf,Bread,1,4.9,0,4.9,upi,in-store,
4737,2025-09-09,Tuesday,P05,Pain au Chocolat,Pastry,1,3.5,0,3.5,upi,in-store,
4737,2025-09-09,Tuesday,P08,Chocolate Chip Cookie,Cookie,1,2.0,0,2.0,upi,in-store,
4739,2025-09-09,Tuesday,P03,Whole Wheat Loaf,Bread,2,4.75,0,9.5,upi,in-store,C0061
4741,2025-09-10,Wednesday,P10,Birthday Cake (whole),Cake,1,32.0,0,32.0,card,in-store,C0048
4742,2025-09-10,Wednesday,P14,Rye Loaf,Bread,1,4.9,0,4.9,upi,online,C0019
4742,2025-09-10,Wednesday,P02,Baguette,Bread,1,3.25,0,3.25,upi,online,C0019
4743,2025-09-10,Wednesday,P09,Oatmeal Raisin Cookie,Cookie,2,2.0,0,4.0,cash,online,C0068
4744,2025-09-10,Wednesday,P15,Scone - Blueberry,Pastry,1,3.0,0,3.0,upi,in-store,
4746,2025-09-10,Wednesday,P02,Baguette,Bread,3,3.25,0,9.75,upi,online,
4746,2025-09-10,Wednesday,P05,Pain au Chocolat,Pastry,1,3.5,0,3.5,upi,online,
4746,2025-09-10,Wednesday,P06,Cinnamon Roll,Pastry,1,3.75,0,3.75,upi,online,
4747,2025-09-10,Wednesday,P10,Birthday Cake (whole),Cake,1,32.0,0,32.0,cash,in-store,C0119
4748,2025-09-10,Wednesday,P06,Cinnamon Roll,Pastry,1,3.75,0,3.75,card,in-store,C0102
4748,2025-09-10,Wednesday,P05,Pain au Chocolat,Pastry,1,3.5,0,3.5,card,in-store,C0102
4750,2025-09-10,Wednesday,P09,Oatmeal Raisin Cookie,Cookie,1,2.0,0,2.0,upi,online,C0119
4751,2025-09-10,Wednesday,P12,Bagel - Plain,Bread,1,2.25,0,2.25,upi,online,
4752,2025-09-10,Wednesday,P07,Blueberry Muffin,Pastry,1,2.75,0,2.75,upi,in-store,
4753,2025-09-10,Wednesday,P15,Scone - Blueberry,Pastry,1,3.0,0,3.0,cash,in-store,C0066
4754,2025-09-11,Thursday,P08,Chocolate Chip Cookie,Cookie,1,2.0,0,2.0,cash,in-store,C0085
4754,2025-09-11,Thursday,P04,Croissant,Pastry,1,3.0,0,3.0,cash,in-store,C0085
4755,2025-09-11,Thursday,P02,Baguette,Bread,1,3.25,0,3.25,card,online,
4756,2025-09-11,Thursday,P04,Croissant,Pastry,3,3.0,0,9.0,card,in-store,C0031
4757,2025-09-11,Thursday,P11,Cupcake (single),Cake,1,3.25,0,3.25,cash,in-store,C0081
4759,2025-09-11,Thursday,P11,Cupcake (single),Cake,1,3.25,0,3.25,cash,in-store,C0088
4759,2025-09-11,Thursday,P10,Birthday Cake (whole),Cake,1,32.0,0,32.0,cash,in-store,C0088
4759,2025-09-11,Thursday,P09,Oatmeal Raisin Cookie,Cookie,1,2.0,0,2.0,cash,in-store,C0088
4759,2025-09-11,Thursday,P03,Whole Wheat Loaf,Bread,1,4.75,0,4.75,cash,in-store,C0088
4760,2025-09-11,Thursday,P07,Blueberry Muffin,Pastry,3,2.75,0,8.25,cash,in-store,C0095
4761,2025-09-11,Thursday,P11,Cupcake (single),Cake,1,3.25,0,3.25,upi,in-store,C0010
4761,2025-09-11,Thursday,P08,Chocolate Chip Cookie,Cookie,1,2.0,0,2.0,upi,in-store,C0010
4762,2025-09-11,Thursday,P02,Baguette,Bread,2,3.25,0,6.5,card,in-store,C0127
4762,2025-09-11,Thursday,P04,Croissant,Pastry,1,3.0,0,3.0,card,in-store,C0127
4763,2025-09-12,Friday,P06,Cinnamon Roll,Pastry,3,3.75,0,11.25,upi,in-store,
4763,2025-09-12,Friday,P14,Rye Loaf,Bread,3,4.9,0,14.7,upi,in-store,
4763,2025-09-12,Friday,P14,Rye Loaf,Bread,2,4.9,0,9.8,upi,in-store,
4765,2025-09-12,Friday,P05,Pain au Chocolat,Pastry,1,3.5,0,3.5,cash,in-store,
4766,2025-09-12,Friday,P04,Croissant,Pastry,1,3.0,0,3.0,upi,in-store,C0077
4766,2025-09-12,Friday,P09,Oatmeal Raisin Cookie,Cookie,1,2.0,0,2.0,upi,in-store,C0077
4767,2025-09-12,Friday,P01,Sourdough Loaf,Bread,1,4.5,0,4.5,cash,in-store,
4767,2025-09-12,Friday,P08,Chocolate Chip Cookie,Cookie,2,2.0,0,4.0,cash,in-store,
4767,2025-09-12,Friday,P04,Croissant,Pastry,1,3.0,0,3.0,cash,in-store,
4767,2025-09-12,Friday,P03,Whole Wheat Loaf,Bread,1,4.75,0,4.75,cash,in-store,
4768,2025-09-12,Friday,P07,Blueberry Muffin,Pastry,2,2.75,0,5.5,upi,in-store,C0062
4769,2025-09-12,Friday,P09,Oatmeal Raisin Cookie,Cookie,1,2.0,0,2.0,upi,in-store,
4770,2025-09-12,Friday,P03,Whole Wheat Loaf,Bread,2,4.75,0,9.5,upi,in-store,
4771,2025-09-12,Friday,P03,Whole Wheat Loaf,Bread,1,4.75,0,4.75,upi,in-store,C0054
4771,2025-09-12,Friday,P08,Chocolate Chip Cookie,Cookie,1,2.0,0,2.0,upi,in-store,C0054
4771,2025-09-12,Friday,P09,Oatmeal Raisin Cookie,Cookie,2,2.0,0,4.0,upi,in-store,C0054
4771,2025-09-12,Friday,P02,Baguette,Bread,1,3.25,0,3.25,upi,in-store,C0054
4772,2025-09-12,Friday,P06,Cinnamon Roll,Pastry,1,3.75,0,3.75,upi,in-store,C0078
4773,2025-09-12,Friday,P08,Chocolate Chip Cookie,Cookie,1,2.0,0,2.0,card,in-store,C0003
4775,2025-09-12,Friday,P02,Baguette,Bread,1,3.25,0,3.25,upi,online,C0056
4776,2025-09-12,Friday,P04,Croissant,Pastry,2,3.0,0,6.0,upi,in-store,
4777,2025-09-12,Friday,P08,Chocolate Chip Cookie,Cookie,1,2.0,0,2.0,upi,in-store,C0033
4777,2025-09-12,Friday,P12,Bagel - Plain,Bread,1,2.25,0,2.25,upi,in-store,C0033
4778,2025-09-12,Friday,P14,Rye Loaf,Bread,1,4.9,0,4.9,cash,online,C0028
4779,2025-09-13,Saturday,P05,Pain au Chocolat,Pastry,1,3.5,0,3.5,card,in-store,C0051
4780,2025-09-13,Saturday,P03,Whole Wheat Loaf,Bread,1,4.75,0,4.75,upi,catering,
4781,2025-09-13,Saturday,P13,Bagel - Everything,Bread,1,2.5,0,2.5,card,in-store,C0023
4782,2025-09-13,Saturday,P11,Cupcake (single),Cake,1,3.25,0,3.25,upi,in-store,
4782,2025-09-13,Saturday,P12,Bagel - Plain,Bread,1,2.25,0,2.25,upi,in-store,
4783,2025-09-13,Saturday,P02,Baguette,Bread,1,3.25,0,3.25,card,in-store,C0047
4783,2025-09-13,Saturday,P14,Rye Loaf,Bread,1,4.9,0,4.9,card,in-store,C0047
4785,2025-09-13,Saturday,P07,Blueberry Muffin,Pastry,1,2.75,0,2.75,card,in-store,C0041
4786,2025-09-13,Saturday,P15,Scone - Blueberry,Pastry,1,3.0,0,3.0,cash,online,
4787,2025-09-13,Saturday,P05,Pain au Chocolat,Pastry,1,3.5,0,3.5,upi,online,
4788,2025-09-13,Saturday,P08,Chocolate Chip Cookie,Cookie,1,2.0,0,2.0,cash,in-store,C0080
4790,2025-09-13,Saturday,P04,Croissant,Pastry,1,3.0,0,3.0,upi,in-store,C0028
4791,2025-09-13,Saturday,P06,Cinnamon Roll,Pastry,1,3.75,0,3.75,upi,in-store,C0065
4792,2025-09-13,Saturday,P11,Cupcake (single),Cake,1,3.25,0,3.25,upi,in-store,C0077
4793,2025-09-13,Saturday,P03,Whole Wheat Loaf,Bread,1,4.75,0,4.75,cash,in-store,C0045
4793,2025-09-13,Saturday,P08,Chocolate Chip Cookie,Cookie,3,2.0,0,6.0,cash,in-store,C0045
4794,2025-09-13,Saturday,P12,Bagel - Plain,Bread,1,2.25,0,2.25,upi,in-store,C0103
4795,2025-09-13,Saturday,P05,Pain au Chocolat,Pastry,1,3.5,0,3.5,upi,in-store,C0067
4797,2025-09-13,Saturday,P13,Bagel - Everything,Bread,1,2.5,0,2.5,cash,online,
4798,2025-09-13,Saturday,P13,Bagel - Everything,Bread,1,2.5,0,2.5,upi,in-store,C0042
4798,2025-09-13,Saturday,P08,Chocolate Chip Cookie,Cookie,1,2.0,0,2.0,upi,in-store,C0042
4799,2025-09-13,Saturday,P13,Bagel - Everything,Bread,1,2.5,0,2.5,cash,online,C0104
4800,2025-09-13,Saturday,P12,Bagel - Plain,Bread,1,2.25,0,2.25,cash,in-store,
4800,2025-09-13,Saturday,P05,Pain au Chocolat,Pastry,1,3.5,0,3.5,cash,in-store,
4801,2025-09-13,Saturday,P06,Cinnamon Roll,Pastry,1,3.75,0,3.75,upi,in-store,
4802,2025-09-13,Saturday,P12,Bagel - Plain,Bread,1,2.25,0,2.25,upi,catering,
4802,2025-09-13,Saturday,P09,Oatmeal Raisin Cookie,Cookie,1,2.0,0,2.0,upi,catering,
4803,2025-09-13,Saturday,P07,Blueberry Muffin,Pastry,1,2.75,0,2.75,upi,in-store,C0046
4803,2025-09-13,Saturday,P10,Birthday Cake (whole),Cake,1,32.0,0,32.0,upi,in-store,C0046
4804,2025-09-14,Sunday,P06,Cinnamon Roll,Pastry,3,3.75,0,11.25,card,online,
4804,2025-09-14,Sunday,P03,Whole Wheat Loaf,Bread,1,4.75,0,4.75,card,online,
4805,2025-09-14,Sunday,P13,Bagel - Everything,Bread,1,2.5,0,2.5,card,in-store,C0085
4805,2025-09-14,Sunday,P14,Rye Loaf,Bread,3,4.9,0,14.7,card,in-store,C0085
4805,2025-09-14,Sunday,P12,Bagel - Plain,Bread,1,2.25,0,2.25,card,in-store,C0085
4806,2025-09-14,Sunday,P14,Rye Loaf,Bread,1,4.9,0,4.9,cash,in-store,C0091
4806,2025-09-14,Sunday,P14,Rye Loaf,Bread,1,4.9,0,4.9,cash,in-store,C0091
4807,2025-09-14,Sunday,P05,Pain au Chocolat,Pastry,1,3.5,0,3.5,upi,in-store,C0109
4808,2025-09-14,Sunday,P05,Pain au Chocolat,Pastry,1,3.5,0,3.5,upi,in-store,C0045
4809,2025-09-14,Sunday,P01,Sourdough Loaf,Bread,1,4.5,0,4.5,upi,in-store,
4810,2025-09-14,Sunday,P10,Birthday Cake (whole),Cake,1,32.0,0,32.0,cash,in-store,C0019
4810,2025-09-14,Sunday,P05,Pain au Chocolat,Pastry,1,3.5,0,3.5,cash,in-store,C0019
4811,2025-09-14,Sunday,P15,Scone - Blueberry,Pastry,1,3.0,0,3.0,card,in-store,C0120
4811,2025-09-14,Sunday,P03,Whole Wheat Loaf,Bread,1,4.75,0,4.75,card,in-store,C0120
4811,2025-09-14,Sunday,P09,Oatmeal Raisin Cookie,Cookie,1,2.0,0,2.0,card,in-store,C0120
4812,2025-09-14,Sunday,P07,Blueberry Muffin,Pastry,1,2.75,0,2.75,card,in-store,
4814,2025-09-14,Sunday,P04,Croissant,Pastry,1,3.0,0,3.0,upi,in-store,C0084
4815,2025-09-14,Sunday,P01,Sourdough Loaf,Bread,1,4.5,0,4.5,cash,in-store,C0040
4817,2025-09-14,Sunday,P14,Rye Loaf,Bread,1,4.9,0,4.9,upi,in-store,C0056
4817,2025-09-14,Sunday,P04,Croissant,Pastry,2,3.0,0,6.0,upi,in-store,C0056
4817,2025-09-14,Sunday,P04,Croissant,Pastry,1,3.0,0,3.0,upi,in-store,C0056
4818,2025-09-14,Sunday,P06,Cinnamon Roll,Pastry,2,3.75,0,7.5,cash,in-store,C0075
4819,2025-09-14,Sunday,P04,Croissant,Pastry,2,3.0,0,6.0,upi,online,
4819,2025-09-14,Sunday,P15,Scone - Blueberry,Pastry,1,3.0,0,3.0,upi,online,
4819,2025-09-14,Sunday,P11,Cupcake (single),Cake,1,3.25,0,3.25,upi,online,
4820,2025-09-14,Sunday,P10,Birthday Cake (whole),Cake,1,32.0,0,32.0,cash,in-store,C0099
4821,2025-09-14,Sunday,P15,Scone - Blueberry,Pastry,3,3.0,0,9.0,cash,catering,
4822,2025-09-14,Sunday,P09,Oatmeal Raisin Cookie,Cookie,2,2.0,0,4.0,upi,in-store,
4822,2025-09-14,Sunday,P03,Whole Wheat Loaf,Bread,2,4.75,0,9.5,upi,in-store,
4822,2025-09-14,Sunday,P05,Pain au Chocolat,Pastry,1,3.5,0,3.5,upi,in-store,
4823,2025-09-14,Sunday,P15,Scone - Blueberry,Pastry,3,3.0,0,9.0,card,in-store,C0065
4824,2025-09-14,Sunday,P10,Birthday Cake (whole),Cake,1,32.0,0,32.0,card,in-store,C0075
4824,2025-09-14,Sunday,P09,Oatmeal Raisin Cookie,Cookie,1,2.0,0,2.0,card,in-store,C0075
4825,2025-09-14,Sunday,P10,Birthday Cake (whole),Cake,1,32.0,0,32.0,upi,in-store,C0094
4825,2025-09-14,Sunday,P09,Oatmeal Raisin Cookie,Cookie,1,2.0,0,2.0,upi,in-store,C0094
4826,2025-09-14,Sunday,P04,Croissant,Pastry,1,3.0,0,3.0,cash,in-store,
4827,2025-09-14,Sunday,P07,Blueberry Muffin,Pastry,3,2.75,0,8.25,upi,in-store,
4827,2025-09-14,Sunday,P12,Bagel - Plain,Bread,1,2.25,0,2.25,upi,in-store,
4829,2025-09-14,Sunday,P02,Baguette,Bread,3,3.25,0,9.75,cash,in-store,C0104
4830,2025-09-14,Sunday,P15,Scone - Blueberry,Pastry,1,3.0,0,3.0,upi,in-store,C0080
4830,2025-09-14,Sunday,P13,Bagel - Everything,Bread,3,2.5,0,7.5,upi,in-store,C0080
4831,2025-09-15,Monday,P08,Chocolate Chip Cookie,Cookie,1,2.0,0,2.0,card,online,
4831,2025-09-15,Monday,P07,Blueberry Muffin,Pastry,1,2.75,0,2.75,card,online,
4831,2025-09-15,Monday,P02,Baguette,Bread,1,3.25,0,3.25,card,online,
4831,2025-09-15,Monday,P08,Chocolate Chip Cookie,Cookie,1,2.0,0,2.0,card,online,
4832,2025-09-15,Monday,P07,Blueberry Muffin,Pastry,1,2.75,0,2.75,upi,online,
4834,2025-09-15,Monday,P03,Whole Wheat Loaf,Bread,1,4.75,0,4.75,cash,catering,C0097
4834,2025-09-15,Monday,P13,Bagel - Everything,Bread,1,2.5,0,2.5,cash,catering,C0097
4835,2025-09-15,Monday,P09,Oatmeal Raisin Cookie,Cookie,1,2.0,0,2.0,cash,in-store,
4837,2025-09-15,Monday,P06,Cinnamon Roll,Pastry,3,3.75,0,11.25,card,in-store,
4838,2025-09-15,Monday,P14,Rye Loaf,Bread,1,4.9,0,4.9,cash,in-store,
4838,2025-09-15,Monday,P10,Birthday Cake (whole),Cake,1,32.0,0,32.0,cash,in-store,
4839,2025-09-15,Monday,P15,Scone - Blueberry,Pastry,1,3.0,0,3.0,upi,online,C0107
4840,2025-09-15,Monday,P15,Scone - Blueberry,Pastry,1,3.0,0,3.0,upi,in-store,
4840,2025-09-15,Monday,P07,Blueberry Muffin,Pastry,3,2.75,0,8.25,upi,in-store,
4840,2025-09-15,Monday,P09,Oatmeal Raisin Cookie,Cookie,1,2.0,0,2.0,upi,in-store,
4840,2025-09-15,Monday,P04,Croissant,Pastry,1,3.0,0,3.0,upi,in-store,
4841,2025-09-15,Monday,P04,Croissant,Pastry,3,3.0,0,9.0,upi,in-store,C0071
4842,2025-09-15,Monday,P09,Oatmeal Raisin Cookie,Cookie,1,2.0,0,2.0,upi,in-store,C0126
4843,2025-09-15,Monday,P15,Scone - Blueberry,Pastry,1,3.0,0,3.0,upi,online,C0010
4844,2025-09-15,Monday,P03,Whole Wheat Loaf,Bread,1,4.75,0,4.75,card,in-store,
4845,2025-09-15,Monday,P09,Oatmeal Raisin Cookie,Cookie,1,2.0,0,2.0,upi,in-store,C0072
4846,2025-09-15,Monday,P04,Croissant,Pastry,2,3.0,0,6.0,upi,in-store,
4847,2025-09-16,Tuesday,P09,Oatmeal Raisin Cookie,Cookie,1,2.0,0,2.0,card,in-store,C0011
4847,2025-09-16,Tuesday,P12,Bagel - Plain,Bread,3,2.25,0,6.75,card,in-store,C0011
4848,2025-09-16,Tuesday,P11,Cupcake (single),Cake,1,3.25,0,3.25,cash,in-store,
4848,2025-09-16,Tuesday,P01,Sourdough Loaf,Bread,1,4.5,0,4.5,cash,in-store,
4849,2025-09-16,Tuesday,P05,Pain au Chocolat,Pastry,2,3.5,0,7.0,cash,in-store,C0125
4849,2025-09-16,Tuesday,P07,Blueberry Muffin,Pastry,1,2.75,0,2.75,cash,in-store,C0125
4849,2025-09-16,Tuesday,P03,Whole Wheat Loaf,Bread,2,4.75,0,9.5,cash,in-store,C0125
4850,2025-09-16,Tuesday,P14,Rye Loaf,Bread,1,4.9,0,4.9,card,in-store,
4850,2025-09-16,Tuesday,P07,Blueberry Muffin,Pastry,1,2.75,0,2.75,card,in-store,
4851,2025-09-16,Tuesday,P08,Chocolate Chip Cookie,Cookie,1,2.0,0,2.0,cash,in-store,
4852,2025-09-16,Tuesday,P08,Chocolate Chip Cookie,Cookie,3,2.0,0,6.0,cash,in-store,C0084
4852,2025-09-16,Tuesday,P14,Rye Loaf,Bread,1,4.9,0,4.9,cash,in-store,C0084
4853,2025-09-17,Wednesday,P14,Rye Loaf,Bread,1,4.9,0,4.9,upi,in-store,
4853,2025-09-17,Wednesday,P05,Pain au Chocolat,Pastry,1,3.5,0,3.5,upi,in-store,
4855,2025-09-17,Wednesday,P09,Oatmeal Raisin Cookie,Cookie,1,2.0,0,2.0,cash,in-store,C0001
4856,2025-09-17,Wednesday,P15,Scone - Blueberry,Pastry,1,3.0,0,3.0,cash,in-store,
4857,2025-09-17,Wednesday,P14,Rye Loaf,Bread,1,4.9,0,4.9,card,catering,C0025
4857,2025-09-17,Wednesday,P10,Birthday Cake (whole),Cake,1,32.0,0,32.0,card,catering,C0025
4858,2025-09-17,Wednesday,P15,Scone - Blueberry,Pastry,1,3.0,0,3.0,card,in-store,C0055
4860,2025-09-17,Wednesday,P13,Bagel - Everything,Bread,2,2.5,0,5.0,cash,in-store,
4861,2025-09-17,Wednesday,P01,Sourdough Loaf,Bread,3,4.5,0,13.5,upi,in-store,
4861,2025-09-17,Wednesday,P03,Whole Wheat Loaf,Bread,1,4.75,0,4.75,upi,in-store,
4862,2025-09-17,Wednesday,P08,Chocolate Chip Cookie,Cookie,1,2.0,0,2.0,cash,in-store,C0033
4862,2025-09-17,Wednesday,P15,Scone - Blueberry,Pastry,1,3.0,0,3.0,cash,in-store,C0033
4864,2025-09-17,Wednesday,P14,Rye Loaf,Bread,1,4.9,0,4.9,card,in-store,
4864,2025-09-17,Wednesday,P05,Pain au Chocolat,Pastry,1,3.5,0,3.5,card,in-store,
4864,2025-09-17,Wednesday,P06,Cinnamon Roll,Pastry,1,3.75,0,3.75,card,in-store,
4865,2025-09-17,Wednesday,P08,Chocolate Chip Cookie,Cookie,3,2.0,0,6.0,upi,in-store,C0079
4866,2025-09-17,Wednesday,P11,Cupcake (single),Cake,1,3.25,0,3.25,upi,in-store,
4867,2025-09-17,Wednesday,P08,Chocolate Chip Cookie,Cookie,2,2.0,0,4.0,card,in-store,
4867,2025-09-17,Wednesday,P04,Croissant,Pastry,1,3.0,0,3.0,card,in-store,
4868,2025-09-18,Thursday,P10,Birthday Cake (whole),Cake,1,32.0,0,32.0,upi,in-store,
4869,2025-09-18,Thursday,P02,Baguette,Bread,1,3.25,0,3.25,upi,online,
4870,2025-09-18,Thursday,P13,Bagel - Everything,Bread,3,2.5,0,7.5,cash,in-store,C0039
4870,2025-09-18,Thursday,P14,Rye Loaf,Bread,1,4.9,0,4.9,cash,in-store,C0039
4871,2025-09-18,Thursday,P09,Oatmeal Raisin Cookie,Cookie,2,2.0,0,4.0,card,in-store,C0108
4871,2025-09-18,Thursday,P10,Birthday Cake (whole),Cake,1,32.0,0,32.0,card,in-store,C0108
4871,2025-09-18,Thursday,P02,Baguette,Bread,1,3.25,0,3.25,card,in-store,C0108
4872,2025-09-18,Thursday,P02,Baguette,Bread,1,3.25,0,3.25,cash,in-store,C0085
4872,2025-09-18,Thursday,P12,Bagel - Plain,Bread,1,2.25,0,2.25,cash,in-store,C0085
4873,2025-09-18,Thursday,P13,Bagel - Everything,Bread,1,2.5,0,2.5,upi,in-store,C0111
4873,2025-09-18,Thursday,P08,Chocolate Chip Cookie,Cookie,1,2.0,0,2.0,upi,in-store,C0111
4874,2025-09-18,Thursday,P08,Chocolate Chip Cookie,Cookie,1,2.0,0,2.0,upi,in-store,C0054
4875,2025-09-18,Thursday,P14,Rye Loaf,Bread,1,4.9,0,4.9,card,in-store,C0080
4876,2025-09-18,Thursday,P02,Baguette,Bread,1,3.25,0,3.25,upi,in-store,
4876,2025-09-18,Thursday,P05,Pain au Chocolat,Pastry,2,3.5,0,7.0,upi,in-store,
4877,2025-09-18,Thursday,P11,Cupcake (single),Cake,1,3.25,0,3.25,upi,in-store,C0099
4878,2025-09-18,Thursday,P02,Baguette,Bread,1,3.25,0,3.25,upi,in-store,
4879,2025-09-18,Thursday,P14,Rye Loaf,Bread,1,4.9,0,4.9,upi,in-store,
4880,2025-09-18,Thursday,P09,Oatmeal Raisin Cookie,Cookie,3,2.0,0,6.0,cash,in-store,C0014
4880,2025-09-18,Thursday,P08,Chocolate Chip Cookie,Cookie,1,2.0,0,2.0,cash,in-store,C0014
4880,2025-09-18,Thursday,P10,Birthday Cake (whole),Cake,1,32.0,0,32.0,cash,in-store,C0014
4881,2025-09-19,Friday,P14,Rye Loaf,Bread,1,4.9,0,4.9,upi,in-store,
4882,2025-09-19,Friday,P15,Scone - Blueberry,Pastry,1,3.0,0,3.0,upi,in-store,
4882,2025-09-19,Friday,P14,Rye Loaf,Bread,2,4.9,0,9.8,upi,in-store,
4883,2025-09-19,Friday,P01,Sourdough Loaf,Bread,3,4.5,0,13.5,upi,in-store,C0052
4884,2025-09-19,Friday,P07,Blueberry Muffin,Pastry,1,2.75,0,2.75,upi,in-store,
4884,2025-09-19,Friday,P09,Oatmeal Raisin Cookie,Cookie,2,2.0,0,4.0,upi,in-store,
4884,2025-09-19,Friday,P05,Pain au Chocolat,Pastry,1,3.5,0,3.5,upi,in-store,
4884,2025-09-19,Friday,P09,Oatmeal Raisin Cookie,Cookie,1,2.0,0,2.0,upi,in-store,
4885,2025-09-19,Friday,P08,Chocolate Chip Cookie,Cookie,1,2.0,0,2.0,card,in-store,
4885,2025-09-19,Friday,P03,Whole Wheat Loaf,Bread,1,4.75,0,4.75,card,in-store,
4886,2025-09-19,Friday,P14,Rye Loaf,Bread,3,4.9,0,14.7,upi,in-store,
4888,2025-09-19,Friday,P05,Pain au Chocolat,Pastry,3,3.5,0,10.5,card,in-store,C0035
4888,2025-09-19,Friday,P04,Croissant,Pastry,1,3.0,0,3.0,card,in-store,C0035
4888,2025-09-19,Friday,P04,Croissant,Pastry,1,3.0,0,3.0,card,in-store,C0035
4888,2025-09-19,Friday,P13,Bagel - Everything,Bread,1,2.5,0,2.5,card,in-store,C0035
4889,2025-09-19,Friday,P07,Blueberry Muffin,Pastry,2,2.75,0,5.5,card,in-store,C0030
4890,2025-09-19,Friday,P04,Croissant,Pastry,1,3.0,0,3.0,upi,in-store,C0079
4890,2025-09-19,Friday,P10,Birthday Cake (whole),Cake,1,32.0,0,32.0,upi,in-store,C0079
4890,2025-09-19,Friday,P13,Bagel - Everything,Bread,1,2.5,0,2.5,upi,in-store,C0079
4891,2025-09-19,Friday,P07,Blueberry Muffin,Pastry,1,2.75,0,2.75,upi,in-store,C0124
4892,2025-09-19,Friday,P12,Bagel - Plain,Bread,2,2.25,0,4.5,upi,in-store,
4892,2025-09-19,Friday,P08,Chocolate Chip Cookie,Cookie,1,2.0,0,2.0,upi,in-store,
4892,2025-09-19,Friday,P12,Bagel - Plain,Bread,1,2.25,0,2.25,upi,in-store,
4893,2025-09-20,Saturday,P09,Oatmeal Raisin Cookie,Cookie,1,2.0,0,2.0,upi,in-store,
4893,2025-09-20,Saturday,P03,Whole Wheat Loaf,Bread,3,4.75,0,14.25,upi,in-store,
4894,2025-09-20,Saturday,P05,Pain au Chocolat,Pastry,3,3.5,0,10.5,card,online,C0105
4894,2025-09-20,Saturday,P12,Bagel - Plain,Bread,3,2.25,0,6.75,card,online,C0105
4894,2025-09-20,Saturday,P06,Cinnamon Roll,Pastry,1,3.75,0,3.75,card,online,C0105
4895,2025-09-20,Saturday,P09,Oatmeal Raisin Cookie,Cookie,1,2.0,0,2.0,upi,in-store,C0074
4895,2025-09-20,Saturday,P09,Oatmeal Raisin Cookie,Cookie,1,2.0,0,2.0,upi,in-store,C0074
4895,2025-09-20,Saturday,P08,Chocolate Chip Cookie,Cookie,2,2.0,0,4.0,upi,in-store,C0074
4896,2025-09-20,Saturday,P13,Bagel - Everything,Bread,1,2.5,0,2.5,upi,in-store,C0060
4896,2025-09-20,Saturday,P13,Bagel - Everything,Bread,1,2.5,0,2.5,upi,in-store,C0060
4896,2025-09-20,Saturday,P02,Baguette,Bread,3,3.25,0,9.75,upi,in-store,C0060
4896,2025-09-20,Saturday,P05,Pain au Chocolat,Pastry,1,3.5,0,3.5,upi,in-store,C0060
4897,2025-09-20,Saturday,P02,Baguette,Bread,1,3.25,0,3.25,upi,in-store,C0056
4897,2025-09-20,Saturday,P14,Rye Loaf,Bread,1,4.9,0,4.9,upi,in-store,C0056
4897,2025-09-20,Saturday,P04,Croissant,Pastry,1,3.0,0,3.0,upi,in-store,C0056
4897,2025-09-20,Saturday,P03,Whole Wheat Loaf,Bread,1,4.75,0,4.75,upi,in-store,C0056
4898,2025-09-20,Saturday,P05,Pain au Chocolat,Pastry,2,3.5,0,7.0,upi,in-store,C0027
4899,2025-09-20,Saturday,P05,Pain au Chocolat,Pastry,2,3.5,0,7.0,cash,in-store,C0096
4899,2025-09-20,Saturday,P05,Pain au Chocolat,Pastry,1,3.5,0,3.5,cash,in-store,C0096
4900,2025-09-20,Saturday,P13,Bagel - Everything,Bread,1,2.5,0,2.5,cash,in-store,C0035
4901,2025-09-20,Saturday,P09,Oatmeal Raisin Cookie,Cookie,1,2.0,0,2.0,upi,in-store,
4902,2025-09-20,Saturday,P05,Pain au Chocolat,Pastry,2,3.5,0,7.0,upi,in-store,
4902,2025-09-20,Saturday,P13,Bagel - Everything,Bread,1,2.5,0,2.5,upi,in-store,
4902,2025-09-20,Saturday,P06,Cinnamon Roll,Pastry,1,3.75,0,3.75,upi,in-store,
4903,2025-09-20,Saturday,P05,Pain au Chocolat,Pastry,1,3.5,0,3.5,upi,in-store,C0075
4903,2025-09-20,Saturday,P03,Whole Wheat Loaf,Bread,2,4.75,0,9.5,upi,in-store,C0075
4905,2025-09-20,Saturday,P14,Rye Loaf,Bread,2,4.9,0,9.8,cash,in-store,C0026
4906,2025-09-20,Saturday,P13,Bagel - Everything,Bread,1,2.5,0,2.5,upi,in-store,C0090
4906,2025-09-20,Saturday,P10,Birthday Cake (whole),Cake,1,32.0,0,32.0,upi,in-store,C0090
4906,2025-09-20,Saturday,P15,Scone - Blueberry,Pastry,1,3.0,0,3.0,upi,in-store,C0090
4907,2025-09-20,Saturday,P05,Pain au Chocolat,Pastry,1,3.5,0,3.5,card,in-store,
4908,2025-09-20,Saturday,P05,Pain au Chocolat,Pastry,3,3.5,0,10.5,cash,in-store,
4910,2025-09-20,Saturday,P12,Bagel - Plain,Bread,1,2.25,0,2.25,upi,in-store,C0076
4910,2025-09-20,Saturday,P03,Whole Wheat Loaf,Bread,1,4.75,0,4.75,upi,in-store,C0076
4910,2025-09-20,Saturday,P08,Chocolate Chip Cookie,Cookie,2,2.0,0,4.0,upi,in-store,C0076
4911,2025-09-21,Sunday,P03,Whole Wheat Loaf,Bread,1,4.75,0,4.75,card,in-store,C0124
4913,2025-09-21,Sunday,P08,Chocolate Chip Cookie,Cookie,1,2.0,0,2.0,cash,in-store,
4913,2025-09-21,Sunday,P07,Blueberry Muffin,Pastry,1,2.75,0,2.75,cash,in-store,
4914,2025-09-21,Sunday,P05,Pain au Chocolat,Pastry,1,3.5,0,3.5,cash,in-store,
4916,2025-09-21,Sunday,P12,Bagel - Plain,Bread,1,2.25,0,2.25,upi,in-store,
4917,2025-09-21,Sunday,P14,Rye Loaf,Bread,1,4.9,0,4.9,upi,in-store,
4918,2025-09-21,Sunday,P12,Bagel - Plain,Bread,3,2.25,0,6.75,upi,in-store,
4919,2025-09-21,Sunday,P14,Rye Loaf,Bread,1,4.9,0,4.9,cash,in-store,
4920,2025-09-21,Sunday,P02,Baguette,Bread,1,3.25,0,3.25,card,in-store,C0066
4920,2025-09-21,Sunday,P07,Blueberry Muffin,Pastry,2,2.75,0,5.5,card,in-store,C0066
4920,2025-09-21,Sunday,P07,Blueberry Muffin,Pastry,1,2.75,0,2.75,card,in-store,C0066
4920,2025-09-21,Sunday,P04,Croissant,Pastry,1,3.0,0,3.0,card,in-store,C0066
4921,2025-09-21,Sunday,P07,Blueberry Muffin,Pastry,1,2.75,0,2.75,card,in-store,C0096
4921,2025-09-21,Sunday,P08,Chocolate Chip Cookie,Cookie,1,2.0,0,2.0,card,in-store,C0096
4922,2025-09-21,Sunday,P07,Blueberry Muffin,Pastry,1,2.75,0,2.75,card,in-store,C0017
4923,2025-09-21,Sunday,P07,Blueberry Muffin,Pastry,1,2.75,0,2.75,cash,catering,C0126
4924,2025-09-21,Sunday,P03,Whole Wheat Loaf,Bread,2,4.75,0,9.5,upi,in-store,
4925,2025-09-21,Sunday,P09,Oatmeal Raisin Cookie,Cookie,1,2.0,0,2.0,upi,online,C0016
4927,2025-09-21,Sunday,P03,Whole Wheat Loaf,Bread,1,4.75,0,4.75,upi,in-store,C0026
4927,2025-09-21,Sunday,P07,Blueberry Muffin,Pastry,1,2.75,0,2.75,upi,in-store,C0026
4928,2025-09-22,Monday,P05,Pain au Chocolat,Pastry,2,3.5,0,7.0,card,in-store,C0080
4928,2025-09-22,Monday,P04,Croissant,Pastry,1,3.0,0,3.0,card,in-store,C0080
4928,2025-09-22,Monday,P04,Croissant,Pastry,3,3.0,0,9.0,card,in-store,C0080
4929,2025-09-22,Monday,P03,Whole Wheat Loaf,Bread,1,4.75,0,4.75,upi,in-store,
4929,2025-09-22,Monday,P14,Rye Loaf,Bread,1,4.9,0,4.9,upi,in-store,
4930,2025-09-22,Monday,P06,Cinnamon Roll,Pastry,1,3.75,0,3.75,upi,in-store,
4931,2025-09-22,Monday,P15,Scone - Blueberry,Pastry,1,3.0,0,3.0,card,in-store,C0038
4932,2025-09-22,Monday,P09,Oatmeal Raisin Cookie,Cookie,1,2.0,0,2.0,upi,in-store,
4932,2025-09-22,Monday,P08,Chocolate Chip Cookie,Cookie,1,2.0,0,2.0,upi,in-store,
4933,2025-09-22,Monday,P07,Blueberry Muffin,Pastry,3,2.75,0,8.25,card,in-store,C0123
4933,2025-09-22,Monday,P12,Bagel - Plain,Bread,3,2.25,0,6.75,card,in-store,C0123
4934,2025-09-22,Monday,P03,Whole Wheat Loaf,Bread,2,4.75,0,9.5,upi,online,C0059
4934,2025-09-22,Monday,P04,Croissant,Pastry,1,3.0,0,3.0,upi,online,C0059
4935,2025-09-22,Monday,P04,Croissant,Pastry,1,3.0,0,3.0,upi,in-store,C0062
4936,2025-09-22,Monday,P04,Croissant,Pastry,1,3.0,0,3.0,cash,catering,
4936,2025-09-22,Monday,P10,Birthday Cake (whole),Cake,1,32.0,0,32.0,cash,catering,
4937,2025-09-22,Monday,P05,Pain au Chocolat,Pastry,1,3.5,0,3.5,cash,in-store,C0043
4938,2025-09-22,Monday,P08,Chocolate Chip Cookie,Cookie,1,2.0,0,2.0,cash,in-store,
4938,2025-09-22,Monday,P05,Pain au Chocolat,Pastry,1,3.5,0,3.5,cash,in-store,
4939,2025-09-22,Monday,P10,Birthday Cake (whole),Cake,1,32.0,0,32.0,upi,in-store,C0003
4940,2025-09-22,Monday,P13,Bagel - Everything,Bread,1,2.5,0,2.5,cash,in-store,C0114
4943,2025-09-22,Monday,P14,Rye Loaf,Bread,1,4.9,0,4.9,cash,in-store,C0105
4943,2025-09-22,Monday,P13,Bagel - Everything,Bread,1,2.5,0,2.5,cash,in-store,C0105
4944,2025-09-23,Tuesday,P07,Blueberry Muffin,Pastry,1,2.75,0,2.75,upi,in-store,
4945,2025-09-23,Tuesday,P04,Croissant,Pastry,1,3.0,0,3.0,cash,in-store,C0026
4945,2025-09-23,Tuesday,P14,Rye Loaf,Bread,1,4.9,0,4.9,cash,in-store,C0026
4945,2025-09-23,Tuesday,P15,Scone - Blueberry,Pastry,1,3.0,0,3.0,cash,in-store,C0026
4946,2025-09-23,Tuesday,P07,Blueberry Muffin,Pastry,1,2.75,0,2.75,card,in-store,C0099
4947,2025-09-23,Tuesday,P12,Bagel - Plain,Bread,1,2.25,0,2.25,card,in-store,
4947,2025-09-23,Tuesday,P01,Sourdough Loaf,Bread,1,4.5,0,4.5,card,in-store,
4948,2025-09-23,Tuesday,P08,Chocolate Chip Cookie,Cookie,1,2.0,0,2.0,upi,online,C0038
4949,2025-09-23,Tuesday,P05,Pain au Chocolat,Pastry,1,3.5,0,3.5,upi,catering,
4950,2025-09-23,Tuesday,P14,Rye Loaf,Bread,1,4.9,0,4.9,card,in-store,
4951,2025-09-23,Tuesday,P08,Chocolate Chip Cookie,Cookie,1,2.0,0,2.0,cash,in-store,C0088
4953,2025-09-23,Tuesday,P05,Pain au Chocolat,Pastry,1,3.5,0,3.5,upi,online,C0116
4954,2025-09-24,Wednesday,P14,Rye Loaf,Bread,1,4.9,0,4.9,card,in-store,
4954,2025-09-24,Wednesday,P12,Bagel - Plain,Bread,1,2.25,0,2.25,card,in-store,
4955,2025-09-24,Wednesday,P10,Birthday Cake (whole),Cake,1,32.0,0,32.0,upi,in-store,
4956,2025-09-24,Wednesday,P12,Bagel - Plain,Bread,1,2.25,0,2.25,upi,in-store,C0049
4956,2025-09-24,Wednesday,P10,Birthday Cake (whole),Cake,1,32.0,0,32.0,upi,in-store,C0049
4957,2025-09-24,Wednesday,P06,Cinnamon Roll,Pastry,2,3.75,0,7.5,upi,in-store,C0120
4958,2025-09-24,Wednesday,P13,Bagel - Everything,Bread,1,2.5,0,2.5,upi,in-store,C0015
4959,2025-09-24,Wednesday,P15,Scone - Blueberry,Pastry,1,3.0,0,3.0,cash,in-store,C0026
4960,2025-09-24,Wednesday,P09,Oatmeal Raisin Cookie,Cookie,1,2.0,0,2.0,card,in-store,
4961,2025-09-24,Wednesday,P13,Bagel - Everything,Bread,1,2.5,0,2.5,cash,in-store,C0040
4962,2025-09-24,Wednesday,P03,Whole Wheat Loaf,Bread,1,4.75,0,4.75,upi,in-store,C0082
4963,2025-09-24,Wednesday,P02,Baguette,Bread,3,3.25,0,9.75,upi,in-store,C0093
4964,2025-09-24,Wednesday,P10,Birthday Cake (whole),Cake,1,32.0,0,32.0,card,in-store,C0034
4964,2025-09-24,Wednesday,P07,Blueberry Muffin,Pastry,1,2.75,0,2.75,card,in-store,C0034
4965,2025-09-24,Wednesday,P05,Pain au Chocolat,Pastry,1,3.5,0,3.5,cash,in-store,C0034
4966,2025-09-25,Thursday,P02,Baguette,Bread,1,3.25,0,3.25,upi,in-store,
4966,2025-09-25,Thursday,P09,Oatmeal Raisin Cookie,Cookie,1,2.0,0,2.0,upi,in-store,
4966,2025-09-25,Thursday,P11,Cupcake (single),Cake,1,3.25,0,3.25,upi,in-store,
4967,2025-09-25,Thursday,P13,Bagel - Everything,Bread,1,2.5,0,2.5,card,in-store,C0107
4969,2025-09-25,Thursday,P15,Scone - Blueberry,Pastry,1,3.0,0,3.0,cash,in-store,
4969,2025-09-25,Thursday,P14,Rye Loaf,Bread,1,4.9,0,4.9,cash,in-store,
4969,2025-09-25,Thursday,P15,Scone - Blueberry,Pastry,1,3.0,0,3.0,cash,in-store,
4969,2025-09-25,Thursday,P05,Pain au Chocolat,Pastry,1,3.5,0,3.5,cash,in-store,
4970,2025-09-25,Thursday,P02,Baguette,Bread,1,3.25,0,3.25,upi,catering,
4971,2025-09-25,Thursday,P12,Bagel - Plain,Bread,1,2.25,0,2.25,upi,in-store,C0114
4972,2025-09-25,Thursday,P09,Oatmeal Raisin Cookie,Cookie,1,2.0,0,2.0,upi,in-store,C0093
4973,2025-09-25,Thursday,P05,Pain au Chocolat,Pastry,1,3.5,0,3.5,cash,in-store,
4974,2025-09-25,Thursday,P10,Birthday Cake (whole),Cake,1,32.0,0,32.0,cash,catering,C0016
4974,2025-09-25,Thursday,P01,Sourdough Loaf,Bread,1,4.5,0,4.5,cash,catering,C0016
4975,2025-09-25,Thursday,P12,Bagel - Plain,Bread,2,2.25,0,4.5,cash,online,C0110
4976,2025-09-25,Thursday,P14,Rye Loaf,Bread,1,4.9,0,4.9,cash,in-store,
4976,2025-09-25,Thursday,P09,Oatmeal Raisin Cookie,Cookie,2,2.0,0,4.0,cash,in-store,
4977,2025-09-25,Thursday,P15,Scone - Blueberry,Pastry,2,3.0,0,6.0,cash,in-store,
4977,2025-09-25,Thursday,P05,Pain au Chocolat,Pastry,2,3.5,0,7.0,cash,in-store,
4978,2025-09-25,Thursday,P05,Pain au Chocolat,Pastry,1,3.5,0,3.5,upi,in-store,
4979,2025-09-25,Thursday,P08,Chocolate Chip Cookie,Cookie,1,2.0,0,2.0,upi,in-store,C0121
4979,2025-09-25,Thursday,P13,Bagel - Everything,Bread,1,2.5,0,2.5,upi,in-store,C0121
4980,2025-09-25,Thursday,P14,Rye Loaf,Bread,3,4.9,0,14.7,upi,online,C0130
4981,2025-09-25,Thursday,P10,Birthday Cake (whole),Cake,1,32.0,0,32.0,cash,catering,
4982,2025-09-26,Friday,P04,Croissant,Pastry,1,3.0,0,3.0,cash,in-store,
4983,2025-09-26,Friday,P03,Whole Wheat Loaf,Bread,1,4.75,0,4.75,card,in-store,
4984,2025-09-26,Friday,P09,Oatmeal Raisin Cookie,Cookie,1,2.0,0,2.0,card,in-store,C0079
4986,2025-09-26,Friday,P07,Blueberry Muffin,Pastry,1,2.75,0,2.75,card,online,C0084
4987,2025-09-26,Friday,P06,Cinnamon Roll,Pastry,1,3.75,0,3.75,cash,in-store,C0064
4987,2025-09-26,Friday,P11,Cupcake (single),Cake,1,3.25,0,3.25,cash,in-store,C0064
4987,2025-09-26,Friday,P07,Blueberry Muffin,Pastry,1,2.75,0,2.75,cash,in-store,C0064
4988,2025-09-26,Friday,P07,Blueberry Muffin,Pastry,1,2.75,0,2.75,card,in-store,
4988,2025-09-26,Friday,P05,Pain au Chocolat,Pastry,1,3.5,0,3.5,card,in-store,
4990,2025-09-26,Friday,P09,Oatmeal Raisin Cookie,Cookie,1,2.0,0,2.0,cash,in-store,
4990,2025-09-26,Friday,P14,Rye Loaf,Bread,1,4.9,0,4.9,cash,in-store,
4990,2025-09-26,Friday,P08,Chocolate Chip Cookie,Cookie,2,2.0,0,4.0,cash,in-store,
4992,2025-09-26,Friday,P14,Rye Loaf,Bread,2,4.9,0,9.8,upi,in-store,C0062
4993,2025-09-26,Friday,P02,Baguette,Bread,1,3.25,0,3.25,card,in-store,C0117
4993,2025-09-26,Friday,P06,Cinnamon Roll,Pastry,1,3.75,0,3.75,card,in-store,C0117
4993,2025-09-26,Friday,P15,Scone - Blueberry,Pastry,1,3.0,0,3.0,card,in-store,C0117
4995,2025-09-27,Saturday,P05,Pain au Chocolat,Pastry,1,3.5,0,3.5,upi,online,C0055
4996,2025-09-27,Saturday,P07,Blueberry Muffin,Pastry,1,2.75,0,2.75,card,online,C0018
4997,2025-09-27,Saturday,P01,Sourdough Loaf,Bread,1,4.5,0,4.5,cash,catering,
4998,2025-09-27,Saturday,P08,Chocolate Chip Cookie,Cookie,1,2.0,0,2.0,card,in-store,C0103
4998,2025-09-27,Saturday,P04,Croissant,Pastry,3,3.0,0,9.0,card,in-store,C0103
4999,2025-09-27,Saturday,P08,Chocolate Chip Cookie,Cookie,1,2.0,0,2.0,upi,online,C0010
5000,2025-09-27,Saturday,P14,Rye Loaf,Bread,1,4.9,0,4.9,upi,in-store,
5000,2025-09-27,Saturday,P15,Scone - Blueberry,Pastry,1,3.0,0,3.0,upi,in-store,
5001,2025-09-27,Saturday,P11,Cupcake (single),Cake,1,3.25,0,3.25,upi,catering,C0068
5001,2025-09-27,Saturday,P09,Oatmeal Raisin Cookie,Cookie,2,2.0,0,4.0,upi,catering,C0068
5002,2025-09-27,Saturday,P12,Bagel - Plain,Bread,1,2.25,0,2.25,card,in-store,
5004,2025-09-27,Saturday,P02,Baguette,Bread,1,3.25,0,3.25,card,in-store,
5004,2025-09-27,Saturday,P06,Cinnamon Roll,Pastry,1,3.75,0,3.75,card,in-store,
5004,2025-09-27,Saturday,P10,Birthday Cake (whole),Cake,1,32.0,0,32.0,card,in-store,
5005,2025-09-27,Saturday,P10,Birthday Cake (whole),Cake,1,32.0,0,32.0,upi,in-store,
5006,2025-09-27,Saturday,P15,Scone - Blueberry,Pastry,1,3.0,0,3.0,cash,in-store,
5006,2025-09-27,Saturday,P12,Bagel - Plain,Bread,1,2.25,0,2.25,cash,in-store,
5007,2025-09-27,Saturday,P14,Rye Loaf,Bread,1,4.9,0,4.9,cash,catering,
5008,2025-09-27,Saturday,P07,Blueberry Muffin,Pastry,1,2.75,0,2.75,upi,online,C0106
5008,2025-09-27,Saturday,P06,Cinnamon Roll,Pastry,1,3.75,0,3.75,upi,online,C0106
5009,2025-09-27,Saturday,P15,Scone - Blueberry,Pastry,1,3.0,0,3.0,card,in-store,
5010,2025-09-27,Saturday,P07,Blueberry Muffin,Pastry,2,2.75,0,5.5,upi,online,
5010,2025-09-27,Saturday,P14,Rye Loaf,Bread,1,4.9,0,4.9,upi,online,
5010,2025-09-27,Saturday,P15,Scone - Blueberry,Pastry,1,3.0,0,3.0,upi,online,
5011,2025-09-27,Saturday,P05,Pain au Chocolat,Pastry,2,3.5,0,7.0,card,in-store,
5011,2025-09-27,Saturday,P05,Pain au Chocolat,Pastry,1,3.5,0,3.5,card,in-store,
5012,2025-09-27,Saturday,P14,Rye Loaf,Bread,1,4.9,0,4.9,upi,in-store,C0016
5012,2025-09-27,Saturday,P03,Whole Wheat Loaf,Bread,1,4.75,0,4.75,upi,in-store,C0016
5013,2025-09-27,Saturday,P13,Bagel - Everything,Bread,1,2.5,0,2.5,card,in-store,
5014,2025-09-27,Saturday,P05,Pain au Chocolat,Pastry,2,3.5,0,7.0,upi,in-store,C0051
5015,2025-09-27,Saturday,P01,Sourdough Loaf,Bread,2,4.5,0,9.0,upi,in-store,C0090
5015,2025-09-27,Saturday,P07,Blueberry Muffin,Pastry,3,2.75,0,8.25,upi,in-store,C0090
5016,2025-09-27,Saturday,P10,Birthday Cake (whole),Cake,1,32.0,0,32.0,card,in-store,C0106
5017,2025-09-28,Sunday,P13,Bagel - Everything,Bread,2,2.5,0,5.0,upi,in-store,C0022
5018,2025-09-28,Sunday,P03,Whole Wheat Loaf,Bread,1,4.75,0,4.75,card,in-store,
5019,2025-09-28,Sunday,P09,Oatmeal Raisin Cookie,Cookie,2,2.0,0,4.0,card,in-store,
5020,2025-09-28,Sunday,P04,Croissant,Pastry,3,3.0,0,9.0,upi,in-store,C0071
5020,2025-09-28,Sunday,P03,Whole Wheat Loaf,Bread,1,4.75,0,4.75,upi,in-store,C0071
5020,2025-09-28,Sunday,P13,Bagel - Everything,Bread,1,2.5,0,2.5,upi,in-store,C0071
5021,2025-09-28,Sunday,P08,Chocolate Chip Cookie,Cookie,2,2.0,0,4.0,cash,in-store,C0108
5022,2025-09-28,Sunday,P11,Cupcake (single),Cake,1,3.25,0,3.25,upi,in-store,C0030
5022,2025-09-28,Sunday,P08,Chocolate Chip Cookie,Cookie,1,2.0,0,2.0,upi,in-store,C0030
5022,2025-09-28,Sunday,P08,Chocolate Chip Cookie,Cookie,1,2.0,0,2.0,upi,in-store,C0030
5023,2025-09-28,Sunday,P04,Croissant,Pastry,1,3.0,0,3.0,upi,in-store,C0097
5024,2025-09-28,Sunday,P15,Scone - Blueberry,Pastry,1,3.0,0,3.0,cash,in-store,
5025,2025-09-28,Sunday,P07,Blueberry Muffin,Pastry,2,2.75,0,5.5,upi,in-store,C0002
5025,2025-09-28,Sunday,P07,Blueberry Muffin,Pastry,3,2.75,0,8.25,upi,in-store,C0002
5027,2025-09-28,Sunday,P12,Bagel - Plain,Bread,1,2.25,0,2.25,cash,in-store,C0088
5027,2025-09-28,Sunday,P07,Blueberry Muffin,Pastry,1,2.75,0,2.75,cash,in-store,C0088
5027,2025-09-28,Sunday,P08,Chocolate Chip Cookie,Cookie,1,2.0,0,2.0,cash,in-store,C0088
5028,2025-09-28,Sunday,P11,Cupcake (single),Cake,1,3.25,0,3.25,cash,in-store,
5028,2025-09-28,Sunday,P01,Sourdough Loaf,Bread,1,4.5,0,4.5,cash,in-store,
5029,2025-09-28,Sunday,P05,Pain au Chocolat,Pastry,1,3.5,0,3.5,upi,in-store,C0024
5030,2025-09-28,Sunday,P15,Scone - Blueberry,Pastry,1,3.0,0,3.0,cash,in-store,
5031,2025-09-28,Sunday,P11,Cupcake (single),Cake,1,3.25,0,3.25,upi,online,C0108
5031,2025-09-28,Sunday,P06,Cinnamon Roll,Pastry,1,3.75,0,3.75,upi,online,C0108
5032,2025-09-28,Sunday,P05,Pain au Chocolat,Pastry,3,3.5,0,10.5,upi,in-store,C0014
5032,2025-09-28,Sunday,P07,Blueberry Muffin,Pastry,1,2.75,0,2.75,upi,in-store,C0014
5033,2025-09-28,Sunday,P11,Cupcake (single),Cake,1,3.25,0,3.25,card,in-store,
5033,2025-09-28,Sunday,P05,Pain au Chocolat,Pastry,1,3.5,0,3.5,card,in-store,
5033,2025-09-28,Sunday,P15,Scone - Blueberry,Pastry,3,3.0,0,9.0,card,in-store,
5034,2025-09-28,Sunday,P07,Blueberry Muffin,Pastry,1,2.75,0,2.75,cash,in-store,
5034,2025-09-28,Sunday,P03,Whole Wheat Loaf,Bread,1,4.75,0,4.75,cash,in-store,
5034,2025-09-28,Sunday,P10,Birthday Cake (whole),Cake,1,32.0,0,32.0,cash,in-store,
5034,2025-09-28,Sunday,P09,Oatmeal Raisin Cookie,Cookie,3,2.0,0,6.0,cash,in-store,
5035,2025-09-28,Sunday,P04,Croissant,Pastry,1,3.0,0,3.0,card,in-store,C0044
5035,2025-09-28,Sunday,P14,Rye Loaf,Bread,2,4.9,0,9.8,card,in-store,C0044
5035,2025-09-28,Sunday,P07,Blueberry Muffin,Pastry,2,2.75,0,5.5,card,in-store,C0044
5036,2025-09-28,Sunday,P03,Whole Wheat Loaf,Bread,1,4.75,0,4.75,upi,in-store,C0115
5036,2025-09-28,Sunday,P05,Pain au Chocolat,Pastry,1,3.5,0,3.5,upi,in-store,C0115
5036,2025-09-28,Sunday,P11,Cupcake (single),Cake,1,3.25,0,3.25,upi,in-store,C0115
5036,2025-09-28,Sunday,P15,Scone - Blueberry,Pastry,1,3.0,0,3.0,upi,in-store,C0115
5037,2025-09-28,Sunday,P13,Bagel - Everything,Bread,3,2.5,0,7.5,upi,in-store,C0108
5037,2025-09-28,Sunday,P04,Croissant,Pastry,2,3.0,0,6.0,upi,in-store,C0108
5038,2025-09-28,Sunday,P08,Chocolate Chip Cookie,Cookie,1,2.0,0,2.0,upi,online,C0117
5038,2025-09-28,Sunday,P01,Sourdough Loaf,Bread,1,4.5,0,4.5,upi,online,C0117
5038,2025-09-28,Sunday,P12,Bagel - Plain,Bread,1,2.25,0,2.25,upi,online,C0117
5039,2025-09-29,Monday,P07,Blueberry Muffin,Pastry,3,2.75,0,8.25,card,in-store,
5039,2025-09-29,Monday,P05,Pain au Chocolat,Pastry,1,3.5,0,3.5,card,in-store,
5040,2025-09-29,Monday,P14,Rye Loaf,Bread,2,4.9,0,9.8,cash,in-store,C0089
5040,2025-09-29,Monday,P06,Cinnamon Roll,Pastry,1,3.75,0,3.75,cash,in-store,C0089
5041,2025-09-29,Monday,P14,Rye Loaf,Bread,1,4.9,0,4.9,upi,online,C0102
5042,2025-09-29,Monday,P11,Cupcake (single),Cake,1,3.25,0,3.25,cash,in-store,C0030
5043,2025-09-29,Monday,P15,Scone - Blueberry,Pastry,1,3.0,0,3.0,cash,in-store,
5044,2025-09-29,Monday,P02,Baguette,Bread,1,3.25,0,3.25,cash,in-store,
5044,2025-09-29,Monday,P08,Chocolate Chip Cookie,Cookie,1,2.0,0,2.0,cash,in-store,
5045,2025-09-29,Monday,P06,Cinnamon Roll,Pastry,1,3.75,0,3.75,upi,online,
5045,2025-09-29,Monday,P04,Croissant,Pastry,1,3.0,0,3.0,upi,online,
5046,2025-09-30,Tuesday,P07,Blueberry Muffin,Pastry,1,2.75,0,2.75,upi,online,C0049
5046,2025-09-30,Tuesday,P12,Bagel - Plain,Bread,3,2.25,0,6.75,upi,online,C0049
5047,2025-09-30,Tuesday,P03,Whole Wheat Loaf,Bread,1,4.75,0,4.75,upi,in-store,
5047,2025-09-30,Tuesday,P03,Whole Wheat Loaf,Bread,1,4.75,0,4.75,upi,in-store,
5047,2025-09-30,Tuesday,P11,Cupcake (single),Cake,1,3.25,0,3.25,upi,in-store,
5047,2025-09-30,Tuesday,P05,Pain au Chocolat,Pastry,1,3.5,0,3.5,upi,in-store,
5048,2025-09-30,Tuesday,P14,Rye Loaf,Bread,1,4.9,0,4.9,upi,online,C0117
5049,2025-09-30,Tuesday,P03,Whole Wheat Loaf,Bread,3,4.75,0,14.25,cash,in-store,C0108
5049,2025-09-30,Tuesday,P08,Chocolate Chip Cookie,Cookie,1,2.0,0,2.0,cash,in-store,C0108
5049,2025-09-30,Tuesday,P05,Pain au Chocolat,Pastry,1,3.5,0,3.5,cash,in-store,C0108
5049,2025-09-30,Tuesday,P14,Rye Loaf,Bread,2,4.9,0,9.8,cash,in-store,C0108
5050,2025-09-30,Tuesday,P15,Scone - Blueberry,Pastry,1,3.0,0,3.0,upi,in-store,C0075
5050,2025-09-30,Tuesday,P10,Birthday Cake (whole),Cake,1,32.0,0,32.0,upi,in-store,C0075
5050,2025-09-30,Tuesday,P12,Bagel - Plain,Bread,1,2.25,0,2.25,upi,in-store,C0075
5050,2025-09-30,Tuesday,P03,Whole Wheat Loaf,Bread,1,4.75,0,4.75,upi,in-store,C0075
5051,2025-10-01,Wednesday,P10,Birthday Cake (whole),Cake,1,32.0,0,32.0,cash,online,C0120
5052,2025-10-01,Wednesday,P12,Bagel - Plain,Bread,1,2.25,0,2.25,upi,in-store,C0069
5053,2025-10-01,Wednesday,P05,Pain au Chocolat,Pastry,1,3.5,0,3.5,card,catering,C0123
5054,2025-10-01,Wednesday,P08,Chocolate Chip Cookie,Cookie,1,2.0,0,2.0,upi,in-store,C0041
5055,2025-10-01,Wednesday,P12,Bagel - Plain,Bread,1,2.25,0,2.25,cash,in-store,C0040
5056,2025-10-01,Wednesday,P15,Scone - Blueberry,Pastry,2,3.0,0,6.0,card,online,C0038
5056,2025-10-01,Wednesday,P15,Scone - Blueberry,Pastry,1,3.0,0,3.0,card,online,C0038
5057,2025-10-01,Wednesday,P07,Blueberry Muffin,Pastry,3,2.75,0,8.25,upi,in-store,C0068
5058,2025-10-01,Wednesday,P03,Whole Wheat Loaf,Bread,1,4.75,0,4.75,upi,in-store,C0011
5058,2025-10-01,Wednesday,P07,Blueberry Muffin,Pastry,1,2.75,0,2.75,upi,in-store,C0011
5058,2025-10-01,Wednesday,P08,Chocolate Chip Cookie,Cookie,2,2.0,0,4.0,upi,in-store,C0011
5059,2025-10-01,Wednesday,P01,Sourdough Loaf,Bread,2,4.5,0,9.0,card,in-store,
5059,2025-10-01,Wednesday,P05,Pain au Chocolat,Pastry,3,3.5,0,10.5,card,in-store,
5060,2025-10-01,Wednesday,P05,Pain au Chocolat,Pastry,1,3.5,0,3.5,upi,in-store,
5061,2025-10-01,Wednesday,P10,Birthday Cake (whole),Cake,1,32.0,0,32.0,cash,online,
5062,2025-10-01,Wednesday,P10,Birthday Cake (whole),Cake,1,32.0,0,32.0,cash,in-store,C0039
5062,2025-10-01,Wednesday,P15,Scone - Blueberry,Pastry,1,3.0,0,3.0,cash,in-store,C0039
5062,2025-10-01,Wednesday,P08,Chocolate Chip Cookie,Cookie,3,2.0,0,6.0,cash,in-store,C0039
5063,2025-10-01,Wednesday,P14,Rye Loaf,Bread,1,4.9,0,4.9,upi,online,C0028
5064,2025-10-01,Wednesday,P05,Pain au Chocolat,Pastry,1,3.5,0,3.5,cash,in-store,C0053
5065,2025-10-01,Wednesday,P05,Pain au Chocolat,Pastry,1,3.5,0,3.5,cash,in-store,
5065,2025-10-01,Wednesday,P13,Bagel - Everything,Bread,1,2.5,0,2.5,cash,in-store,
5065,2025-10-01,Wednesday,P09,Oatmeal Raisin Cookie,Cookie,3,2.0,0,6.0,cash,in-store,
5066,2025-10-01,Wednesday,P03,Whole Wheat Loaf,Bread,1,4.75,0,4.75,upi,in-store,C0071
5067,2025-10-01,Wednesday,P13,Bagel - Everything,Bread,1,2.5,0,2.5,cash,in-store,C0057
5068,2025-10-01,Wednesday,P04,Croissant,Pastry,2,3.0,0,6.0,upi,in-store,C0128
5068,2025-10-01,Wednesday,P09,Oatmeal Raisin Cookie,Cookie,1,2.0,0,2.0,upi,in-store,C0128
5069,2025-10-01,Wednesday,P13,Bagel - Everything,Bread,1,2.5,0,2.5,cash,in-store,
5071,2025-10-02,Thursday,P01,Sourdough Loaf,Bread,1,4.5,0,4.5,upi,in-store,C0050
5071,2025-10-02,Thursday,P02,Baguette,Bread,1,3.25,0,3.25,upi,in-store,C0050
5071,2025-10-02,Thursday,P09,Oatmeal Raisin Cookie,Cookie,1,2.0,0,2.0,upi,in-store,C0050
5072,2025-10-02,Thursday,P07,Blueberry Muffin,Pastry,1,2.75,0,2.75,card,in-store,
5072,2025-10-02,Thursday,P03,Whole Wheat Loaf,Bread,3,4.75,0,14.25,card,in-store,
5072,2025-10-02,Thursday,P02,Baguette,Bread,1,3.25,0,3.25,card,in-store,
5075,2025-10-02,Thursday,P03,Whole Wheat Loaf,Bread,1,4.75,0,4.75,card,in-store,C0061
5075,2025-10-02,Thursday,P09,Oatmeal Raisin Cookie,Cookie,1,2.0,0,2.0,card,in-store,C0061
5076,2025-10-02,Thursday,P03,Whole Wheat Loaf,Bread,1,4.75,0,4.75,card,online,
5077,2025-10-02,Thursday,P03,Whole Wheat Loaf,Bread,1,4.75,0,4.75,upi,catering,C0082
5077,2025-10-02,Thursday,P03,Whole Wheat Loaf,Bread,1,4.75,0,4.75,upi,catering,C0082
5077,2025-10-02,Thursday,P03,Whole Wheat Loaf,Bread,1,4.75,0,4.75,upi,catering,C0082
5078,2025-10-03,Friday,P05,Pain au Chocolat,Pastry,1,3.5,0,3.5,upi,in-store,
5078,2025-10-03,Friday,P03,Whole Wheat Loaf,Bread,2,4.75,0,9.5,upi,in-store,
5078,2025-10-03,Friday,P03,Whole Wheat Loaf,Bread,1,4.75,0,4.75,upi,in-store,
5079,2025-10-03,Friday,P15,Scone - Blueberry,Pastry,1,3.0,0,3.0,upi,online,
5079,2025-10-03,Friday,P09,Oatmeal Raisin Cookie,Cookie,1,2.0,0,2.0,upi,online,
5080,2025-10-03,Friday,P11,Cupcake (single),Cake,1,3.25,0,3.25,card,in-store,
5080,2025-10-03,Friday,P07,Blueberry Muffin,Pastry,2,2.75,0,5.5,card,in-store,
5081,2025-10-03,Friday,P10,Birthday Cake (whole),Cake,1,32.0,0,32.0,upi,in-store,
5082,2025-10-03,Friday,P08,Chocolate Chip Cookie,Cookie,1,2.0,0,2.0,upi,in-store,C0091
5083,2025-10-03,Friday,P06,Cinnamon Roll,Pastry,1,3.75,0,3.75,card,in-store,C0016
5084,2025-10-03,Friday,P04,Croissant,Pastry,1,3.0,0,3.0,upi,in-store,C0101
5085,2025-10-03,Friday,P02,Baguette,Bread,1,3.25,0,3.25,card,in-store,C0121
5086,2025-10-03,Friday,P05,Pain au Chocolat,Pastry,1,3.5,0,3.5,cash,online,C0060
5086,2025-10-03,Friday,P10,Birthday Cake (whole),Cake,1,32.0,0,32.0,cash,online,C0060
5087,2025-10-03,Friday,P09,Oatmeal Raisin Cookie,Cookie,1,2.0,0,2.0,upi,in-store,C0086
5088,2025-10-03,Friday,P07,Blueberry Muffin,Pastry,1,2.75,0,2.75,card,in-store,C0107
5089,2025-10-03,Friday,P15,Scone - Blueberry,Pastry,1,3.0,0,3.0,card,in-store,
5089,2025-10-03,Friday,P01,Sourdough Loaf,Bread,1,4.5,0,4.5,card,in-store,
5090,2025-10-03,Friday,P14,Rye Loaf,Bread,2,4.9,0,9.8,upi,online,C0028
5091,2025-10-03,Friday,P03,Whole Wheat Loaf,Bread,1,4.75,0,4.75,card,in-store,C0105
5092,2025-10-03,Friday,P01,Sourdough Loaf,Bread,1,4.5,0,4.5,cash,in-store,C0102
5093,2025-10-03,Friday,P07,Blueberry Muffin,Pastry,1,2.75,0,2.75,upi,online,
5094,2025-10-03,Friday,P05,Pain au Chocolat,Pastry,1,3.5,0,3.5,upi,online,
5095,2025-10-04,Saturday,P09,Oatmeal Raisin Cookie,Cookie,1,2.0,0,2.0,cash,in-store,C0023
5096,2025-10-04,Saturday,P12,Bagel - Plain,Bread,1,2.25,0,2.25,upi,in-store,
5096,2025-10-04,Saturday,P13,Bagel - Everything,Bread,1,2.5,0,2.5,upi,in-store,
5096,2025-10-04,Saturday,P02,Baguette,Bread,1,3.25,0,3.25,upi,in-store,
5097,2025-10-04,Saturday,P07,Blueberry Muffin,Pastry,1,2.75,0,2.75,upi,in-store,C0052
5098,2025-10-04,Saturday,P01,Sourdough Loaf,Bread,1,4.5,0,4.5,card,online,
5098,2025-10-04,Saturday,P07,Blueberry Muffin,Pastry,1,2.75,0,2.75,card,online,
5100,2025-10-04,Saturday,P15,Scone - Blueberry,Pastry,1,3.0,0,3.0,upi,in-store,
5100,2025-10-04,Saturday,P13,Bagel - Everything,Bread,1,2.5,0,2.5,upi,in-store,
5100,2025-10-04,Saturday,P11,Cupcake (single),Cake,1,3.25,0,3.25,upi,in-store,
5101,2025-10-04,Saturday,P07,Blueberry Muffin,Pastry,1,2.75,0,2.75,cash,in-store,C0060
5102,2025-10-04,Saturday,P13,Bagel - Everything,Bread,2,2.5,0,5.0,upi,online,
5102,2025-10-04,Saturday,P03,Whole Wheat Loaf,Bread,1,4.75,0,4.75,upi,online,
5103,2025-10-04,Saturday,P08,Chocolate Chip Cookie,Cookie,1,2.0,0,2.0,card,in-store,C0111
5106,2025-10-04,Saturday,P01,Sourdough Loaf,Bread,2,4.5,0,9.0,upi,in-store,C0053
5106,2025-10-04,Saturday,P11,Cupcake (single),Cake,1,3.25,0,3.25,upi,in-store,C0053
5107,2025-10-04,Saturday,P08,Chocolate Chip Cookie,Cookie,2,2.0,0,4.0,card,in-store,
5107,2025-10-04,Saturday,P09,Oatmeal Raisin Cookie,Cookie,1,2.0,0,2.0,card,in-store,
5108,2025-10-04,Saturday,P02,Baguette,Bread,1,3.25,0,3.25,upi,in-store,
5109,2025-10-04,Saturday,P05,Pain au Chocolat,Pastry,1,3.5,0,3.5,upi,online,
5110,2025-10-04,Saturday,P07,Blueberry Muffin,Pastry,1,2.75,0,2.75,card,in-store,C0126
5111,2025-10-04,Saturday,P05,Pain au Chocolat,Pastry,1,3.5,0,3.5,card,in-store,
5111,2025-10-04,Saturday,P01,Sourdough Loaf,Bread,1,4.5,0,4.5,card,in-store,
5112,2025-10-04,Saturday,P03,Whole Wheat Loaf,Bread,2,4.75,0,9.5,upi,in-store,
5112,2025-10-04,Saturday,P11,Cupcake (single),Cake,1,3.25,0,3.25,upi,in-store,
5112,2025-10-04,Saturday,P14,Rye Loaf,Bread,1,4.9,0,4.9,upi,in-store,
5113,2025-10-04,Saturday,P15,Scone - Blueberry,Pastry,2,3.0,0,6.0,upi,online,
5114,2025-10-04,Saturday,P07,Blueberry Muffin,Pastry,3,2.75,0,8.25,card,in-store,
5115,2025-10-04,Saturday,P04,Croissant,Pastry,1,3.0,0,3.0,card,in-store,C0056
5115,2025-10-04,Saturday,P09,Oatmeal Raisin Cookie,Cookie,1,2.0,0,2.0,card,in-store,C0056
5116,2025-10-04,Saturday,P15,Scone - Blueberry,Pastry,1,3.0,0,3.0,card,in-store,
5116,2025-10-04,Saturday,P06,Cinnamon Roll,Pastry,1,3.75,0,3.75,card,in-store,
5117,2025-10-04,Saturday,P12,Bagel - Plain,Bread,1,2.25,0,2.25,cash,in-store,
5118,2025-10-04,Saturday,P12,Bagel - Plain,Bread,1,2.25,0,2.25,cash,in-store,C0024
5119,2025-10-04,Saturday,P07,Blueberry Muffin,Pastry,3,2.75,0,8.25,card,in-store,C0011
5120,2025-10-04,Saturday,P08,Chocolate Chip Cookie,Cookie,1,2.0,0,2.0,cash,in-store,C0099
5122,2025-10-04,Saturday,P08,Chocolate Chip Cookie,Cookie,1,2.0,0,2.0,upi,online,C0076
5122,2025-10-04,Saturday,P08,Chocolate Chip Cookie,Cookie,3,2.0,0,6.0,upi,online,C0076
5122,2025-10-04,Saturday,P14,Rye Loaf,Bread,1,4.9,0,4.9,upi,online,C0076
5123,2025-10-04,Saturday,P06,Cinnamon Roll,Pastry,1,3.75,0,3.75,cash,in-store,C0098
5123,2025-10-04,Saturday,P13,Bagel - Everything,Bread,1,2.5,0,2.5,cash,in-store,C0098
5123,2025-10-04,Saturday,P08,Chocolate Chip Cookie,Cookie,2,2.0,0,4.0,cash,in-store,C0098
5124,2025-10-04,Saturday,P12,Bagel - Plain,Bread,1,2.25,0,2.25,card,catering,
5124,2025-10-04,Saturday,P08,Chocolate Chip Cookie,Cookie,1,2.0,0,2.0,card,catering,
5125,2025-10-04,Saturday,P07,Blueberry Muffin,Pastry,2,2.75,0,5.5,upi,in-store,C0004
5125,2025-10-04,Saturday,P01,Sourdough Loaf,Bread,3,4.5,0,13.5,upi,in-store,C0004
5126,2025-10-04,Saturday,P03,Whole Wheat Loaf,Bread,1,4.75,0,4.75,upi,online,
5126,2025-10-04,Saturday,P07,Blueberry Muffin,Pastry,1,2.75,0,2.75,upi,online,
5127,2025-10-05,Sunday,P15,Scone - Blueberry,Pastry,1,3.0,0,3.0,card,in-store,
5129,2025-10-05,Sunday,P05,Pain au Chocolat,Pastry,1,3.5,0,3.5,upi,in-store,C0082
5129,2025-10-05,Sunday,P10,Birthday Cake (whole),Cake,1,32.0,0,32.0,upi,in-store,C0082
5130,2025-10-05,Sunday,P10,Birthday Cake (whole),Cake,1,32.0,0,32.0,upi,in-store,
5130,2025-10-05,Sunday,P07,Blueberry Muffin,Pastry,3,2.75,0,8.25,upi,in-store,
5131,2025-10-05,Sunday,P08,Chocolate Chip Cookie,Cookie,1,2.0,0,2.0,card,in-store,
5131,2025-10-05,Sunday,P05,Pain au Chocolat,Pastry,1,3.5,0,3.5,card,in-store,
5131,2025-10-05,Sunday,P14,Rye Loaf,Bread,1,4.9,0,4.9,card,in-store,
5132,2025-10-05,Sunday,P01,Sourdough Loaf,Bread,1,4.5,0,4.5,card,catering,
5132,2025-10-05,Sunday,P05,Pain au Chocolat,Pastry,1,3.5,0,3.5,card,catering,
5133,2025-10-05,Sunday,P08,Chocolate Chip Cookie,Cookie,1,2.0,0,2.0,upi,in-store,C0013
5133,2025-10-05,Sunday,P05,Pain au Chocolat,Pastry,3,3.5,0,10.5,upi,in-store,C0013
5134,2025-10-05,Sunday,P05,Pain au Chocolat,Pastry,1,3.5,0,3.5,upi,in-store,
5135,2025-10-05,Sunday,P03,Whole Wheat Loaf,Bread,1,4.75,0,4.75,cash,in-store,C0069
5135,2025-10-05,Sunday,P12,Bagel - Plain,Bread,3,2.25,0,6.75,cash,in-store,C0069
5136,2025-10-05,Sunday,P08,Chocolate Chip Cookie,Cookie,1,2.0,0,2.0,upi,in-store,C0068
5136,2025-10-05,Sunday,P11,Cupcake (single),Cake,1,3.25,0,3.25,upi,in-store,C0068
5136,2025-10-05,Sunday,P05,Pain au Chocolat,Pastry,3,3.5,0,10.5,upi,in-store,C0068
5137,2025-10-05,Sunday,P15,Scone - Blueberry,Pastry,1,3.0,0,3.0,cash,online,
5139,2025-10-05,Sunday,P12,Bagel - Plain,Bread,1,2.25,0,2.25,cash,in-store,
5140,2025-10-05,Sunday,P13,Bagel - Everything,Bread,1,2.5,0,2.5,upi,in-store,
5140,2025-10-05,Sunday,P03,Whole Wheat Loaf,Bread,1,4.75,0,4.75,upi,in-store,
5141,2025-10-05,Sunday,P11,Cupcake (single),Cake,1,3.25,0,3.25,cash,online,C0076
5142,2025-10-05,Sunday,P14,Rye Loaf,Bread,1,4.9,0,4.9,upi,in-store,
5142,2025-10-05,Sunday,P06,Cinnamon Roll,Pastry,1,3.75,0,3.75,upi,in-store,
5143,2025-10-05,Sunday,P12,Bagel - Plain,Bread,1,2.25,0,2.25,cash,in-store,C0071
5143,2025-10-05,Sunday,P01,Sourdough Loaf,Bread,1,4.5,0,4.5,cash,in-store,C0071
5144,2025-10-05,Sunday,P08,Chocolate Chip Cookie,Cookie,1,2.0,0,2.0,card,in-store,C0018
5145,2025-10-05,Sunday,P11,Cupcake (single),Cake,1,3.25,0,3.25,card,in-store,
5146,2025-10-06,Monday,P14,Rye Loaf,Bread,2,4.9,0,9.8,card,in-store,
5147,2025-10-06,Monday,P10,Birthday Cake (whole),Cake,1,32.0,0,32.0,card,in-store,
5148,2025-10-06,Monday,P13,Bagel - Everything,Bread,1,2.5,0,2.5,upi,in-store,C0096
5149,2025-10-06,Monday,P08,Chocolate Chip Cookie,Cookie,1,2.0,0,2.0,cash,in-store,
5150,2025-10-06,Monday,P08,Chocolate Chip Cookie,Cookie,3,2.0,0,6.0,card,in-store,C0060
5151,2025-10-06,Monday,P13,Bagel - Everything,Bread,2,2.5,0,5.0,cash,in-store,
5152,2025-10-06,Monday,P12,Bagel - Plain,Bread,1,2.25,0,2.25,upi,in-store,
5152,2025-10-06,Monday,P08,Chocolate Chip Cookie,Cookie,1,2.0,0,2.0,upi,in-store,
5153,2025-10-06,Monday,P03,Whole Wheat Loaf,Bread,3,4.75,0,14.25,upi,in-store,C0077
5155,2025-10-06,Monday,P02,Baguette,Bread,1,3.25,0,3.25,cash,in-store,C0094
5156,2025-10-06,Monday,P11,Cupcake (single),Cake,1,3.25,0,3.25,card,in-store,
5157,2025-10-06,Monday,P08,Chocolate Chip Cookie,Cookie,1,2.0,0,2.0,card,in-store,
5157,2025-10-06,Monday,P04,Croissant,Pastry,1,3.0,0,3.0,card,in-store,
5158,2025-10-06,Monday,P14,Rye Loaf,Bread,1,4.9,0,4.9,card,in-store,
5159,2025-10-06,Monday,P15,Scone - Blueberry,Pastry,1,3.0,0,3.0,upi,in-store,C0103
5159,2025-10-06,Monday,P08,Chocolate Chip Cookie,Cookie,3,2.0,0,6.0,upi,in-store,C0103
5159,2025-10-06,Monday,P07,Blueberry Muffin,Pastry,1,2.75,0,2.75,upi,in-store,C0103
5160,2025-10-06,Monday,P05,Pain au Chocolat,Pastry,1,3.5,0,3.5,upi,in-store,C0017
5160,2025-10-06,Monday,P07,Blueberry Muffin,Pastry,1,2.75,0,2.75,upi,in-store,C0017
5161,2025-10-06,Monday,P07,Blueberry Muffin,Pastry,1,2.75,0,2.75,upi,in-store,
5162,2025-10-07,Tuesday,P11,Cupcake (single),Cake,1,3.25,0,3.25,upi,in-store,C0126
5162,2025-10-07,Tuesday,P05,Pain au Chocolat,Pastry,1,3.5,0,3.5,upi,in-store,C0126
5162,2025-10-07,Tuesday,P12,Bagel - Plain,Bread,1,2.25,0,2.25,upi,in-store,C0126
5163,2025-10-07,Tuesday,P15,Scone - Blueberry,Pastry,1,3.0,0,3.0,card,online,
5163,2025-10-07,Tuesday,P05,Pain au Chocolat,Pastry,1,3.5,0,3.5,card,online,
5164,2025-10-07,Tuesday,P13,Bagel - Everything,Bread,3,2.5,0,7.5,upi,in-store,C0035
5164,2025-10-07,Tuesday,P05,Pain au Chocolat,Pastry,1,3.5,0,3.5,upi,in-store,C0035
5165,2025-10-07,Tuesday,P12,Bagel - Plain,Bread,1,2.25,0,2.25,card,online,C0052
5165,2025-10-07,Tuesday,P05,Pain au Chocolat,Pastry,1,3.5,0,3.5,card,online,C0052
5167,2025-10-07,Tuesday,P15,Scone - Blueberry,Pastry,1,3.0,0,3.0,card,in-store,C0129
5167,2025-10-07,Tuesday,P05,Pain au Chocolat,Pastry,1,3.5,0,3.5,card,in-store,C0129
5167,2025-10-07,Tuesday,P09,Oatmeal Raisin Cookie,Cookie,1,2.0,0,2.0,card,in-store,C0129
5168,2025-10-07,Tuesday,P06,Cinnamon Roll,Pastry,1,3.75,0,3.75,card,in-store,C0094
5168,2025-10-07,Tuesday,P13,Bagel - Everything,Bread,3,2.5,0,7.5,card,in-store,C0094
5170,2025-10-07,Tuesday,P15,Scone - Blueberry,Pastry,1,3.0,0,3.0,upi,in-store,
5171,2025-10-07,Tuesday,P07,Blueberry Muffin,Pastry,1,2.75,0,2.75,upi,in-store,
5172,2025-10-07,Tuesday,P10,Birthday Cake (whole),Cake,1,32.0,0,32.0,upi,in-store,
5173,2025-10-07,Tuesday,P15,Scone - Blueberry,Pastry,1,3.0,0,3.0,upi,in-store,C0020
5174,2025-10-08,Wednesday,P11,Cupcake (single),Cake,1,3.25,0,3.25,upi,in-store,C0002
5176,2025-10-08,Wednesday,P13,Bagel - Everything,Bread,1,2.5,0,2.5,upi,online,
5176,2025-10-08,Wednesday,P02,Baguette,Bread,2,3.25,0,6.5,upi,online,
5176,2025-10-08,Wednesday,P02,Baguette,Bread,2,3.25,0,6.5,upi,online,
5177,2025-10-08,Wednesday,P06,Cinnamon Roll,Pastry,1,3.75,0,3.75,upi,online,
5178,2025-10-08,Wednesday,P01,Sourdough Loaf,Bread,1,4.5,0,4.5,card,in-store,
5178,2025-10-08,Wednesday,P13,Bagel - Everything,Bread,1,2.5,0,2.5,card,in-store,
5178,2025-10-08,Wednesday,P08,Chocolate Chip Cookie,Cookie,1,2.0,0,2.0,card,in-store,
5178,2025-10-08,Wednesday,P06,Cinnamon Roll,Pastry,1,3.75,0,3.75,card,in-store,
5180,2025-10-08,Wednesday,P05,Pain au Chocolat,Pastry,3,3.5,0,10.5,card,in-store,
5180,2025-10-08,Wednesday,P08,Chocolate Chip Cookie,Cookie,1,2.0,0,2.0,card,in-store,
5180,2025-10-08,Wednesday,P08,Chocolate Chip Cookie,Cookie,1,2.0,0,2.0,card,in-store,
5180,2025-10-08,Wednesday,P03,Whole Wheat Loaf,Bread,1,4.75,0,4.75,card,in-store,
5181,2025-10-08,Wednesday,P06,Cinnamon Roll,Pastry,1,3.75,0,3.75,upi,in-store,C0016
5181,2025-10-08,Wednesday,P14,Rye Loaf,Bread,1,4.9,0,4.9,upi,in-store,C0016
5181,2025-10-08,Wednesday,P05,Pain au Chocolat,Pastry,1,3.5,0,3.5,upi,in-store,C0016
5182,2025-10-08,Wednesday,P05,Pain au Chocolat,Pastry,1,3.5,0,3.5,upi,in-store,C0119
5182,2025-10-08,Wednesday,P03,Whole Wheat Loaf,Bread,1,4.75,0,4.75,upi,in-store,C0119
5182,2025-10-08,Wednesday,P07,Blueberry Muffin,Pastry,1,2.75,0,2.75,upi,in-store,C0119
5182,2025-10-08,Wednesday,P12,Bagel - Plain,Bread,1,2.25,0,2.25,upi,in-store,C0119
5183,2025-10-08,Wednesday,P01,Sourdough Loaf,Bread,1,4.5,0,4.5,upi,in-store,
5183,2025-10-08,Wednesday,P12,Bagel - Plain,Bread,3,2.25,0,6.75,upi,in-store,
5183,2025-10-08,Wednesday,P09,Oatmeal Raisin Cookie,Cookie,1,2.0,0,2.0,upi,in-store,
5184,2025-10-08,Wednesday,P14,Rye Loaf,Bread,1,4.9,0,4.9,card,in-store,C0001
5184,2025-10-08,Wednesday,P10,Birthday Cake (whole),Cake,1,32.0,0,32.0,card,in-store,C0001
5185,2025-10-08,Wednesday,P04,Croissant,Pastry,1,3.0,0,3.0,card,in-store,C0045
5185,2025-10-08,Wednesday,P13,Bagel - Everything,Bread,1,2.5,0,2.5,card,in-store,C0045
5186,2025-10-08,Wednesday,P07,Blueberry Muffin,Pastry,3,2.75,0,8.25,upi,online,C0060
5187,2025-10-08,Wednesday,P14,Rye Loaf,Bread,1,4.9,0,4.9,upi,in-store,C0035
5187,2025-10-08,Wednesday,P12,Bagel - Plain,Bread,1,2.25,0,2.25,upi,in-store,C0035
5188,2025-10-08,Wednesday,P10,Birthday Cake (whole),Cake,1,32.0,0,32.0,upi,in-store,C0049
5188,2025-10-08,Wednesday,P03,Whole Wheat Loaf,Bread,1,4.75,0,4.75,upi,in-store,C0049
5189,2025-10-08,Wednesday,P12,Bagel - Plain,Bread,3,2.25,0,6.75,upi,in-store,
5190,2025-10-08,Wednesday,P08,Chocolate Chip Cookie,Cookie,1,2.0,0,2.0,card,in-store,
5191,2025-10-09,Thursday,P11,Cupcake (single),Cake,1,3.25,0,3.25,upi,in-store,
5191,2025-10-09,Thursday,P03,Whole Wheat Loaf,Bread,1,4.75,0,4.75,upi,in-store,
5192,2025-10-09,Thursday,P04,Croissant,Pastry,1,3.0,0,3.0,upi,in-store,C0129
5192,2025-10-09,Thursday,P03,Whole Wheat Loaf,Bread,3,4.75,0,14.25,upi,in-store,C0129
5192,2025-10-09,Thursday,P07,Blueberry Muffin,Pastry,1,2.75,0,2.75,upi,in-store,C0129
5193,2025-10-09,Thursday,P12,Bagel - Plain,Bread,1,2.25,0,2.25,upi,online,
5193,2025-10-09,Thursday,P07,Blueberry Muffin,Pastry,1,2.75,0,2.75,upi,online,
5194,2025-10-09,Thursday,P07,Blueberry Muffin,Pastry,2,2.75,0,5.5,card,in-store,
5194,2025-10-09,Thursday,P13,Bagel - Everything,Bread,1,2.5,0,2.5,card,in-store,
5194,2025-10-09,Thursday,P06,Cinnamon Roll,Pastry,1,3.75,0,3.75,card,in-store,
5195,2025-10-09,Thursday,P07,Blueberry Muffin,Pastry,1,2.75,0,2.75,card,in-store,C0030
5195,2025-10-09,Thursday,P08,Chocolate Chip Cookie,Cookie,1,2.0,0,2.0,card,in-store,C0030
5196,2025-10-09,Thursday,P09,Oatmeal Raisin Cookie,Cookie,2,2.0,0,4.0,card,in-store,C0096
5196,2025-10-09,Thursday,P08,Chocolate Chip Cookie,Cookie,1,2.0,0,2.0,card,in-store,C0096
5197,2025-10-09,Thursday,P08,Chocolate Chip Cookie,Cookie,1,2.0,0,2.0,upi,in-store,
5197,2025-10-09,Thursday,P07,Blueberry Muffin,Pastry,2,2.75,0,5.5,upi,in-store,
5198,2025-10-09,Thursday,P03,Whole Wheat Loaf,Bread,1,4.75,0,4.75,upi,in-store,
5198,2025-10-09,Thursday,P05,Pain au Chocolat,Pastry,1,3.5,0,3.5,upi,in-store,
5200,2025-10-09,Thursday,P14,Rye Loaf,Bread,3,4.9,0,14.7,upi,in-store,
5201,2025-10-09,Thursday,P12,Bagel - Plain,Bread,3,2.25,0,6.75,upi,catering,
5201,2025-10-09,Thursday,P11,Cupcake (single),Cake,1,3.25,0,3.25,upi,catering,
5202,2025-10-09,Thursday,P02,Baguette,Bread,1,3.25,0,3.25,upi,in-store,C0073
5202,2025-10-09,Thursday,P06,Cinnamon Roll,Pastry,1,3.75,0,3.75,upi,in-store,C0073
5203,2025-10-09,Thursday,P01,Sourdough Loaf,Bread,1,4.5,0,4.5,upi,catering,
5203,2025-10-09,Thursday,P02,Baguette,Bread,1,3.25,0,3.25,upi,catering,
5203,2025-10-09,Thursday,P09,Oatmeal Raisin Cookie,Cookie,2,2.0,0,4.0,upi,catering,
5203,2025-10-09,Thursday,P14,Rye Loaf,Bread,1,4.9,0,4.9,upi,catering,
5204,2025-10-09,Thursday,P05,Pain au Chocolat,Pastry,1,3.5,0,3.5,upi,online,C0018
5204,2025-10-09,Thursday,P03,Whole Wheat Loaf,Bread,3,4.75,0,14.25,upi,online,C0018
5205,2025-10-09,Thursday,P07,Blueberry Muffin,Pastry,3,2.75,0,8.25,upi,in-store,
5205,2025-10-09,Thursday,P05,Pain au Chocolat,Pastry,1,3.5,0,3.5,upi,in-store,
5206,2025-10-09,Thursday,P12,Bagel - Plain,Bread,1,2.25,0,2.25,upi,in-store,
5206,2025-10-09,Thursday,P14,Rye Loaf,Bread,1,4.9,0,4.9,upi,in-store,
5207,2025-10-09,Thursday,P08,Chocolate Chip Cookie,Cookie,1,2.0,0,2.0,card,in-store,C0079
5209,2025-10-09,Thursday,P11,Cupcake (single),Cake,1,3.25,0,3.25,card,in-store,C0094
5210,2025-10-09,Thursday,P08,Chocolate Chip Cookie,Cookie,1,2.0,0,2.0,upi,catering,
5211,2025-10-10,Friday,P02,Baguette,Bread,1,3.25,0,3.25,upi,in-store,C0013
5211,2025-10-10,Friday,P09,Oatmeal Raisin Cookie,Cookie,1,2.0,0,2.0,upi,in-store,C0013
5212,2025-10-10,Friday,P07,Blueberry Muffin,Pastry,1,2.75,0,2.75,cash,in-store,
5213,2025-10-10,Friday,P04,Croissant,Pastry,1,3.0,0,3.0,upi,in-store,
5213,2025-10-10,Friday,P13,Bagel - Everything,Bread,1,2.5,0,2.5,upi,in-store,
5214,2025-10-10,Friday,P08,Chocolate Chip Cookie,Cookie,1,2.0,0,2.0,cash,in-store,
5214,2025-10-10,Friday,P15,Scone - Blueberry,Pastry,3,3.0,0,9.0,cash,in-store,
5215,2025-10-10,Friday,P08,Chocolate Chip Cookie,Cookie,1,2.0,0,2.0,upi,online,C0043
5216,2025-10-10,Friday,P11,Cupcake (single),Cake,1,3.25,0,3.25,cash,catering,C0028
5217,2025-10-10,Friday,P07,Blueberry Muffin,Pastry,1,2.75,0,2.75,card,in-store,C0102
5219,2025-10-10,Friday,P07,Blueberry Muffin,Pastry,2,2.75,0,5.5,card,in-store,
5220,2025-10-10,Friday,P09,Oatmeal Raisin Cookie,Cookie,1,2.0,0,2.0,upi,online,C0109
5220,2025-10-10,Friday,P12,Bagel - Plain,Bread,3,2.25,0,6.75,upi,online,C0109
5220,2025-10-10,Friday,P05,Pain au Chocolat,Pastry,1,3.5,0,3.5,upi,online,C0109
5221,2025-10-10,Friday,P12,Bagel - Plain,Bread,1,2.25,0,2.25,upi,online,
5222,2025-10-10,Friday,P01,Sourdough Loaf,Bread,1,4.5,0,4.5,card,in-store,
5223,2025-10-10,Friday,P05,Pain au Chocolat,Pastry,1,3.5,0,3.5,card,in-store,C0034
5223,2025-10-10,Friday,P07,Blueberry Muffin,Pastry,1,2.75,0,2.75,card,in-store,C0034
5225,2025-10-11,Saturday,P09,Oatmeal Raisin Cookie,Cookie,1,2.0,0,2.0,cash,online,C0130
5226,2025-10-11,Saturday,P10,Birthday Cake (whole),Cake,1,32.0,0,32.0,card,online,C0068
5226,2025-10-11,Saturday,P08,Chocolate Chip Cookie,Cookie,1,2.0,0,2.0,card,online,C0068
5227,2025-10-11,Saturday,P09,Oatmeal Raisin Cookie,Cookie,1,2.0,0,2.0,cash,in-store,C0006
5228,2025-10-11,Saturday,P08,Chocolate Chip Cookie,Cookie,1,2.0,0,2.0,card,in-store,C0110
5228,2025-10-11,Saturday,P07,Blueberry Muffin,Pastry,1,2.75,0,2.75,card,in-store,C0110
5229,2025-10-11,Saturday,P07,Blueberry Muffin,Pastry,1,2.75,0,2.75,card,in-store,C0006
5231,2025-10-11,Saturday,P08,Chocolate Chip Cookie,Cookie,1,2.0,0,2.0,card,in-store,C0023
5231,2025-10-11,Saturday,P11,Cupcake (single),Cake,1,3.25,0,3.25,card,in-store,C0023
5232,2025-10-11,Saturday,P14,Rye Loaf,Bread,1,4.9,0,4.9,upi,in-store,C0096
5233,2025-10-11,Saturday,P04,Croissant,Pastry,1,3.0,0,3.0,cash,in-store,C0018
5233,2025-10-11,Saturday,P08,Chocolate Chip Cookie,Cookie,1,2.0,0,2.0,cash,in-store,C0018
5234,2025-10-11,Saturday,P12,Bagel - Plain,Bread,1,2.25,0,2.25,upi,in-store,
5234,2025-10-11,Saturday,P04,Croissant,Pastry,1,3.0,0,3.0,upi,in-store,
5235,2025-10-11,Saturday,P08,Chocolate Chip Cookie,Cookie,1,2.0,0,2.0,upi,in-store,C0024
5236,2025-10-11,Saturday,P06,Cinnamon Roll,Pastry,1,3.75,0,3.75,cash,in-store,C0018
5237,2025-10-11,Saturday,P14,Rye Loaf,Bread,1,4.9,0,4.9,upi,online,
5238,2025-10-11,Saturday,P12,Bagel - Plain,Bread,1,2.25,0,2.25,cash,online,C0065
5238,2025-10-11,Saturday,P15,Scone - Blueberry,Pastry,3,3.0,0,9.0,cash,online,C0065
5238,2025-10-11,Saturday,P08,Chocolate Chip Cookie,Cookie,1,2.0,0,2.0,cash,online,C0065
5239,2025-10-11,Saturday,P03,Whole Wheat Loaf,Bread,1,4.75,0,4.75,card,in-store,
5239,2025-10-11,Saturday,P14,Rye Loaf,Bread,2,4.9,0,9.8,card,in-store,
5240,2025-10-11,Saturday,P08,Chocolate Chip Cookie,Cookie,1,2.0,0,2.0,upi,online,
5240,2025-10-11,Saturday,P12,Bagel - Plain,Bread,1,2.25,0,2.25,upi,online,
5241,2025-10-11,Saturday,P12,Bagel - Plain,Bread,1,2.25,0,2.25,card,catering,C0016
5242,2025-10-11,Saturday,P05,Pain au Chocolat,Pastry,1,3.5,0,3.5,upi,in-store,
5243,2025-10-11,Saturday,P07,Blueberry Muffin,Pastry,1,2.75,0,2.75,upi,online,C0087
5245,2025-10-11,Saturday,P02,Baguette,Bread,1,3.25,0,3.25,upi,online,C0045
5247,2025-10-11,Saturday,P03,Whole Wheat Loaf,Bread,1,4.75,0,4.75,upi,in-store,
5247,2025-10-11,Saturday,P12,Bagel - Plain,Bread,1,2.25,0,2.25,upi,in-store,
5248,2025-10-12,Sunday,P09,Oatmeal Raisin Cookie,Cookie,3,2.0,0,6.0,cash,in-store,
5248,2025-10-12,Sunday,P01,Sourdough Loaf,Bread,1,4.5,0,4.5,cash,in-store,
5249,2025-10-12,Sunday,P01,Sourdough Loaf,Bread,3,4.5,0,13.5,upi,catering,C0123
5250,2025-10-12,Sunday,P03,Whole Wheat Loaf,Bread,3,4.75,0,14.25,cash,in-store,C0071
5251,2025-10-12,Sunday,P07,Blueberry Muffin,Pastry,1,2.75,0,2.75,card,catering,
5251,2025-10-12,Sunday,P02,Baguette,Bread,1,3.25,0,3.25,card,catering,
5252,2025-10-12,Sunday,P08,Chocolate Chip Cookie,Cookie,1,2.0,0,2.0,card,in-store,
5253,2025-10-12,Sunday,P03,Whole Wheat Loaf,Bread,1,4.75,0,4.75,upi,online,C0050
5254,2025-10-12,Sunday,P07,Blueberry Muffin,Pastry,1,2.75,0,2.75,upi,in-store,
5254,2025-10-12,Sunday,P03,Whole Wheat Loaf,Bread,1,4.75,0,4.75,upi,in-store,
5255,2025-10-12,Sunday,P10,Birthday Cake (whole),Cake,1,32.0,0,32.0,upi,in-store,
5255,2025-10-12,Sunday,P05,Pain au Chocolat,Pastry,2,3.5,0,7.0,upi,in-store,
5257,2025-10-12,Sunday,P09,Oatmeal Raisin Cookie,Cookie,1,2.0,0,2.0,upi,in-store,C0012
5257,2025-10-12,Sunday,P09,Oatmeal Raisin Cookie,Cookie,3,2.0,0,6.0,upi,in-store,C0012
5258,2025-10-12,Sunday,P15,Scone - Blueberry,Pastry,1,3.0,0,3.0,upi,in-store,C0064
5259,2025-10-12,Sunday,P15,Scone - Blueberry,Pastry,1,3.0,0,3.0,card,in-store,
5260,2025-10-12,Sunday,P08,Chocolate Chip Cookie,Cookie,1,2.0,0,2.0,upi,in-store,
5260,2025-10-12,Sunday,P07,Blueberry Muffin,Pastry,1,2.75,0,2.75,upi,in-store,
5261,2025-10-12,Sunday,P10,Birthday Cake (whole),Cake,1,32.0,0,32.0,upi,in-store,
5262,2025-10-12,Sunday,P04,Croissant,Pastry,1,3.0,0,3.0,upi,online,C0121
5262,2025-10-12,Sunday,P14,Rye Loaf,Bread,1,4.9,0,4.9,upi,online,C0121
5262,2025-10-12,Sunday,P15,Scone - Blueberry,Pastry,1,3.0,0,3.0,upi,online,C0121
5263,2025-10-12,Sunday,P09,Oatmeal Raisin Cookie,Cookie,1,2.0,0,2.0,cash,online,C0093
5263,2025-10-12,Sunday,P07,Blueberry Muffin,Pastry,1,2.75,0,2.75,cash,online,C0093
5263,2025-10-12,Sunday,P14,Rye Loaf,Bread,1,4.9,0,4.9,cash,online,C0093
5264,2025-10-12,Sunday,P13,Bagel - Everything,Bread,2,2.5,0,5.0,cash,in-store,C0118
5265,2025-10-12,Sunday,P02,Baguette,Bread,1,3.25,0,3.25,upi,in-store,C0052
5265,2025-10-12,Sunday,P06,Cinnamon Roll,Pastry,1,3.75,0,3.75,upi,in-store,C0052
5265,2025-10-12,Sunday,P09,Oatmeal Raisin Cookie,Cookie,1,2.0,0,2.0,upi,in-store,C0052
5265,2025-10-12,Sunday,P12,Bagel - Plain,Bread,3,2.25,0,6.75,upi,in-store,C0052
5266,2025-10-12,Sunday,P14,Rye Loaf,Bread,1,4.9,0,4.9,cash,catering,C0020
5267,2025-10-12,Sunday,P09,Oatmeal Raisin Cookie,Cookie,3,2.0,0,6.0,upi,in-store,C0013
5267,2025-10-12,Sunday,P08,Chocolate Chip Cookie,Cookie,2,2.0,0,4.0,upi,in-store,C0013
5268,2025-10-13,Monday,P08,Chocolate Chip Cookie,Cookie,1,2.0,0,2.0,upi,in-store,C0128
5268,2025-10-13,Monday,P15,Scone - Blueberry,Pastry,1,3.0,0,3.0,upi,in-store,C0128
5269,2025-10-13,Monday,P14,Rye Loaf,Bread,1,4.9,0,4.9,cash,in-store,C0089
5269,2025-10-13,Monday,P07,Blueberry Muffin,Pastry,3,2.75,0,8.25,cash,in-store,C0089
5269,2025-10-13,Monday,P05,Pain au Chocolat,Pastry,1,3.5,0,3.5,cash,in-store,C0089
5271,2025-10-13,Monday,P14,Rye Loaf,Bread,1,4.9,0,4.9,cash,in-store,C0109
5271,2025-10-13,Monday,P14,Rye Loaf,Bread,1,4.9,0,4.9,cash,in-store,C0109
5271,2025-10-13,Monday,P07,Blueberry Muffin,Pastry,1,2.75,0,2.75,cash,in-store,C0109
5272,2025-10-13,Monday,P07,Blueberry Muffin,Pastry,1,2.75,0,2.75,card,in-store,C0030
5272,2025-10-13,Monday,P02,Baguette,Bread,2,3.25,0,6.5,card,in-store,C0030
5273,2025-10-13,Monday,P05,Pain au Chocolat,Pastry,1,3.5,0,3.5,upi,in-store,C0062
5273,2025-10-13,Monday,P03,Whole Wheat Loaf,Bread,2,4.75,0,9.5,upi,in-store,C0062
5274,2025-10-13,Monday,P12,Bagel - Plain,Bread,1,2.25,0,2.25,upi,in-store,C0019
5275,2025-10-13,Monday,P04,Croissant,Pastry,1,3.0,0,3.0,cash,online,C0067
5276,2025-10-13,Monday,P07,Blueberry Muffin,Pastry,3,2.75,0,8.25,cash,online,C0094
5276,2025-10-13,Monday,P09,Oatmeal Raisin Cookie,Cookie,1,2.0,0,2.0,cash,online,C0094
5278,2025-10-13,Monday,P02,Baguette,Bread,3,3.25,0,9.75,cash,in-store,C0084
5279,2025-10-13,Monday,P10,Birthday Cake (whole),Cake,1,32.0,0,32.0,upi,in-store,C0072
5279,2025-10-13,Monday,P12,Bagel - Plain,Bread,1,2.25,0,2.25,upi,in-store,C0072
5279,2025-10-13,Monday,P08,Chocolate Chip Cookie,Cookie,1,2.0,0,2.0,upi,in-store,C0072
5280,2025-10-13,Monday,P13,Bagel - Everything,Bread,1,2.5,0,2.5,cash,in-store,C0101
5280,2025-10-13,Monday,P09,Oatmeal Raisin Cookie,Cookie,1,2.0,0,2.0,cash,in-store,C0101
5281,2025-10-13,Monday,P05,Pain au Chocolat,Pastry,1,3.5,0,3.5,card,online,
5282,2025-10-13,Monday,P11,Cupcake (single),Cake,1,3.25,0,3.25,cash,in-store,C0121
5283,2025-10-13,Monday,P09,Oatmeal Raisin Cookie,Cookie,1,2.0,0,2.0,upi,online,C0121
5285,2025-10-13,Monday,P12,Bagel - Plain,Bread,2,2.25,0,4.5,upi,in-store,C0123
5285,2025-10-13,Monday,P13,Bagel - Everything,Bread,1,2.5,0,2.5,upi,in-store,C0123
5285,2025-10-13,Monday,P12,Bagel - Plain,Bread,3,2.25,0,6.75,upi,in-store,C0123
5286,2025-10-13,Monday,P08,Chocolate Chip Cookie,Cookie,1,2.0,0,2.0,cash,in-store,
5288,2025-10-14,Tuesday,P11,Cupcake (single),Cake,1,3.25,0,3.25,card,in-store,
5288,2025-10-14,Tuesday,P07,Blueberry Muffin,Pastry,1,2.75,0,2.75,card,in-store,
5288,2025-10-14,Tuesday,P07,Blueberry Muffin,Pastry,1,2.75,0,2.75,card,in-store,
5289,2025-10-14,Tuesday,P14,Rye Loaf,Bread,2,4.9,0,9.8,card,in-store,
5292,2025-10-14,Tuesday,P10,Birthday Cake (whole),Cake,1,32.0,0,32.0,card,in-store,
5293,2025-10-14,Tuesday,P12,Bagel - Plain,Bread,1,2.25,0,2.25,upi,in-store,C0013
5293,2025-10-14,Tuesday,P14,Rye Loaf,Bread,1,4.9,0,4.9,upi,in-store,C0013
5294,2025-10-14,Tuesday,P14,Rye Loaf,Bread,1,4.9,0,4.9,upi,in-store,C0062
5295,2025-10-14,Tuesday,P07,Blueberry Muffin,Pastry,1,2.75,0,2.75,card,in-store,
5296,2025-10-14,Tuesday,P10,Birthday Cake (whole),Cake,1,32.0,0,32.0,upi,in-store,C0051
5298,2025-10-14,Tuesday,P03,Whole Wheat Loaf,Bread,2,4.75,0,9.5,card,in-store,C0079
5299,2025-10-14,Tuesday,P04,Croissant,Pastry,1,3.0,0,3.0,upi,in-store,C0105
5299,2025-10-14,Tuesday,P02,Baguette,Bread,1,3.25,0,3.25,upi,in-store,C0105
5299,2025-10-14,Tuesday,P01,Sourdough Loaf,Bread,1,4.5,0,4.5,upi,in-store,C0105
5300,2025-10-14,Tuesday,P08,Chocolate Chip Cookie,Cookie,1,2.0,0,2.0,cash,online,C0116
5300,2025-10-14,Tuesday,P05,Pain au Chocolat,Pastry,1,3.5,0,3.5,cash,online,C0116
5301,2025-10-14,Tuesday,P08,Chocolate Chip Cookie,Cookie,2,2.0,0,4.0,card,in-store,C0024
5302,2025-10-14,Tuesday,P14,Rye Loaf,Bread,2,4.9,0,9.8,upi,in-store,
5303,2025-10-14,Tuesday,P04,Croissant,Pastry,3,3.0,0,9.0,upi,in-store,C0083
5303,2025-10-14,Tuesday,P01,Sourdough Loaf,Bread,1,4.5,0,4.5,upi,in-store,C0083
5304,2025-10-14,Tuesday,P10,Birthday Cake (whole),Cake,1,32.0,0,32.0,upi,online,
5306,2025-10-15,Wednesday,P05,Pain au Chocolat,Pastry,3,3.5,0,10.5,upi,in-store,C0014
5307,2025-10-15,Wednesday,P01,Sourdough Loaf,Bread,1,4.5,0,4.5,cash,in-store,C0034
5307,2025-10-15,Wednesday,P07,Blueberry Muffin,Pastry,1,2.75,0,2.75,cash,in-store,C0034
5308,2025-10-15,Wednesday,P15,Scone - Blueberry,Pastry,1,3.0,0,3.0,upi,in-store,
5309,2025-10-15,Wednesday,P02,Baguette,Bread,2,3.25,0,6.5,card,in-store,
5310,2025-10-15,Wednesday,P12,Bagel - Plain,Bread,1,2.25,0,2.25,upi,in-store,
5311,2025-10-15,Wednesday,P01,Sourdough Loaf,Bread,1,4.5,0,4.5,upi,in-store,
5311,2025-10-15,Wednesday,P05,Pain au Chocolat,Pastry,1,3.5,0,3.5,upi,in-store,
5312,2025-10-15,Wednesday,P08,Chocolate Chip Cookie,Cookie,1,2.0,0,2.0,upi,in-store,
5313,2025-10-15,Wednesday,P07,Blueberry Muffin,Pastry,1,2.75,0,2.75,upi,in-store,
5314,2025-10-15,Wednesday,P14,Rye Loaf,Bread,1,4.9,0,4.9,cash,in-store,C0027
5314,2025-10-15,Wednesday,P07,Blueberry Muffin,Pastry,1,2.75,0,2.75,cash,in-store,C0027
5315,2025-10-15,Wednesday,P14,Rye Loaf,Bread,3,4.9,0,14.7,cash,in-store,C0015
5317,2025-10-15,Wednesday,P08,Chocolate Chip Cookie,Cookie,1,2.0,0,2.0,cash,in-store,
5318,2025-10-15,Wednesday,P07,Blueberry Muffin,Pastry,1,2.75,0,2.75,upi,in-store,
5319,2025-10-15,Wednesday,P05,Pain au Chocolat,Pastry,1,3.5,0,3.5,upi,in-store,C0096
5320,2025-10-15,Wednesday,P07,Blueberry Muffin,Pastry,2,2.75,0,5.5,card,in-store,
5320,2025-10-15,Wednesday,P13,Bagel - Everything,Bread,1,2.5,0,2.5,card,in-store,
5321,2025-10-15,Wednesday,P07,Blueberry Muffin,Pastry,1,2.75,0,2.75,cash,in-store,C0007
5322,2025-10-15,Wednesday,P08,Chocolate Chip Cookie,Cookie,1,2.0,0,2.0,upi,in-store,C0081
5323,2025-10-15,Wednesday,P12,Bagel - Plain,Bread,1,2.25,0,2.25,upi,online,C0037
5324,2025-10-15,Wednesday,P02,Baguette,Bread,1,3.25,0,3.25,upi,in-store,C0012
5325,2025-10-16,Thursday,P14,Rye Loaf,Bread,1,4.9,0,4.9,upi,in-store,
5325,2025-10-16,Thursday,P05,Pain au Chocolat,Pastry,1,3.5,0,3.5,upi,in-store,
5326,2025-10-16,Thursday,P05,Pain au Chocolat,Pastry,1,3.5,0,3.5,card,in-store,C0095
5328,2025-10-16,Thursday,P08,Chocolate Chip Cookie,Cookie,1,2.0,0,2.0,upi,in-store,C0053
5329,2025-10-16,Thursday,P07,Blueberry Muffin,Pastry,1,2.75,0,2.75,cash,in-store,
5330,2025-10-16,Thursday,P10,Birthday Cake (whole),Cake,1,32.0,0,32.0,cash,online,C0053
5330,2025-10-16,Thursday,P12,Bagel - Plain,Bread,1,2.25,0,2.25,cash,online,C0053
5331,2025-10-16,Thursday,P14,Rye Loaf,Bread,3,4.9,0,14.7,cash,in-store,C0071
5331,2025-10-16,Thursday,P15,Scone - Blueberry,Pastry,1,3.0,0,3.0,cash,in-store,C0071
5332,2025-10-16,Thursday,P05,Pain au Chocolat,Pastry,3,3.5,0,10.5,upi,in-store,C0079
5332,2025-10-16,Thursday,P07,Blueberry Muffin,Pastry,1,2.75,0,2.75,upi,in-store,C0079
5333,2025-10-16,Thursday,P07,Blueberry Muffin,Pastry,3,2.75,0,8.25,upi,in-store,C0045
5334,2025-10-16,Thursday,P08,Chocolate Chip Cookie,Cookie,2,2.0,0,4.0,card,in-store,C0061
5334,2025-10-16,Thursday,P03,Whole Wheat Loaf,Bread,1,4.75,0,4.75,card,in-store,C0061
5335,2025-10-16,Thursday,P02,Baguette,Bread,1,3.25,0,3.25,cash,in-store,
5335,2025-10-16,Thursday,P12,Bagel - Plain,Bread,1,2.25,0,2.25,cash,in-store,
5336,2025-10-16,Thursday,P14,Rye Loaf,Bread,1,4.9,0,4.9,card,catering,
5337,2025-10-16,Thursday,P15,Scone - Blueberry,Pastry,1,3.0,0,3.0,card,in-store,C0104
5337,2025-10-16,Thursday,P02,Baguette,Bread,1,3.25,0,3.25,card,in-store,C0104
5338,2025-10-16,Thursday,P12,Bagel - Plain,Bread,3,2.25,0,6.75,upi,online,
5339,2025-10-16,Thursday,P11,Cupcake (single),Cake,1,3.25,0,3.25,card,in-store,
5340,2025-10-16,Thursday,P13,Bagel - Everything,Bread,2,2.5,0,5.0,upi,in-store,C0104
5341,2025-10-16,Thursday,P05,Pain au Chocolat,Pastry,1,3.5,0,3.5,upi,in-store,
5342,2025-10-16,Thursday,P14,Rye Loaf,Bread,1,4.9,0,4.9,upi,in-store,C0091
5343,2025-10-16,Thursday,P14,Rye Loaf,Bread,1,4.9,0,4.9,upi,in-store,
5343,2025-10-16,Thursday,P08,Chocolate Chip Cookie,Cookie,1,2.0,0,2.0,upi,in-store,
5344,2025-10-16,Thursday,P07,Blueberry Muffin,Pastry,1,2.75,0,2.75,upi,catering,
5345,2025-10-16,Thursday,P06,Cinnamon Roll,Pastry,1,3.75,0,3.75,card,in-store,C0061
5346,2025-10-16,Thursday,P01,Sourdough Loaf,Bread,3,4.5,0,13.5,upi,in-store,
5347,2025-10-16,Thursday,P02,Baguette,Bread,1,3.25,0,3.25,cash,catering,C0056
5348,2025-10-16,Thursday,P01,Sourdough Loaf,Bread,2,4.5,0,9.0,cash,catering,
5348,2025-10-16,Thursday,P03,Whole Wheat Loaf,Bread,1,4.75,0,4.75,cash,catering,
5349,2025-10-16,Thursday,P04,Croissant,Pastry,1,3.0,0,3.0,card,in-store,C0014
5349,2025-10-16,Thursday,P05,Pain au Chocolat,Pastry,1,3.5,0,3.5,card,in-store,C0014
5350,2025-10-16,Thursday,P02,Baguette,Bread,3,3.25,0,9.75,cash,in-store,
5351,2025-10-17,Friday,P13,Bagel - Everything,Bread,1,2.5,0,2.5,upi,in-store,C0111
5352,2025-10-17,Friday,P11,Cupcake (single),Cake,1,3.25,0,3.25,card,in-store,C0079
5352,2025-10-17,Friday,P07,Blueberry Muffin,Pastry,1,2.75,0,2.75,card,in-store,C0079
5352,2025-10-17,Friday,P10,Birthday Cake (whole),Cake,1,32.0,0,32.0,card,in-store,C0079
5353,2025-10-17,Friday,P13,Bagel - Everything,Bread,2,2.5,0,5.0,cash,in-store,C0062
5353,2025-10-17,Friday,P08,Chocolate Chip Cookie,Cookie,1,2.0,0,2.0,cash,in-store,C0062
5354,2025-10-17,Friday,P14,Rye Loaf,Bread,1,4.9,0,4.9,card,in-store,C0130
5355,2025-10-17,Friday,P01,Sourdough Loaf,Bread,1,4.5,0,4.5,cash,in-store,C0046
5356,2025-10-17,Friday,P08,Chocolate Chip Cookie,Cookie,1,2.0,0,2.0,upi,in-store,C0117
5356,2025-10-17,Friday,P03,Whole Wheat Loaf,Bread,1,4.75,0,4.75,upi,in-store,C0117
5356,2025-10-17,Friday,P11,Cupcake (single),Cake,1,3.25,0,3.25,upi,in-store,C0117
5357,2025-10-17,Friday,P08,Chocolate Chip Cookie,Cookie,1,2.0,0,2.0,cash,online,C0015
5358,2025-10-17,Friday,P03,Whole Wheat Loaf,Bread,1,4.75,0,4.75,card,in-store,
5359,2025-10-17,Friday,P09,Oatmeal Raisin Cookie,Cookie,1,2.0,0,2.0,card,in-store,C0042
5361,2025-10-17,Friday,P07,Blueberry Muffin,Pastry,1,2.75,0,2.75,upi,in-store,
5362,2025-10-17,Friday,P03,Whole Wheat Loaf,Bread,1,4.75,0,4.75,card,in-store,C0051
5362,2025-10-17,Friday,P06,Cinnamon Roll,Pastry,3,3.75,0,11.25,card,in-store,C0051
5362,2025-10-17,Friday,P14,Rye Loaf,Bread,1,4.9,0,4.9,card,in-store,C0051
5363,2025-10-17,Friday,P09,Oatmeal Raisin Cookie,Cookie,3,2.0,0,6.0,upi,in-store,
5363,2025-10-17,Friday,P02,Baguette,Bread,3,3.25,0,9.75,upi,in-store,
5364,2025-10-17,Friday,P01,Sourdough Loaf,Bread,1,4.5,0,4.5,cash,online,C0121
5364,2025-10-17,Friday,P09,Oatmeal Raisin Cookie,Cookie,1,2.0,0,2.0,cash,online,C0121
5365,2025-10-17,Friday,P08,Chocolate Chip Cookie,Cookie,1,2.0,0,2.0,cash,in-store,
5366,2025-10-17,Friday,P03,Whole Wheat Loaf,Bread,1,4.75,0,4.75,card,in-store,
5366,2025-10-17,Friday,P09,Oatmeal Raisin Cookie,Cookie,3,2.0,0,6.0,card,in-store,
5366,2025-10-17,Friday,P02,Baguette,Bread,1,3.25,0,3.25,card,in-store,
5367,2025-10-17,Friday,P07,Blueberry Muffin,Pastry,1,2.75,0,2.75,upi,in-store,C0125
5368,2025-10-17,Friday,P10,Birthday Cake (whole),Cake,1,32.0,0,32.0,cash,online,C0032
5369,2025-10-17,Friday,P04,Croissant,Pastry,1,3.0,0,3.0,upi,online,C0106
5369,2025-10-17,Friday,P01,Sourdough Loaf,Bread,1,4.5,0,4.5,upi,online,C0106
5369,2025-10-17,Friday,P05,Pain au Chocolat,Pastry,1,3.5,0,3.5,upi,online,C0106
5370,2025-10-17,Friday,P15,Scone - Blueberry,Pastry,2,3.0,0,6.0,card,in-store,C0038
5371,2025-10-17,Friday,P12,Bagel - Plain,Bread,1,2.25,0,2.25,cash,online,C0068
5371,2025-10-17,Friday,P06,Cinnamon Roll,Pastry,1,3.75,0,3.75,cash,online,C0068
5371,2025-10-17,Friday,P13,Bagel - Everything,Bread,1,2.5,0,2.5,cash,online,C0068
5372,2025-10-17,Friday,P14,Rye Loaf,Bread,1,4.9,0,4.9,card,in-store,
5372,2025-10-17,Friday,P14,Rye Loaf,Bread,1,4.9,0,4.9,card,in-store,
5373,2025-10-17,Friday,P03,Whole Wheat Loaf,Bread,1,4.75,0,4.75,upi,in-store,
5373,2025-10-17,Friday,P12,Bagel - Plain,Bread,2,2.25,0,4.5,upi,in-store,
5373,2025-10-17,Friday,P08,Chocolate Chip Cookie,Cookie,1,2.0,0,2.0,upi,in-store,
5373,2025-10-17,Friday,P12,Bagel - Plain,Bread,3,2.25,0,6.75,upi,in-store,
5374,2025-10-17,Friday,P05,Pain au Chocolat,Pastry,1,3.5,0,3.5,upi,online,
5375,2025-10-17,Friday,P03,Whole Wheat Loaf,Bread,1,4.75,0,4.75,upi,in-store,C0073
5375,2025-10-17,Friday,P15,Scone - Blueberry,Pastry,3,3.0,0,9.0,upi,in-store,C0073
5375,2025-10-17,Friday,P05,Pain au Chocolat,Pastry,1,3.5,0,3.5,upi,in-store,C0073
5375,2025-10-17,Friday,P05,Pain au Chocolat,Pastry,1,3.5,0,3.5,upi,in-store,C0073
5376,2025-10-17,Friday,P14,Rye Loaf,Bread,1,4.9,0,4.9,upi,in-store,C0105
5377,2025-10-17,Friday,P14,Rye Loaf,Bread,3,4.9,0,14.7,cash,in-store,
5378,2025-10-17,Friday,P05,Pain au Chocolat,Pastry,1,3.5,0,3.5,upi,in-store,
5378,2025-10-17,Friday,P05,Pain au Chocolat,Pastry,1,3.5,0,3.5,upi,in-store,
5379,2025-10-17,Friday,P08,Chocolate Chip Cookie,Cookie,1,2.0,0,2.0,card,in-store,
5380,2025-10-17,Friday,P13,Bagel - Everything,Bread,1,2.5,0,2.5,upi,in-store,C0029
5381,2025-10-17,Friday,P04,Croissant,Pastry,2,3.0,0,6.0,cash,in-store,
5381,2025-10-17,Friday,P04,Croissant,Pastry,1,3.0,0,3.0,cash,in-store,
5381,2025-10-17,Friday,P08,Chocolate Chip Cookie,Cookie,1,2.0,0,2.0,cash,in-store,
5383,2025-10-18,Saturday,P02,Baguette,Bread,3,3.25,0,9.75,upi,in-store,C0035
5384,2025-10-18,Saturday,P08,Chocolate Chip Cookie,Cookie,1,2.0,0,2.0,upi,online,
5385,2025-10-18,Saturday,P10,Birthday Cake (whole),Cake,1,32.0,0,32.0,card,in-store,C0024
5386,2025-10-18,Saturday,P14,Rye Loaf,Bread,3,4.9,0,14.7,card,in-store,
5387,2025-10-18,Saturday,P06,Cinnamon Roll,Pastry,1,3.75,0,3.75,card,in-store,
5388,2025-10-18,Saturday,P10,Birthday Cake (whole),Cake,1,32.0,0,32.0,cash,online,C0022
5390,2025-10-18,Saturday,P08,Chocolate Chip Cookie,Cookie,1,2.0,0,2.0,upi,online,C0022
5390,2025-10-18,Saturday,P04,Croissant,Pastry,2,3.0,0,6.0,upi,online,C0022
5391,2025-10-18,Saturday,P14,Rye Loaf,Bread,3,4.9,0,14.7,card,in-store,C0056
5392,2025-10-18,Saturday,P03,Whole Wheat Loaf,Bread,3,4.75,0,14.25,upi,online,C0059
5393,2025-10-18,Saturday,P14,Rye Loaf,Bread,1,4.9,0,4.9,card,in-store,C0110
5394,2025-10-18,Saturday,P14,Rye Loaf,Bread,1,4.9,0,4.9,card,online,
5395,2025-10-18,Saturday,P03,Whole Wheat Loaf,Bread,3,4.75,0,14.25,cash,in-store,
5395,2025-10-18,Saturday,P03,Whole Wheat Loaf,Bread,1,4.75,0,4.75,cash,in-store,
5395,2025-10-18,Saturday,P04,Croissant,Pastry,1,3.0,0,3.0,cash,in-store,
5396,2025-10-18,Saturday,P01,Sourdough Loaf,Bread,3,4.5,0,13.5,card,in-store,C0043
5398,2025-10-18,Saturday,P12,Bagel - Plain,Bread,1,2.25,0,2.25,upi,online,
5399,2025-10-18,Saturday,P01,Sourdough Loaf,Bread,1,4.5,0,4.5,cash,in-store,
5399,2025-10-18,Saturday,P02,Baguette,Bread,3,3.25,0,9.75,cash,in-store,
5399,2025-10-18,Saturday,P14,Rye Loaf,Bread,1,4.9,0,4.9,cash,in-store,
5399,2025-10-18,Saturday,P15,Scone - Blueberry,Pastry,1,3.0,0,3.0,cash,in-store,
5400,2025-10-18,Saturday,P09,Oatmeal Raisin Cookie,Cookie,1,2.0,0,2.0,card,in-store,C0119
5400,2025-10-18,Saturday,P08,Chocolate Chip Cookie,Cookie,1,2.0,0,2.0,card,in-store,C0119
5401,2025-10-18,Saturday,P06,Cinnamon Roll,Pastry,1,3.75,0,3.75,cash,online,C0040
5402,2025-10-18,Saturday,P05,Pain au Chocolat,Pastry,2,3.5,0,7.0,cash,in-store,
5402,2025-10-18,Saturday,P05,Pain au Chocolat,Pastry,1,3.5,0,3.5,cash,in-store,
5403,2025-10-18,Saturday,P08,Chocolate Chip Cookie,Cookie,1,2.0,0,2.0,upi,in-store,C0098
5403,2025-10-18,Saturday,P10,Birthday Cake (whole),Cake,1,32.0,0,32.0,upi,in-store,C0098
5404,2025-10-18,Saturday,P10,Birthday Cake (whole),Cake,1,32.0,0,32.0,card,in-store,C0061
5405,2025-10-18,Saturday,P02,Baguette,Bread,3,3.25,0,9.75,upi,in-store,
5405,2025-10-18,Saturday,P01,Sourdough Loaf,Bread,1,4.5,0,4.5,upi,in-store,
5406,2025-10-18,Saturday,P04,Croissant,Pastry,1,3.0,0,3.0,upi,in-store,C0040
5406,2025-10-18,Saturday,P10,Birthday Cake (whole),Cake,1,32.0,0,32.0,upi,in-store,C0040
5407,2025-10-18,Saturday,P08,Chocolate Chip Cookie,Cookie,1,2.0,0,2.0,card,online,
5407,2025-10-18,Saturday,P14,Rye Loaf,Bread,1,4.9,0,4.9,card,online,
5408,2025-10-18,Saturday,P01,Sourdough Loaf,Bread,1,4.5,0,4.5,card,in-store,
5408,2025-10-18,Saturday,P03,Whole Wheat Loaf,Bread,1,4.75,0,4.75,card,in-store,
5410,2025-10-18,Saturday,P04,Croissant,Pastry,1,3.0,0,3.0,upi,online,C0095
5410,2025-10-18,Saturday,P11,Cupcake (single),Cake,1,3.25,0,3.25,upi,online,C0095
5411,2025-10-18,Saturday,P04,Croissant,Pastry,1,3.0,0,3.0,upi,online,C0012
5412,2025-10-18,Saturday,P05,Pain au Chocolat,Pastry,1,3.5,0,3.5,upi,in-store,
5413,2025-10-18,Saturday,P06,Cinnamon Roll,Pastry,1,3.75,0,3.75,card,online,
5415,2025-10-18,Saturday,P07,Blueberry Muffin,Pastry,1,2.75,0,2.75,upi,in-store,
5416,2025-10-18,Saturday,P09,Oatmeal Raisin Cookie,Cookie,1,2.0,0,2.0,upi,in-store,C0008
5417,2025-10-18,Saturday,P10,Birthday Cake (whole),Cake,1,32.0,0,32.0,upi,in-store,C0054
5417,2025-10-18,Saturday,P05,Pain au Chocolat,Pastry,1,3.5,0,3.5,upi,in-store,C0054
5418,2025-10-19,Sunday,P05,Pain au Chocolat,Pastry,1,3.5,0,3.5,card,online,
5418,2025-10-19,Sunday,P14,Rye Loaf,Bread,1,4.9,0,4.9,card,online,
5419,2025-10-19,Sunday,P13,Bagel - Everything,Bread,2,2.5,0,5.0,upi,online,
5419,2025-10-19,Sunday,P08,Chocolate Chip Cookie,Cookie,2,2.0,0,4.0,upi,online,
5420,2025-10-19,Sunday,P13,Bagel - Everything,Bread,1,2.5,0,2.5,cash,online,
5420,2025-10-19,Sunday,P01,Sourdough Loaf,Bread,3,4.5,0,13.5,cash,online,
5421,2025-10-19,Sunday,P15,Scone - Blueberry,Pastry,1,3.0,0,3.0,card,in-store,
5421,2025-10-19,Sunday,P15,Scone - Blueberry,Pastry,2,3.0,0,6.0,card,in-store,
5422,2025-10-19,Sunday,P02,Baguette,Bread,1,3.25,0,3.25,upi,in-store,C0105
5422,2025-10-19,Sunday,P08,Chocolate Chip Cookie,Cookie,2,2.0,0,4.0,upi,in-store,C0105
5422,2025-10-19,Sunday,P03,Whole Wheat Loaf,Bread,1,4.75,0,4.75,upi,in-store,C0105
5423,2025-10-19,Sunday,P03,Whole Wheat Loaf,Bread,1,4.75,0,4.75,upi,in-store,C0006
5423,2025-10-19,Sunday,P04,Croissant,Pastry,3,3.0,0,9.0,upi,in-store,C0006
5423,2025-10-19,Sunday,P08,Chocolate Chip Cookie,Cookie,2,2.0,0,4.0,upi,in-store,C0006
5424,2025-10-19,Sunday,P15,Scone - Blueberry,Pastry,1,3.0,0,3.0,card,in-store,C0109
5425,2025-10-19,Sunday,P15,Scone - Blueberry,Pastry,1,3.0,0,3.0,upi,in-store,C0006
5425,2025-10-19,Sunday,P07,Blueberry Muffin,Pastry,1,2.75,0,2.75,upi,in-store,C0006
5426,2025-10-19,Sunday,P09,Oatmeal Raisin Cookie,Cookie,1,2.0,0,2.0,cash,in-store,
5427,2025-10-19,Sunday,P08,Chocolate Chip Cookie,Cookie,2,2.0,0,4.0,card,online,C0054
5427,2025-10-19,Sunday,P01,Sourdough Loaf,Bread,1,4.5,0,4.5,card,online,C0054
5427,2025-10-19,Sunday,P06,Cinnamon Roll,Pastry,1,3.75,0,3.75,card,online,C0054
5427,2025-10-19,Sunday,P01,Sourdough Loaf,Bread,1,4.5,0,4.5,card,online,C0054
5428,2025-10-19,Sunday,P14,Rye Loaf,Bread,1,4.9,0,4.9,cash,in-store,C0078
5430,2025-10-19,Sunday,P08,Chocolate Chip Cookie,Cookie,1,2.0,0,2.0,upi,in-store,C0032
5431,2025-10-19,Sunday,P14,Rye Loaf,Bread,1,4.9,0,4.9,card,in-store,C0011
5432,2025-10-19,Sunday,P07,Blueberry Muffin,Pastry,1,2.75,0,2.75,card,in-store,
5432,2025-10-19,Sunday,P07,Blueberry Muffin,Pastry,1,2.75,0,2.75,card,in-store,
5432,2025-10-19,Sunday,P05,Pain au Chocolat,Pastry,1,3.5,0,3.5,card,in-store,
5433,2025-10-19,Sunday,P01,Sourdough Loaf,Bread,1,4.5,0,4.5,card,in-store,C0038
5433,2025-10-19,Sunday,P04,Croissant,Pastry,1,3.0,0,3.0,card,in-store,C0038
5433,2025-10-19,Sunday,P01,Sourdough Loaf,Bread,1,4.5,0,4.5,card,in-store,C0038
5434,2025-10-19,Sunday,P05,Pain au Chocolat,Pastry,3,3.5,0,10.5,upi,in-store,C0096
5434,2025-10-19,Sunday,P14,Rye Loaf,Bread,1,4.9,0,4.9,upi,in-store,C0096
5434,2025-10-19,Sunday,P12,Bagel - Plain,Bread,2,2.25,0,4.5,upi,in-store,C0096
5434,2025-10-19,Sunday,P15,Scone - Blueberry,Pastry,1,3.0,0,3.0,upi,in-store,C0096
5435,2025-10-19,Sunday,P14,Rye Loaf,Bread,1,4.9,0,4.9,upi,in-store,
5435,2025-10-19,Sunday,P03,Whole Wheat Loaf,Bread,1,4.75,0,4.75,upi,in-store,
5435,2025-10-19,Sunday,P06,Cinnamon Roll,Pastry,1,3.75,0,3.75,upi,in-store,
5436,2025-10-19,Sunday,P09,Oatmeal Raisin Cookie,Cookie,1,2.0,0,2.0,cash,online,C0012
5436,2025-10-19,Sunday,P10,Birthday Cake (whole),Cake,1,32.0,0,32.0,cash,online,C0012
5436,2025-10-19,Sunday,P05,Pain au Chocolat,Pastry,1,3.5,0,3.5,cash,online,C0012
5437,2025-10-19,Sunday,P09,Oatmeal Raisin Cookie,Cookie,1,2.0,0,2.0,card,in-store,C0093
5437,2025-10-19,Sunday,P08,Chocolate Chip Cookie,Cookie,1,2.0,0,2.0,card,in-store,C0093
5438,2025-10-19,Sunday,P01,Sourdough Loaf,Bread,1,4.5,0,4.5,card,in-store,C0056
5438,2025-10-19,Sunday,P05,Pain au Chocolat,Pastry,1,3.5,0,3.5,card,in-store,C0056
5439,2025-10-19,Sunday,P15,Scone - Blueberry,Pastry,1,3.0,0,3.0,upi,catering,C0009
5440,2025-10-19,Sunday,P07,Blueberry Muffin,Pastry,1,2.75,0,2.75,card,online,
5441,2025-10-19,Sunday,P10,Birthday Cake (whole),Cake,1,32.0,0,32.0,upi,online,C0027
5442,2025-10-19,Sunday,P11,Cupcake (single),Cake,1,3.25,0,3.25,upi,in-store,
5442,2025-10-19,Sunday,P08,Chocolate Chip Cookie,Cookie,2,2.0,0,4.0,upi,in-store,
5443,2025-10-19,Sunday,P05,Pain au Chocolat,Pastry,2,3.5,0,7.0,upi,in-store,
5443,2025-10-19,Sunday,P06,Cinnamon Roll,Pastry,1,3.75,0,3.75,upi,in-store,
5444,2025-10-19,Sunday,P13,Bagel - Everything,Bread,1,2.5,0,2.5,upi,catering,C0066
5445,2025-10-19,Sunday,P05,Pain au Chocolat,Pastry,1,3.5,0,3.5,cash,in-store,
5445,2025-10-19,Sunday,P03,Whole Wheat Loaf,Bread,1,4.75,0,4.75,cash,in-store,
5446,2025-10-19,Sunday,P13,Bagel - Everything,Bread,1,2.5,0,2.5,cash,in-store,
5446,2025-10-19,Sunday,P04,Croissant,Pastry,1,3.0,0,3.0,cash,in-store,
5447,2025-10-19,Sunday,P05,Pain au Chocolat,Pastry,1,3.5,0,3.5,card,in-store,C0016
5448,2025-10-19,Sunday,P08,Chocolate Chip Cookie,Cookie,1,2.0,0,2.0,upi,in-store,C0074
5448,2025-10-19,Sunday,P05,Pain au Chocolat,Pastry,1,3.5,0,3.5,upi,in-store,C0074
5449,2025-10-19,Sunday,P08,Chocolate Chip Cookie,Cookie,1,2.0,0,2.0,card,in-store,
5449,2025-10-19,Sunday,P03,Whole Wheat Loaf,Bread,1,4.75,0,4.75,card,in-store,
5450,2025-10-19,Sunday,P07,Blueberry Muffin,Pastry,1,2.75,0,2.75,upi,in-store,C0100
5450,2025-10-19,Sunday,P04,Croissant,Pastry,3,3.0,0,9.0,upi,in-store,C0100
5451,2025-10-19,Sunday,P03,Whole Wheat Loaf,Bread,2,4.75,0,9.5,cash,in-store,C0005
5451,2025-10-19,Sunday,P05,Pain au Chocolat,Pastry,1,3.5,0,3.5,cash,in-store,C0005
5452,2025-10-19,Sunday,P14,Rye Loaf,Bread,1,4.9,0,4.9,card,in-store,C0098
5452,2025-10-19,Sunday,P05,Pain au Chocolat,Pastry,1,3.5,0,3.5,card,in-store,C0098
5453,2025-10-19,Sunday,P07,Blueberry Muffin,Pastry,1,2.75,0,2.75,upi,online,C0076
5454,2025-10-19,Sunday,P07,Blueberry Muffin,Pastry,1,2.75,0,2.75,upi,in-store,C0043
5455,2025-10-19,Sunday,P07,Blueberry Muffin,Pastry,1,2.75,0,2.75,upi,online,C0089
5455,2025-10-19,Sunday,P10,Birthday Cake (whole),Cake,1,32.0,0,32.0,upi,online,C0089
5456,2025-10-19,Sunday,P04,Croissant,Pastry,1,3.0,0,3.0,card,in-store,
5457,2025-10-19,Sunday,P04,Croissant,Pastry,1,3.0,0,3.0,upi,in-store,
5458,2025-10-19,Sunday,P14,Rye Loaf,Bread,2,4.9,0,9.8,card,in-store,
5459,2025-10-19,Sunday,P12,Bagel - Plain,Bread,2,2.25,0,4.5,card,in-store,C0116
5459,2025-10-19,Sunday,P04,Croissant,Pastry,1,3.0,0,3.0,card,in-store,C0116
5460,2025-10-19,Sunday,P05,Pain au Chocolat,Pastry,2,3.5,0,7.0,card,in-store,
5460,2025-10-19,Sunday,P15,Scone - Blueberry,Pastry,1,3.0,0,3.0,card,in-store,
5460,2025-10-19,Sunday,P07,Blueberry Muffin,Pastry,1,2.75,0,2.75,card,in-store,
5461,2025-10-20,Monday,P04,Croissant,Pastry,1,3.0,0,3.0,upi,in-store,C0045
5461,2025-10-20,Monday,P15,Scone - Blueberry,Pastry,1,3.0,0,3.0,upi,in-store,C0045
5463,2025-10-20,Monday,P05,Pain au Chocolat,Pastry,1,3.5,0,3.5,upi,in-store,C0121
5464,2025-10-20,Monday,P10,Birthday Cake (whole),Cake,1,32.0,0,32.0,card,in-store,C0011
5465,2025-10-20,Monday,P14,Rye Loaf,Bread,2,4.9,0,9.8,upi,in-store,C0121
5465,2025-10-20,Monday,P15,Scone - Blueberry,Pastry,1,3.0,0,3.0,upi,in-store,C0121
5466,2025-10-20,Monday,P01,Sourdough Loaf,Bread,1,4.5,0,4.5,card,in-store,
5467,2025-10-20,Monday,P03,Whole Wheat Loaf,Bread,1,4.75,0,4.75,card,in-store,
5467,2025-10-20,Monday,P05,Pain au Chocolat,Pastry,1,3.5,0,3.5,card,in-store,
5468,2025-10-20,Monday,P12,Bagel - Plain,Bread,1,2.25,0,2.25,card,online,C0065
5469,2025-10-20,Monday,P04,Croissant,Pastry,1,3.0,0,3.0,card,catering,C0033
5470,2025-10-20,Monday,P13,Bagel - Everything,Bread,1,2.5,0,2.5,cash,online,C0105
5470,2025-10-20,Monday,P04,Croissant,Pastry,2,3.0,0,6.0,cash,online,C0105
5471,2025-10-20,Monday,P12,Bagel - Plain,Bread,1,2.25,0,2.25,card,in-store,C0103
5472,2025-10-20,Monday,P05,Pain au Chocolat,Pastry,1,3.5,0,3.5,card,in-store,C0110
5472,2025-10-20,Monday,P02,Baguette,Bread,1,3.25,0,3.25,card,in-store,C0110
5472,2025-10-20,Monday,P03,Whole Wheat Loaf,Bread,1,4.75,0,4.75,card,in-store,C0110
5473,2025-10-20,Monday,P09,Oatmeal Raisin Cookie,Cookie,3,2.0,0,6.0,card,in-store,
5474,2025-10-20,Monday,P08,Chocolate Chip Cookie,Cookie,3,2.0,0,6.0,upi,in-store,C0009
5474,2025-10-20,Monday,P08,Chocolate Chip Cookie,Cookie,1,2.0,0,2.0,upi,in-store,C0009
5475,2025-10-20,Monday,P13,Bagel - Everything,Bread,1,2.5,0,2.5,upi,catering,
5476,2025-10-20,Monday,P09,Oatmeal Raisin Cookie,Cookie,1,2.0,0,2.0,card,in-store,
5477,2025-10-20,Monday,P09,Oatmeal Raisin Cookie,Cookie,1,2.0,0,2.0,upi,in-store,C0020
5477,2025-10-20,Monday,P03,Whole Wheat Loaf,Bread,1,4.75,0,4.75,upi,in-store,C0020
5478,2025-10-20,Monday,P15,Scone - Blueberry,Pastry,1,3.0,0,3.0,cash,in-store,C0041
5479,2025-10-20,Monday,P08,Chocolate Chip Cookie,Cookie,1,2.0,0,2.0,cash,catering,
5479,2025-10-20,Monday,P09,Oatmeal Raisin Cookie,Cookie,3,2.0,0,6.0,cash,catering,
5480,2025-10-20,Monday,P03,Whole Wheat Loaf,Bread,1,4.75,0,4.75,upi,online,
5481,2025-10-20,Monday,P15,Scone - Blueberry,Pastry,1,3.0,0,3.0,card,in-store,
5482,2025-10-20,Monday,P08,Chocolate Chip Cookie,Cookie,1,2.0,0,2.0,upi,in-store,
5482,2025-10-20,Monday,P14,Rye Loaf,Bread,1,4.9,0,4.9,upi,in-store,
5482,2025-10-20,Monday,P08,Chocolate Chip Cookie,Cookie,1,2.0,0,2.0,upi,in-store,
5483,2025-10-20,Monday,P14,Rye Loaf,Bread,3,4.9,0,14.7,upi,in-store,
5483,2025-10-20,Monday,P05,Pain au Chocolat,Pastry,1,3.5,0,3.5,upi,in-store,
5484,2025-10-20,Monday,P03,Whole Wheat Loaf,Bread,1,4.75,0,4.75,upi,in-store,
5485,2025-10-20,Monday,P06,Cinnamon Roll,Pastry,1,3.75,0,3.75,card,in-store,
5486,2025-10-20,Monday,P11,Cupcake (single),Cake,1,3.25,0,3.25,upi,in-store,C0077
5486,2025-10-20,Monday,P15,Scone - Blueberry,Pastry,3,3.0,0,9.0,upi,in-store,C0077
5486,2025-10-20,Monday,P08,Chocolate Chip Cookie,Cookie,1,2.0,0,2.0,upi,in-store,C0077
5487,2025-10-20,Monday,P15,Scone - Blueberry,Pastry,1,3.0,0,3.0,upi,in-store,C0018
5487,2025-10-20,Monday,P14,Rye Loaf,Bread,1,4.9,0,4.9,upi,in-store,C0018
5488,2025-10-20,Monday,P12,Bagel - Plain,Bread,1,2.25,0,2.25,upi,catering,C0100
5489,2025-10-21,Tuesday,P03,Whole Wheat Loaf,Bread,1,4.75,0,4.75,card,in-store,
5490,2025-10-21,Tuesday,P08,Chocolate Chip Cookie,Cookie,1,2.0,0,2.0,cash,catering,C0120
5491,2025-10-21,Tuesday,P13,Bagel - Everything,Bread,1,2.5,0,2.5,cash,in-store,C0043
5491,2025-10-21,Tuesday,P01,Sourdough Loaf,Bread,1,4.5,0,4.5,cash,in-store,C0043
5491,2025-10-21,Tuesday,P14,Rye Loaf,Bread,3,4.9,0,14.7,cash,in-store,C0043
5492,2025-10-21,Tuesday,P04,Croissant,Pastry,1,3.0,0,3.0,upi,online,
5493,2025-10-21,Tuesday,P05,Pain au Chocolat,Pastry,1,3.5,0,3.5,card,in-store,
5494,2025-10-21,Tuesday,P03,Whole Wheat Loaf,Bread,1,4.75,0,4.75,card,in-store,C0103
5495,2025-10-21,Tuesday,P08,Chocolate Chip Cookie,Cookie,1,2.0,0,2.0,upi,in-store,C0088
5496,2025-10-21,Tuesday,P05,Pain au Chocolat,Pastry,1,3.5,0,3.5,card,online,C0048
5496,2025-10-21,Tuesday,P04,Croissant,Pastry,3,3.0,0,9.0,card,online,C0048
5498,2025-10-21,Tuesday,P06,Cinnamon Roll,Pastry,1,3.75,0,3.75,card,in-store,C0121
5498,2025-10-21,Tuesday,P07,Blueberry Muffin,Pastry,1,2.75,0,2.75,card,in-store,C0121
5499,2025-10-21,Tuesday,P03,Whole Wheat Loaf,Bread,1,4.75,0,4.75,cash,in-store,C0034
5499,2025-10-21,Tuesday,P13,Bagel - Everything,Bread,3,2.5,0,7.5,cash,in-store,C0034
5500,2025-10-21,Tuesday,P07,Blueberry Muffin,Pastry,1,2.75,0,2.75,card,in-store,C0085
5500,2025-10-21,Tuesday,P10,Birthday Cake (whole),Cake,1,32.0,0,32.0,card,in-store,C0085
5501,2025-10-21,Tuesday,P05,Pain au Chocolat,Pastry,3,3.5,0,10.5,cash,in-store,
5501,2025-10-21,Tuesday,P07,Blueberry Muffin,Pastry,3,2.75,0,8.25,cash,in-store,
5502,2025-10-21,Tuesday,P07,Blueberry Muffin,Pastry,1,2.75,0,2.75,upi,in-store,
5503,2025-10-21,Tuesday,P14,Rye Loaf,Bread,1,4.9,0,4.9,card,in-store,
5503,2025-10-21,Tuesday,P13,Bagel - Everything,Bread,1,2.5,0,2.5,card,in-store,
5504,2025-10-21,Tuesday,P03,Whole Wheat Loaf,Bread,2,4.75,0,9.5,upi,in-store,C0109
5505,2025-10-21,Tuesday,P12,Bagel - Plain,Bread,1,2.25,0,2.25,upi,catering,C0072
5506,2025-10-21,Tuesday,P15,Scone - Blueberry,Pastry,1,3.0,0,3.0,upi,in-store,C0093
5506,2025-10-21,Tuesday,P07,Blueberry Muffin,Pastry,1,2.75,0,2.75,upi,in-store,C0093
5507,2025-10-21,Tuesday,P10,Birthday Cake (whole),Cake,1,32.0,0,32.0,upi,in-store,
5508,2025-10-21,Tuesday,P03,Whole Wheat Loaf,Bread,1,4.75,0,4.75,upi,in-store,
5509,2025-10-21,Tuesday,P01,Sourdough Loaf,Bread,1,4.5,0,4.5,card,in-store,
5511,2025-10-21,Tuesday,P01,Sourdough Loaf,Bread,1,4.5,0,4.5,cash,in-store,
5511,2025-10-21,Tuesday,P01,Sourdough Loaf,Bread,1,4.5,0,4.5,cash,in-store,
5512,2025-10-21,Tuesday,P04,Croissant,Pastry,1,3.0,0,3.0,upi,online,C0088
5514,2025-10-22,Wednesday,P03,Whole Wheat Loaf,Bread,3,4.75,0,14.25,cash,in-store,C0038
5514,2025-10-22,Wednesday,P08,Chocolate Chip Cookie,Cookie,1,2.0,0,2.0,cash,in-store,C0038
5515,2025-10-22,Wednesday,P03,Whole Wheat Loaf,Bread,1,4.75,0,4.75,cash,in-store,
5516,2025-10-22,Wednesday,P10,Birthday Cake (whole),Cake,1,32.0,0,32.0,card,in-store,C0001
5517,2025-10-22,Wednesday,P10,Birthday Cake (whole),Cake,1,32.0,0,32.0,upi,in-store,C0069
5518,2025-10-22,Wednesday,P05,Pain au Chocolat,Pastry,1,3.5,0,3.5,cash,in-store,
5519,2025-10-22,Wednesday,P14,Rye Loaf,Bread,3,4.9,0,14.7,upi,in-store,
5519,2025-10-22,Wednesday,P14,Rye Loaf,Bread,1,4.9,0,4.9,upi,in-store,
5520,2025-10-22,Wednesday,P03,Whole Wheat Loaf,Bread,1,4.75,0,4.75,cash,in-store,C0004
5522,2025-10-22,Wednesday,P10,Birthday Cake (whole),Cake,1,32.0,0,32.0,upi,in-store,
5522,2025-10-22,Wednesday,P10,Birthday Cake (whole),Cake,1,32.0,0,32.0,upi,in-store,
5523,2025-10-22,Wednesday,P01,Sourdough Loaf,Bread,1,4.5,0,4.5,card,in-store,
5523,2025-10-22,Wednesday,P14,Rye Loaf,Bread,1,4.9,0,4.9,card,in-store,
5524,2025-10-22,Wednesday,P05,Pain au Chocolat,Pastry,3,3.5,0,10.5,cash,online,C0026
5525,2025-10-22,Wednesday,P11,Cupcake (single),Cake,1,3.25,0,3.25,cash,in-store,
5526,2025-10-22,Wednesday,P07,Blueberry Muffin,Pastry,1,2.75,0,2.75,card,in-store,C0056
5526,2025-10-22,Wednesday,P03,Whole Wheat Loaf,Bread,1,4.75,0,4.75,card,in-store,C0056
5526,2025-10-22,Wednesday,P08,Chocolate Chip Cookie,Cookie,1,2.0,0,2.0,card,in-store,C0056
5529,2025-10-22,Wednesday,P14,Rye Loaf,Bread,1,4.9,0,4.9,card,online,
5530,2025-10-22,Wednesday,P02,Baguette,Bread,1,3.25,0,3.25,card,catering,C0114
5531,2025-10-22,Wednesday,P06,Cinnamon Roll,Pastry,1,3.75,0,3.75,upi,online,
5531,2025-10-22,Wednesday,P12,Bagel - Plain,Bread,1,2.25,0,2.25,upi,online,
5532,2025-10-22,Wednesday,P07,Blueberry Muffin,Pastry,1,2.75,0,2.75,card,in-store,
5534,2025-10-23,Thursday,P02,Baguette,Bread,2,3.25,0,6.5,upi,in-store,C0090
5536,2025-10-23,Thursday,P14,Rye Loaf,Bread,1,4.9,0,4.9,upi,online,C0106
5537,2025-10-23,Thursday,P12,Bagel - Plain,Bread,1,2.25,0,2.25,cash,in-store,
5537,2025-10-23,Thursday,P11,Cupcake (single),Cake,1,3.25,0,3.25,cash,in-store,
5538,2025-10-23,Thursday,P09,Oatmeal Raisin Cookie,Cookie,3,2.0,0,6.0,card,online,C0094
5538,2025-10-23,Thursday,P08,Chocolate Chip Cookie,Cookie,1,2.0,0,2.0,card,online,C0094
5539,2025-10-23,Thursday,P08,Chocolate Chip Cookie,Cookie,3,2.0,0,6.0,upi,in-store,C0022
5540,2025-10-23,Thursday,P14,Rye Loaf,Bread,1,4.9,0,4.9,cash,in-store,C0004
5540,2025-10-23,Thursday,P01,Sourdough Loaf,Bread,1,4.5,0,4.5,cash,in-store,C0004
5541,2025-10-23,Thursday,P04,Croissant,Pastry,1,3.0,0,3.0,cash,in-store,C0017
5541,2025-10-23,Thursday,P05,Pain au Chocolat,Pastry,1,3.5,0,3.5,cash,in-store,C0017
5542,2025-10-23,Thursday,P14,Rye Loaf,Bread,1,4.9,0,4.9,upi,online,C0051
5542,2025-10-23,Thursday,P08,Chocolate Chip Cookie,Cookie,2,2.0,0,4.0,upi,online,C0051
5542,2025-10-23,Thursday,P03,Whole Wheat Loaf,Bread,1,4.75,0,4.75,upi,online,C0051
5544,2025-10-23,Thursday,P05,Pain au Chocolat,Pastry,1,3.5,0,3.5,card,in-store,
5545,2025-10-23,Thursday,P14,Rye Loaf,Bread,1,4.9,0,4.9,cash,in-store,
5545,2025-10-23,Thursday,P05,Pain au Chocolat,Pastry,3,3.5,0,10.5,cash,in-store,
5547,2025-10-23,Thursday,P06,Cinnamon Roll,Pastry,1,3.75,0,3.75,upi,online,C0014
5548,2025-10-23,Thursday,P13,Bagel - Everything,Bread,1,2.5,0,2.5,upi,in-store,C0058
5549,2025-10-23,Thursday,P02,Baguette,Bread,1,3.25,0,3.25,upi,online,C0071
5550,2025-10-23,Thursday,P13,Bagel - Everything,Bread,1,2.5,0,2.5,card,online,C0046
5550,2025-10-23,Thursday,P08,Chocolate Chip Cookie,Cookie,2,2.0,0,4.0,card,online,C0046
5550,2025-10-23,Thursday,P14,Rye Loaf,Bread,1,4.9,0,4.9,card,online,C0046
5550,2025-10-23,Thursday,P14,Rye Loaf,Bread,3,4.9,0,14.7,card,online,C0046
5552,2025-10-23,Thursday,P03,Whole Wheat Loaf,Bread,1,4.75,0,4.75,cash,online,
5552,2025-10-23,Thursday,P09,Oatmeal Raisin Cookie,Cookie,2,2.0,0,4.0,cash,online,
5553,2025-10-23,Thursday,P10,Birthday Cake (whole),Cake,1,32.0,0,32.0,cash,in-store,
5555,2025-10-23,Thursday,P07,Blueberry Muffin,Pastry,1,2.75,0,2.75,card,in-store,
5556,2025-10-23,Thursday,P15,Scone - Blueberry,Pastry,1,3.0,0,3.0,card,in-store,
5556,2025-10-23,Thursday,P12,Bagel - Plain,Bread,3,2.25,0,6.75,card,in-store,
5557,2025-10-23,Thursday,P08,Chocolate Chip Cookie,Cookie,1,2.0,0,2.0,upi,in-store,C0029
5557,2025-10-23,Thursday,P12,Bagel - Plain,Bread,1,2.25,0,2.25,upi,in-store,C0029
5558,2025-10-23,Thursday,P08,Chocolate Chip Cookie,Cookie,1,2.0,0,2.0,upi,in-store,
5559,2025-10-23,Thursday,P14,Rye Loaf,Bread,1,4.9,0,4.9,cash,in-store,
5560,2025-10-23,Thursday,P05,Pain au Chocolat,Pastry,1,3.5,0,3.5,upi,catering,
5561,2025-10-23,Thursday,P10,Birthday Cake (whole),Cake,1,32.0,0,32.0,upi,in-store,C0024
5562,2025-10-23,Thursday,P12,Bagel - Plain,Bread,1,2.25,0,2.25,card,online,C0044
5562,2025-10-23,Thursday,P02,Baguette,Bread,1,3.25,0,3.25,card,online,C0044
5563,2025-10-23,Thursday,P11,Cupcake (single),Cake,1,3.25,0,3.25,card,in-store,C0019
5564,2025-10-24,Friday,P13,Bagel - Everything,Bread,1,2.5,0,2.5,upi,in-store,
5565,2025-10-24,Friday,P05,Pain au Chocolat,Pastry,1,3.5,0,3.5,upi,in-store,
5566,2025-10-24,Friday,P07,Blueberry Muffin,Pastry,3,2.75,0,8.25,cash,in-store,
5567,2025-10-24,Friday,P03,Whole Wheat Loaf,Bread,1,4.75,0,4.75,card,online,C0048
5568,2025-10-24,Friday,P15,Scone - Blueberry,Pastry,1,3.0,0,3.0,card,in-store,
5569,2025-10-24,Friday,P06,Cinnamon Roll,Pastry,1,3.75,0,3.75,upi,in-store,
5569,2025-10-24,Friday,P07,Blueberry Muffin,Pastry,2,2.75,0,5.5,upi,in-store,
5569,2025-10-24,Friday,P09,Oatmeal Raisin Cookie,Cookie,1,2.0,0,2.0,upi,in-store,
5570,2025-10-24,Friday,P12,Bagel - Plain,Bread,1,2.25,0,2.25,upi,in-store,C0037
5573,2025-10-24,Friday,P05,Pain au Chocolat,Pastry,2,3.5,0,7.0,upi,in-store,
5573,2025-10-24,Friday,P05,Pain au Chocolat,Pastry,2,3.5,0,7.0,upi,in-store,
5573,2025-10-24,Friday,P07,Blueberry Muffin,Pastry,1,2.75,0,2.75,upi,in-store,
5574,2025-10-24,Friday,P06,Cinnamon Roll,Pastry,1,3.75,0,3.75,cash,in-store,C0106
5575,2025-10-24,Friday,P05,Pain au Chocolat,Pastry,1,3.5,0,3.5,upi,in-store,C0061
5575,2025-10-24,Friday,P03,Whole Wheat Loaf,Bread,1,4.75,0,4.75,upi,in-store,C0061
5576,2025-10-24,Friday,P10,Birthday Cake (whole),Cake,1,32.0,0,32.0,cash,in-store,C0081
5577,2025-10-24,Friday,P15,Scone - Blueberry,Pastry,1,3.0,0,3.0,upi,in-store,C0031
5577,2025-10-24,Friday,P08,Chocolate Chip Cookie,Cookie,2,2.0,0,4.0,upi,in-store,C0031
5578,2025-10-24,Friday,P08,Chocolate Chip Cookie,Cookie,1,2.0,0,2.0,card,in-store,
5580,2025-10-24,Friday,P05,Pain au Chocolat,Pastry,2,3.5,0,7.0,upi,in-store,C0005
5580,2025-10-24,Friday,P12,Bagel - Plain,Bread,1,2.25,0,2.25,upi,in-store,C0005
5581,2025-10-24,Friday,P01,Sourdough Loaf,Bread,1,4.5,0,4.5,upi,in-store,
5582,2025-10-24,Friday,P08,Chocolate Chip Cookie,Cookie,1,2.0,0,2.0,card,in-store,C0082
5583,2025-10-24,Friday,P06,Cinnamon Roll,Pastry,1,3.75,0,3.75,card,in-store,
5583,2025-10-24,Friday,P11,Cupcake (single),Cake,1,3.25,0,3.25,card,in-store,
5584,2025-10-24,Friday,P09,Oatmeal Raisin Cookie,Cookie,2,2.0,0,4.0,cash,online,C0094
5584,2025-10-24,Friday,P04,Croissant,Pastry,1,3.0,0,3.0,cash,online,C0094
5584,2025-10-24,Friday,P09,Oatmeal Raisin Cookie,Cookie,3,2.0,0,6.0,cash,online,C0094
5584,2025-10-24,Friday,P02,Baguette,Bread,1,3.25,0,3.25,cash,online,C0094
5585,2025-10-24,Friday,P08,Chocolate Chip Cookie,Cookie,1,2.0,0,2.0,upi,in-store,
5585,2025-10-24,Friday,P01,Sourdough Loaf,Bread,3,4.5,0,13.5,upi,in-store,
5585,2025-10-24,Friday,P05,Pain au Chocolat,Pastry,3,3.5,0,10.5,upi,in-store,
5585,2025-10-24,Friday,P04,Croissant,Pastry,1,3.0,0,3.0,upi,in-store,
5586,2025-10-24,Friday,P07,Blueberry Muffin,Pastry,2,2.75,0,5.5,card,in-store,
5587,2025-10-24,Friday,P12,Bagel - Plain,Bread,1,2.25,0,2.25,card,online,C0119
5587,2025-10-24,Friday,P10,Birthday Cake (whole),Cake,1,32.0,0,32.0,card,online,C0119
5588,2025-10-24,Friday,P13,Bagel - Everything,Bread,1,2.5,0,2.5,cash,in-store,C0098
5589,2025-10-24,Friday,P07,Blueberry Muffin,Pastry,1,2.75,0,2.75,cash,in-store,
5590,2025-10-24,Friday,P12,Bagel - Plain,Bread,1,2.25,0,2.25,upi,in-store,C0099
5590,2025-10-24,Friday,P12,Bagel - Plain,Bread,1,2.25,0,2.25,upi,in-store,C0099
5590,2025-10-24,Friday,P04,Croissant,Pastry,2,3.0,0,6.0,upi,in-store,C0099
5590,2025-10-24,Friday,P08,Chocolate Chip Cookie,Cookie,1,2.0,0,2.0,upi,in-store,C0099
5591,2025-10-24,Friday,P03,Whole Wheat Loaf,Bread,1,4.75,0,4.75,upi,in-store,C0084
5592,2025-10-24,Friday,P11,Cupcake (single),Cake,1,3.25,0,3.25,upi,in-store,C0110
5592,2025-10-24,Friday,P09,Oatmeal Raisin Cookie,Cookie,1,2.0,0,2.0,upi,in-store,C0110
5593,2025-10-24,Friday,P08,Chocolate Chip Cookie,Cookie,1,2.0,0,2.0,upi,in-store,C0098
5593,2025-10-24,Friday,P10,Birthday Cake (whole),Cake,1,32.0,0,32.0,upi,in-store,C0098
5594,2025-10-24,Friday,P13,Bagel - Everything,Bread,1,2.5,0,2.5,upi,in-store,C0010
5595,2025-10-24,Friday,P06,Cinnamon Roll,Pastry,1,3.75,0,3.75,card,in-store,C0035
5597,2025-10-24,Friday,P08,Chocolate Chip Cookie,Cookie,1,2.0,0,2.0,upi,in-store,C0018
5598,2025-10-24,Friday,P09,Oatmeal Raisin Cookie,Cookie,2,2.0,0,4.0,upi,in-store,
5598,2025-10-24,Friday,P14,Rye Loaf,Bread,1,4.9,0,4.9,upi,in-store,
5600,2025-10-25,Saturday,P11,Cupcake (single),Cake,1,3.25,0,3.25,cash,in-store,
5601,2025-10-25,Saturday,P10,Birthday Cake (whole),Cake,1,32.0,0,32.0,card,in-store,C0106
5602,2025-10-25,Saturday,P04,Croissant,Pastry,1,3.0,0,3.0,upi,in-store,
5603,2025-10-25,Saturday,P07,Blueberry Muffin,Pastry,1,2.75,0,2.75,card,in-store,C0074
5604,2025-10-25,Saturday,P10,Birthday Cake (whole),Cake,1,32.0,0,32.0,upi,in-store,
5604,2025-10-25,Saturday,P14,Rye Loaf,Bread,1,4.9,0,4.9,upi,in-store,
5605,2025-10-25,Saturday,P08,Chocolate Chip Cookie,Cookie,1,2.0,0,2.0,upi,in-store,
5607,2025-10-25,Saturday,P05,Pain au Chocolat,Pastry,1,3.5,0,3.5,card,in-store,C0045
5608,2025-10-25,Saturday,P08,Chocolate Chip Cookie,Cookie,1,2.0,0,2.0,upi,in-store,C0102
5609,2025-10-25,Saturday,P03,Whole Wheat Loaf,Bread,1,4.75,0,4.75,upi,online,
5609,2025-10-25,Saturday,P02,Baguette,Bread,1,3.25,0,3.25,upi,online,
5610,2025-10-25,Saturday,P09,Oatmeal Raisin Cookie,Cookie,3,2.0,0,6.0,cash,in-store,C0113
5610,2025-10-25,Saturday,P14,Rye Loaf,Bread,1,4.9,0,4.9,cash,in-store,C0113
5610,2025-10-25,Saturday,P03,Whole Wheat Loaf,Bread,1,4.75,0,4.75,cash,in-store,C0113
5611,2025-10-25,Saturday,P07,Blueberry Muffin,Pastry,1,2.75,0,2.75,card,in-store,
5611,2025-10-25,Saturday,P10,Birthday Cake (whole),Cake,1,32.0,0,32.0,card,in-store,
5613,2025-10-25,Saturday,P14,Rye Loaf,Bread,1,4.9,0,4.9,cash,in-store,C0063
5614,2025-10-25,Saturday,P09,Oatmeal Raisin Cookie,Cookie,1,2.0,0,2.0,card,in-store,C0049
5615,2025-10-25,Saturday,P08,Chocolate Chip Cookie,Cookie,1,2.0,0,2.0,upi,online,C0063
5616,2025-10-25,Saturday,P04,Croissant,Pastry,1,3.0,0,3.0,card,in-store,C0055
5617,2025-10-25,Saturday,P04,Croissant,Pastry,1,3.0,0,3.0,upi,online,
5617,2025-10-25,Saturday,P03,Whole Wheat Loaf,Bread,1,4.75,0,4.75,upi,online,
5618,2025-10-25,Saturday,P03,Whole Wheat Loaf,Bread,1,4.75,0,4.75,upi,online,C0092
5618,2025-10-25,Saturday,P04,Croissant,Pastry,3,3.0,0,9.0,upi,online,C0092
5621,2025-10-25,Saturday,P02,Baguette,Bread,1,3.25,0,3.25,upi,in-store,
5622,2025-10-25,Saturday,P03,Whole Wheat Loaf,Bread,1,4.75,0,4.75,card,in-store,
5622,2025-10-25,Saturday,P03,Whole Wheat Loaf,Bread,1,4.75,0,4.75,card,in-store,
5622,2025-10-25,Saturday,P03,Whole Wheat Loaf,Bread,1,4.75,0,4.75,card,in-store,
5624,2025-10-25,Saturday,P05,Pain au Chocolat,Pastry,1,3.5,0,3.5,upi,in-store,C0101
5624,2025-10-25,Saturday,P09,Oatmeal Raisin Cookie,Cookie,1,2.0,0,2.0,upi,in-store,C0101
5624,2025-10-25,Saturday,P04,Croissant,Pastry,1,3.0,0,3.0,upi,in-store,C0101
5625,2025-10-25,Saturday,P02,Baguette,Bread,1,3.25,0,3.25,cash,in-store,C0012
5626,2025-10-25,Saturday,P13,Bagel - Everything,Bread,3,2.5,0,7.5,upi,in-store,C0126
5627,2025-10-25,Saturday,P11,Cupcake (single),Cake,1,3.25,0,3.25,card,online,C0058
5627,2025-10-25,Saturday,P13,Bagel - Everything,Bread,1,2.5,0,2.5,card,online,C0058
5627,2025-10-25,Saturday,P04,Croissant,Pastry,2,3.0,0,6.0,card,online,C0058
5628,2025-10-25,Saturday,P10,Birthday Cake (whole),Cake,1,32.0,0,32.0,upi,catering,C0015
5629,2025-10-25,Saturday,P08,Chocolate Chip Cookie,Cookie,2,2.0,0,4.0,card,in-store,
5631,2025-10-25,Saturday,P03,Whole Wheat Loaf,Bread,2,4.75,0,9.5,upi,in-store,C0106
5632,2025-10-25,Saturday,P14,Rye Loaf,Bread,1,4.9,0,4.9,cash,in-store,
5632,2025-10-25,Saturday,P02,Baguette,Bread,1,3.25,0,3.25,cash,in-store,
5632,2025-10-25,Saturday,P09,Oatmeal Raisin Cookie,Cookie,1,2.0,0,2.0,cash,in-store,
5633,2025-10-25,Saturday,P01,Sourdough Loaf,Bread,3,4.5,0,13.5,cash,in-store,C0042
5634,2025-10-25,Saturday,P13,Bagel - Everything,Bread,1,2.5,0,2.5,upi,in-store,C0057
5634,2025-10-25,Saturday,P10,Birthday Cake (whole),Cake,1,32.0,0,32.0,upi,in-store,C0057
5636,2025-10-25,Saturday,P01,Sourdough Loaf,Bread,2,4.5,0,9.0,card,in-store,C0007
5636,2025-10-25,Saturday,P05,Pain au Chocolat,Pastry,1,3.5,0,3.5,card,in-store,C0007
5637,2025-10-25,Saturday,P10,Birthday Cake (whole),Cake,1,32.0,0,32.0,upi,online,
5638,2025-10-25,Saturday,P12,Bagel - Plain,Bread,2,2.25,0,4.5,upi,online,C0005
5639,2025-10-25,Saturday,P12,Bagel - Plain,Bread,2,2.25,0,4.5,card,in-store,
5639,2025-10-25,Saturday,P09,Oatmeal Raisin Cookie,Cookie,1,2.0,0,2.0,card,in-store,
5640,2025-10-25,Saturday,P15,Scone - Blueberry,Pastry,1,3.0,0,3.0,card,in-store,
5642,2025-10-26,Sunday,P04,Croissant,Pastry,2,3.0,0,6.0,upi,in-store,C0041
5643,2025-10-26,Sunday,P06,Cinnamon Roll,Pastry,3,3.75,0,11.25,upi,in-store,
5643,2025-10-26,Sunday,P01,Sourdough Loaf,Bread,2,4.5,0,9.0,upi,in-store,
5643,2025-10-26,Sunday,P06,Cinnamon Roll,Pastry,1,3.75,0,3.75,upi,in-store,
5643,2025-10-26,Sunday,P06,Cinnamon Roll,Pastry,1,3.75,0,3.75,upi,in-store,
5644,2025-10-26,Sunday,P04,Croissant,Pastry,1,3.0,0,3.0,card,in-store,C0015
5644,2025-10-26,Sunday,P10,Birthday Cake (whole),Cake,1,32.0,0,32.0,card,in-store,C0015
5646,2025-10-26,Sunday,P08,Chocolate Chip Cookie,Cookie,2,2.0,0,4.0,cash,online,
5647,2025-10-26,Sunday,P01,Sourdough Loaf,Bread,3,4.5,0,13.5,card,in-store,
5649,2025-10-26,Sunday,P08,Chocolate Chip Cookie,Cookie,1,2.0,0,2.0,cash,in-store,
5649,2025-10-26,Sunday,P15,Scone - Blueberry,Pastry,1,3.0,0,3.0,cash,in-store,
5650,2025-10-26,Sunday,P02,Baguette,Bread,3,3.25,0,9.75,cash,online,
5651,2025-10-26,Sunday,P04,Croissant,Pastry,1,3.0,0,3.0,upi,catering,
5651,2025-10-26,Sunday,P12,Bagel - Plain,Bread,2,2.25,0,4.5,upi,catering,
5651,2025-10-26,Sunday,P08,Chocolate Chip Cookie,Cookie,1,2.0,0,2.0,upi,catering,
5652,2025-10-26,Sunday,P07,Blueberry Muffin,Pastry,2,2.75,0,5.5,card,in-store,
5653,2025-10-26,Sunday,P07,Blueberry Muffin,Pastry,1,2.75,0,2.75,upi,in-store,
5654,2025-10-26,Sunday,P02,Baguette,Bread,1,3.25,0,3.25,card,online,C0018
5655,2025-10-26,Sunday,P05,Pain au Chocolat,Pastry,2,3.5,0,7.0,cash,in-store,C0069
5656,2025-10-26,Sunday,P10,Birthday Cake (whole),Cake,1,32.0,0,32.0,upi,in-store,C0055
5657,2025-10-26,Sunday,P13,Bagel - Everything,Bread,1,2.5,0,2.5,upi,online,C0002
5658,2025-10-26,Sunday,P15,Scone - Blueberry,Pastry,1,3.0,0,3.0,card,online,
5659,2025-10-26,Sunday,P08,Chocolate Chip Cookie,Cookie,2,2.0,0,4.0,cash,in-store,
5659,2025-10-26,Sunday,P05,Pain au Chocolat,Pastry,1,3.5,0,3.5,cash,in-store,
5660,2025-10-26,Sunday,P02,Baguette,Bread,1,3.25,0,3.25,upi,in-store,C0062
5660,2025-10-26,Sunday,P02,Baguette,Bread,1,3.25,0,3.25,upi,in-store,C0062
5661,2025-10-27,Monday,P06,Cinnamon Roll,Pastry,1,3.75,0,3.75,card,in-store,C0022
5662,2025-10-27,Monday,P13,Bagel - Everything,Bread,1,2.5,0,2.5,upi,catering,C0016
5663,2025-10-27,Monday,P15,Scone - Blueberry,Pastry,3,3.0,0,9.0,upi,in-store,C0124
5663,2025-10-27,Monday,P01,Sourdough Loaf,Bread,1,4.5,0,4.5,upi,in-store,C0124
5664,2025-10-27,Monday,P02,Baguette,Bread,1,3.25,0,3.25,upi,in-store,C0110
5665,2025-10-27,Monday,P06,Cinnamon Roll,Pastry,3,3.75,0,11.25,upi,online,
5666,2025-10-27,Monday,P10,Birthday Cake (whole),Cake,1,32.0,0,32.0,cash,in-store,C0072
5666,2025-10-27,Monday,P05,Pain au Chocolat,Pastry,1,3.5,0,3.5,cash,in-store,C0072
5667,2025-10-28,Tuesday,P14,Rye Loaf,Bread,2,4.9,0,9.8,upi,in-store,
5667,2025-10-28,Tuesday,P08,Chocolate Chip Cookie,Cookie,1,2.0,0,2.0,upi,in-store,
5668,2025-10-28,Tuesday,P01,Sourdough Loaf,Bread,1,4.5,0,4.5,cash,in-store,C0114
5669,2025-10-28,Tuesday,P02,Baguette,Bread,1,3.25,0,3.25,upi,in-store,C0045
5669,2025-10-28,Tuesday,P10,Birthday Cake (whole),Cake,1,32.0,0,32.0,upi,in-store,C0045
5670,2025-10-28,Tuesday,P03,Whole Wheat Loaf,Bread,1,4.75,0,4.75,upi,in-store,C0099
5670,2025-10-28,Tuesday,P05,Pain au Chocolat,Pastry,2,3.5,0,7.0,upi,in-store,C0099
5672,2025-10-28,Tuesday,P02,Baguette,Bread,1,3.25,0,3.25,cash,in-store,C0129
5672,2025-10-28,Tuesday,P08,Chocolate Chip Cookie,Cookie,2,2.0,0,4.0,cash,in-store,C0129
5672,2025-10-28,Tuesday,P05,Pain au Chocolat,Pastry,1,3.5,0,3.5,cash,in-store,C0129
5673,2025-10-28,Tuesday,P14,Rye Loaf,Bread,2,4.9,0,9.8,card,in-store,C0122
5674,2025-10-29,Wednesday,P06,Cinnamon Roll,Pastry,1,3.75,0,3.75,upi,in-store,C0079
5675,2025-10-29,Wednesday,P06,Cinnamon Roll,Pastry,1,3.75,0,3.75,cash,in-store,C0076
5676,2025-10-29,Wednesday,P05,Pain au Chocolat,Pastry,1,3.5,0,3.5,upi,in-store,C0113
5677,2025-10-29,Wednesday,P10,Birthday Cake (whole),Cake,1,32.0,0,32.0,card,in-store,
5678,2025-10-29,Wednesday,P15,Scone - Blueberry,Pastry,1,3.0,0,3.0,upi,in-store,C0108
5679,2025-10-29,Wednesday,P13,Bagel - Everything,Bread,1,2.5,0,2.5,upi,online,
5679,2025-10-29,Wednesday,P09,Oatmeal Raisin Cookie,Cookie,1,2.0,0,2.0,upi,online,
5680,2025-10-29,Wednesday,P11,Cupcake (single),Cake,1,3.25,0,3.25,cash,in-store,
5680,2025-10-29,Wednesday,P12,Bagel - Plain,Bread,1,2.25,0,2.25,cash,in-store,
5682,2025-10-29,Wednesday,P07,Blueberry Muffin,Pastry,1,2.75,0,2.75,card,in-store,
5683,2025-10-29,Wednesday,P06,Cinnamon Roll,Pastry,1,3.75,0,3.75,upi,catering,
5683,2025-10-29,Wednesday,P08,Chocolate Chip Cookie,Cookie,3,2.0,0,6.0,upi,catering,
5683,2025-10-29,Wednesday,P13,Bagel - Everything,Bread,1,2.5,0,2.5,upi,catering,
5684,2025-10-29,Wednesday,P03,Whole Wheat Loaf,Bread,3,4.75,0,14.25,upi,in-store,C0099
5685,2025-10-29,Wednesday,P05,Pain au Chocolat,Pastry,3,3.5,0,10.5,cash,in-store,C0116
5686,2025-10-29,Wednesday,P03,Whole Wheat Loaf,Bread,1,4.75,0,4.75,cash,online,
5687,2025-10-29,Wednesday,P13,Bagel - Everything,Bread,1,2.5,0,2.5,upi,online,C0099
5687,2025-10-29,Wednesday,P13,Bagel - Everything,Bread,2,2.5,0,5.0,upi,online,C0099
5688,2025-10-29,Wednesday,P04,Croissant,Pastry,1,3.0,0,3.0,cash,online,C0004
5688,2025-10-29,Wednesday,P14,Rye Loaf,Bread,3,4.9,0,14.7,cash,online,C0004
5688,2025-10-29,Wednesday,P14,Rye Loaf,Bread,1,4.9,0,4.9,cash,online,C0004
5689,2025-10-29,Wednesday,P09,Oatmeal Raisin Cookie,Cookie,1,2.0,0,2.0,cash,online,
5690,2025-10-29,Wednesday,P12,Bagel - Plain,Bread,2,2.25,0,4.5,upi,in-store,C0054
5691,2025-10-29,Wednesday,P14,Rye Loaf,Bread,3,4.9,0,14.7,cash,in-store,C0059
5692,2025-10-29,Wednesday,P05,Pain au Chocolat,Pastry,1,3.5,0,3.5,card,in-store,C0116
5692,2025-10-29,Wednesday,P11,Cupcake (single),Cake,1,3.25,0,3.25,card,in-store,C0116
5693,2025-10-29,Wednesday,P15,Scone - Blueberry,Pastry,1,3.0,0,3.0,upi,online,
5694,2025-10-30,Thursday,P08,Chocolate Chip Cookie,Cookie,1,2.0,0,2.0,card,in-store,C0093
5695,2025-10-30,Thursday,P15,Scone - Blueberry,Pastry,1,3.0,0,3.0,upi,online,C0104
5695,2025-10-30,Thursday,P07,Blueberry Muffin,Pastry,1,2.75,0,2.75,upi,online,C0104
5695,2025-10-30,Thursday,P03,Whole Wheat Loaf,Bread,3,4.75,0,14.25,upi,online,C0104
5695,2025-10-30,Thursday,P13,Bagel - Everything,Bread,1,2.5,0,2.5,upi,online,C0104
5696,2025-10-30,Thursday,P10,Birthday Cake (whole),Cake,1,32.0,0,32.0,upi,in-store,
5697,2025-10-30,Thursday,P10,Birthday Cake (whole),Cake,1,32.0,0,32.0,card,in-store,C0056
5698,2025-10-30,Thursday,P08,Chocolate Chip Cookie,Cookie,1,2.0,0,2.0,card,in-store,C0078
5699,2025-10-30,Thursday,P08,Chocolate Chip Cookie,Cookie,3,2.0,0,6.0,upi,in-store,C0073
5699,2025-10-30,Thursday,P08,Chocolate Chip Cookie,Cookie,1,2.0,0,2.0,upi,in-store,C0073
5700,2025-10-30,Thursday,P05,Pain au Chocolat,Pastry,1,3.5,0,3.5,upi,online,
5701,2025-10-30,Thursday,P10,Birthday Cake (whole),Cake,1,32.0,0,32.0,card,in-store,C0045
5701,2025-10-30,Thursday,P15,Scone - Blueberry,Pastry,2,3.0,0,6.0,card,in-store,C0045
5702,2025-10-30,Thursday,P15,Scone - Blueberry,Pastry,2,3.0,0,6.0,upi,in-store,C0085
5703,2025-10-30,Thursday,P15,Scone - Blueberry,Pastry,1,3.0,0,3.0,card,catering,C0104
5705,2025-10-30,Thursday,P05,Pain au Chocolat,Pastry,1,3.5,0,3.5,cash,in-store,C0110
5705,2025-10-30,Thursday,P08,Chocolate Chip Cookie,Cookie,1,2.0,0,2.0,cash,in-store,C0110
5706,2025-10-30,Thursday,P01,Sourdough Loaf,Bread,1,4.5,0,4.5,card,in-store,C0050
5706,2025-10-30,Thursday,P14,Rye Loaf,Bread,1,4.9,0,4.9,card,in-store,C0050
5707,2025-10-31,Friday,P14,Rye Loaf,Bread,1,4.9,0,4.9,cash,in-store,C0043
5707,2025-10-31,Friday,P11,Cupcake (single),Cake,1,3.25,0,3.25,cash,in-store,C0043
5708,2025-10-31,Friday,P09,Oatmeal Raisin Cookie,Cookie,1,2.0,0,2.0,card,in-store,
5708,2025-10-31,Friday,P12,Bagel - Plain,Bread,1,2.25,0,2.25,card,in-store,
5709,2025-10-31,Friday,P01,Sourdough Loaf,Bread,2,4.5,0,9.0,card,in-store,C0094
5709,2025-10-31,Friday,P13,Bagel - Everything,Bread,1,2.5,0,2.5,card,in-store,C0094
5710,2025-10-31,Friday,P06,Cinnamon Roll,Pastry,3,3.75,0,11.25,upi,in-store,
5711,2025-10-31,Friday,P09,Oatmeal Raisin Cookie,Cookie,1,2.0,0,2.0,card,in-store,
5712,2025-10-31,Friday,P15,Scone - Blueberry,Pastry,1,3.0,0,3.0,upi,in-store,C0122
5713,2025-10-31,Friday,P10,Birthday Cake (whole),Cake,1,32.0,0,32.0,card,online,
5714,2025-10-31,Friday,P04,Croissant,Pastry,2,3.0,0,6.0,card,in-store,C0009
5715,2025-10-31,Friday,P04,Croissant,Pastry,1,3.0,0,3.0,upi,in-store,
5716,2025-10-31,Friday,P05,Pain au Chocolat,Pastry,1,3.5,0,3.5,upi,in-store,C0061
5717,2025-10-31,Friday,P09,Oatmeal Raisin Cookie,Cookie,2,2.0,0,4.0,card,in-store,
5718,2025-10-31,Friday,P08,Chocolate Chip Cookie,Cookie,1,2.0,0,2.0,card,in-store,
5718,2025-10-31,Friday,P02,Baguette,Bread,1,3.25,0,3.25,card,in-store,
5718,2025-10-31,Friday,P08,Chocolate Chip Cookie,Cookie,1,2.0,0,2.0,card,in-store,
5718,2025-10-31,Friday,P07,Blueberry Muffin,Pastry,1,2.75,0,2.75,card,in-store,
5719,2025-10-31,Friday,P10,Birthday Cake (whole),Cake,1,32.0,0,32.0,card,in-store,C0085
5719,2025-10-31,Friday,P01,Sourdough Loaf,Bread,2,4.5,0,9.0,card,in-store,C0085
5719,2025-10-31,Friday,P08,Chocolate Chip Cookie,Cookie,1,2.0,0,2.0,card,in-store,C0085
5720,2025-11-01,Saturday,P13,Bagel - Everything,Bread,1,2.5,0,2.5,cash,online,C0123
5721,2025-11-01,Saturday,P08,Chocolate Chip Cookie,Cookie,2,2.0,0,4.0,upi,in-store,
5722,2025-11-01,Saturday,P15,Scone - Blueberry,Pastry,1,3.0,0,3.0,card,in-store,C0083
5722,2025-11-01,Saturday,P07,Blueberry Muffin,Pastry,1,2.75,0,2.75,card,in-store,C0083
5723,2025-11-01,Saturday,P12,Bagel - Plain,Bread,2,2.25,0,4.5,card,online,
5724,2025-11-01,Saturday,P02,Baguette,Bread,1,3.25,0,3.25,card,in-store,C0061
5724,2025-11-01,Saturday,P12,Bagel - Plain,Bread,3,2.25,0,6.75,card,in-store,C0061
5724,2025-11-01,Saturday,P05,Pain au Chocolat,Pastry,1,3.5,0,3.5,card,in-store,C0061
5724,2025-11-01,Saturday,P09,Oatmeal Raisin Cookie,Cookie,1,2.0,0,2.0,card,in-store,C0061
5725,2025-11-01,Saturday,P13,Bagel - Everything,Bread,1,2.5,0,2.5,upi,in-store,C0032
5725,2025-11-01,Saturday,P11,Cupcake (single),Cake,1,3.25,0,3.25,upi,in-store,C0032
5726,2025-11-01,Saturday,P06,Cinnamon Roll,Pastry,1,3.75,0,3.75,upi,online,C0093
5726,2025-11-01,Saturday,P04,Croissant,Pastry,2,3.0,0,6.0,upi,online,C0093
5727,2025-11-01,Saturday,P02,Baguette,Bread,2,3.25,0,6.5,upi,in-store,C0043
5728,2025-11-01,Saturday,P08,Chocolate Chip Cookie,Cookie,1,2.0,0,2.0,upi,in-store,
5729,2025-11-01,Saturday,P03,Whole Wheat Loaf,Bread,1,4.75,0,4.75,cash,in-store,C0058
5730,2025-11-01,Saturday,P04,Croissant,Pastry,1,3.0,0,3.0,card,online,C0079
5730,2025-11-01,Saturday,P07,Blueberry Muffin,Pastry,1,2.75,0,2.75,card,online,C0079
5730,2025-11-01,Saturday,P07,Blueberry Muffin,Pastry,1,2.75,0,2.75,card,online,C0079
5730,2025-11-01,Saturday,P04,Croissant,Pastry,1,3.0,0,3.0,card,online,C0079
5731,2025-11-01,Saturday,P05,Pain au Chocolat,Pastry,1,3.5,0,3.5,upi,in-store,
5732,2025-11-01,Saturday,P08,Chocolate Chip Cookie,Cookie,2,2.0,0,4.0,cash,online,C0099
5732,2025-11-01,Saturday,P08,Chocolate Chip Cookie,Cookie,1,2.0,0,2.0,cash,online,C0099
5732,2025-11-01,Saturday,P12,Bagel - Plain,Bread,1,2.25,0,2.25,cash,online,C0099
5733,2025-11-01,Saturday,P02,Baguette,Bread,1,3.25,0,3.25,upi,in-store,
5734,2025-11-01,Saturday,P06,Cinnamon Roll,Pastry,2,3.75,0,7.5,upi,in-store,
5735,2025-11-01,Saturday,P03,Whole Wheat Loaf,Bread,3,4.75,0,14.25,card,in-store,C0114
5736,2025-11-01,Saturday,P01,Sourdough Loaf,Bread,1,4.5,0,4.5,cash,in-store,
5737,2025-11-01,Saturday,P08,Chocolate Chip Cookie,Cookie,1,2.0,0,2.0,upi,in-store,
5737,2025-11-01,Saturday,P07,Blueberry Muffin,Pastry,3,2.75,0,8.25,upi,in-store,
5738,2025-11-01,Saturday,P01,Sourdough Loaf,Bread,1,4.5,0,4.5,upi,in-store,
5739,2025-11-01,Saturday,P08,Chocolate Chip Cookie,Cookie,1,2.0,0,2.0,upi,in-store,
5739,2025-11-01,Saturday,P14,Rye Loaf,Bread,1,4.9,0,4.9,upi,in-store,
5740,2025-11-01,Saturday,P05,Pain au Chocolat,Pastry,1,3.5,0,3.5,upi,online,
5741,2025-11-01,Saturday,P04,Croissant,Pastry,1,3.0,0,3.0,upi,in-store,C0032
5742,2025-11-01,Saturday,P04,Croissant,Pastry,1,3.0,0,3.0,upi,in-store,C0074
5743,2025-11-01,Saturday,P12,Bagel - Plain,Bread,1,2.25,0,2.25,cash,in-store,
5744,2025-11-02,Sunday,P08,Chocolate Chip Cookie,Cookie,1,2.0,0,2.0,cash,in-store,
5744,2025-11-02,Sunday,P05,Pain au Chocolat,Pastry,3,3.5,0,10.5,cash,in-store,
5745,2025-11-02,Sunday,P02,Baguette,Bread,1,3.25,0,3.25,card,in-store,C0020
5745,2025-11-02,Sunday,P13,Bagel - Everything,Bread,2,2.5,0,5.0,card,in-store,C0020
5746,2025-11-02,Sunday,P10,Birthday Cake (whole),Cake,1,32.0,0,32.0,card,in-store,C0069
5747,2025-11-02,Sunday,P01,Sourdough Loaf,Bread,1,4.5,0,4.5,upi,in-store,
5748,2025-11-02,Sunday,P06,Cinnamon Roll,Pastry,1,3.75,0,3.75,upi,online,C0041
5748,2025-11-02,Sunday,P04,Croissant,Pastry,2,3.0,0,6.0,upi,online,C0041
5748,2025-11-02,Sunday,P03,Whole Wheat Loaf,Bread,1,4.75,0,4.75,upi,online,C0041
5749,2025-11-02,Sunday,P14,Rye Loaf,Bread,1,4.9,0,4.9,upi,in-store,C0100
5749,2025-11-02,Sunday,P06,Cinnamon Roll,Pastry,1,3.75,0,3.75,upi,in-store,C0100
5749,2025-11-02,Sunday,P02,Baguette,Bread,1,3.25,0,3.25,upi,in-store,C0100
5750,2025-11-02,Sunday,P10,Birthday Cake (whole),Cake,1,32.0,0,32.0,upi,online,C0091
5750,2025-11-02,Sunday,P06,Cinnamon Roll,Pastry,1,3.75,0,3.75,upi,online,C0091
5750,2025-11-02,Sunday,P05,Pain au Chocolat,Pastry,3,3.5,0,10.5,upi,online,C0091
5751,2025-11-02,Sunday,P08,Chocolate Chip Cookie,Cookie,1,2.0,0,2.0,cash,in-store,C0079
5751,2025-11-02,Sunday,P03,Whole Wheat Loaf,Bread,3,4.75,0,14.25,cash,in-store,C0079
5751,2025-11-02,Sunday,P12,Bagel - Plain,Bread,2,2.25,0,4.5,cash,in-store,C0079
5752,2025-11-02,Sunday,P06,Cinnamon Roll,Pastry,1,3.75,0,3.75,cash,in-store,C0113
5753,2025-11-02,Sunday,P03,Whole Wheat Loaf,Bread,1,4.75,0,4.75,cash,in-store,
5753,2025-11-02,Sunday,P07,Blueberry Muffin,Pastry,1,2.75,0,2.75,cash,in-store,
5753,2025-11-02,Sunday,P07,Blueberry Muffin,Pastry,1,2.75,0,2.75,cash,in-store,
5753,2025-11-02,Sunday,P08,Chocolate Chip Cookie,Cookie,1,2.0,0,2.0,cash,in-store,
5754,2025-11-02,Sunday,P12,Bagel - Plain,Bread,1,2.25,0,2.25,cash,in-store,
5754,2025-11-02,Sunday,P04,Croissant,Pastry,1,3.0,0,3.0,cash,in-store,
5754,2025-11-02,Sunday,P01,Sourdough Loaf,Bread,1,4.5,0,4.5,cash,in-store,
5754,2025-11-02,Sunday,P13,Bagel - Everything,Bread,1,2.5,0,2.5,cash,in-store,
5755,2025-11-02,Sunday,P07,Blueberry Muffin,Pastry,1,2.75,0,2.75,cash,in-store,
5756,2025-11-02,Sunday,P02,Baguette,Bread,1,3.25,0,3.25,cash,in-store,C0037
5757,2025-11-02,Sunday,P07,Blueberry Muffin,Pastry,1,2.75,0,2.75,card,in-store,C0008
5758,2025-11-02,Sunday,P13,Bagel - Everything,Bread,1,2.5,0,2.5,cash,in-store,
5758,2025-11-02,Sunday,P05,Pain au Chocolat,Pastry,2,3.5,0,7.0,cash,in-store,
5758,2025-11-02,Sunday,P04,Croissant,Pastry,1,3.0,0,3.0,cash,in-store,
5759,2025-11-02,Sunday,P12,Bagel - Plain,Bread,1,2.25,0,2.25,upi,in-store,C0023
5759,2025-11-02,Sunday,P05,Pain au Chocolat,Pastry,1,3.5,0,3.5,upi,in-store,C0023
5760,2025-11-02,Sunday,P12,Bagel - Plain,Bread,1,2.25,0,2.25,card,in-store,
5761,2025-11-02,Sunday,P01,Sourdough Loaf,Bread,1,4.5,0,4.5,upi,in-store,C0078
5762,2025-11-03,Monday,P04,Croissant,Pastry,1,3.0,0,3.0,upi,catering,
5763,2025-11-03,Monday,P06,Cinnamon Roll,Pastry,2,3.75,0,7.5,cash,in-store,
5764,2025-11-03,Monday,P05,Pain au Chocolat,Pastry,1,3.5,0,3.5,card,in-store,
5764,2025-11-03,Monday,P09,Oatmeal Raisin Cookie,Cookie,1,2.0,0,2.0,card,in-store,
5765,2025-11-03,Monday,P08,Chocolate Chip Cookie,Cookie,1,2.0,0,2.0,upi,in-store,C0011
5766,2025-11-03,Monday,P11,Cupcake (single),Cake,1,3.25,0,3.25,upi,in-store,
5768,2025-11-03,Monday,P13,Bagel - Everything,Bread,3,2.5,0,7.5,upi,in-store,
5769,2025-11-03,Monday,P07,Blueberry Muffin,Pastry,1,2.75,0,2.75,card,in-store,
5770,2025-11-03,Monday,P05,Pain au Chocolat,Pastry,1,3.5,0,3.5,upi,in-store,C0113
5770,2025-11-03,Monday,P07,Blueberry Muffin,Pastry,1,2.75,0,2.75,upi,in-store,C0113
5771,2025-11-03,Monday,P09,Oatmeal Raisin Cookie,Cookie,1,2.0,0,2.0,card,catering,C0035
5771,2025-11-03,Monday,P03,Whole Wheat Loaf,Bread,2,4.75,0,9.5,card,catering,C0035
5772,2025-11-03,Monday,P05,Pain au Chocolat,Pastry,1,3.5,0,3.5,upi,online,C0003
5772,2025-11-03,Monday,P07,Blueberry Muffin,Pastry,2,2.75,0,5.5,upi,online,C0003
5772,2025-11-03,Monday,P07,Blueberry Muffin,Pastry,3,2.75,0,8.25,upi,online,C0003
5773,2025-11-03,Monday,P03,Whole Wheat Loaf,Bread,1,4.75,0,4.75,card,in-store,
5774,2025-11-03,Monday,P08,Chocolate Chip Cookie,Cookie,1,2.0,0,2.0,upi,in-store,C0100
5774,2025-11-03,Monday,P10,Birthday Cake (whole),Cake,1,32.0,0,32.0,upi,in-store,C0100
5776,2025-11-04,Tuesday,P06,Cinnamon Roll,Pastry,1,3.75,0,3.75,cash,online,C0125
5776,2025-11-04,Tuesday,P09,Oatmeal Raisin Cookie,Cookie,1,2.0,0,2.0,cash,online,C0125
5776,2025-11-04,Tuesday,P08,Chocolate Chip Cookie,Cookie,1,2.0,0,2.0,cash,online,C0125
5776,2025-11-04,Tuesday,P14,Rye Loaf,Bread,1,4.9,0,4.9,cash,online,C0125
5777,2025-11-04,Tuesday,P14,Rye Loaf,Bread,1,4.9,0,4.9,upi,online,C0094
5778,2025-11-04,Tuesday,P12,Bagel - Plain,Bread,2,2.25,0,4.5,upi,in-store,C0058
5779,2025-11-04,Tuesday,P08,Chocolate Chip Cookie,Cookie,1,2.0,0,2.0,card,in-store,
5779,2025-11-04,Tuesday,P14,Rye Loaf,Bread,1,4.9,0,4.9,card,in-store,
5780,2025-11-04,Tuesday,P13,Bagel - Everything,Bread,3,2.5,0,7.5,upi,in-store,C0068
5780,2025-11-04,Tuesday,P14,Rye Loaf,Bread,1,4.9,0,4.9,upi,in-store,C0068
5781,2025-11-04,Tuesday,P05,Pain au Chocolat,Pastry,3,3.5,0,10.5,card,in-store,C0086
5781,2025-11-04,Tuesday,P11,Cupcake (single),Cake,1,3.25,0,3.25,card,in-store,C0086
5782,2025-11-04,Tuesday,P13,Bagel - Everything,Bread,1,2.5,0,2.5,upi,in-store,C0095
5782,2025-11-04,Tuesday,P04,Croissant,Pastry,1,3.0,0,3.0,upi,in-store,C0095
5783,2025-11-04,Tuesday,P08,Chocolate Chip Cookie,Cookie,1,2.0,0,2.0,cash,in-store,
5784,2025-11-04,Tuesday,P09,Oatmeal Raisin Cookie,Cookie,1,2.0,0,2.0,upi,online,
5784,2025-11-04,Tuesday,P03,Whole Wheat Loaf,Bread,1,4.75,0,4.75,upi,online,
5785,2025-11-04,Tuesday,P07,Blueberry Muffin,Pastry,1,2.75,0,2.75,card,in-store,C0006
5785,2025-11-04,Tuesday,P09,Oatmeal Raisin Cookie,Cookie,1,2.0,0,2.0,card,in-store,C0006
5785,2025-11-04,Tuesday,P12,Bagel - Plain,Bread,1,2.25,0,2.25,card,in-store,C0006
5785,2025-11-04,Tuesday,P12,Bagel - Plain,Bread,1,2.25,0,2.25,card,in-store,C0006
5786,2025-11-04,Tuesday,P09,Oatmeal Raisin Cookie,Cookie,1,2.0,0,2.0,upi,in-store,
5786,2025-11-04,Tuesday,P07,Blueberry Muffin,Pastry,2,2.75,0,5.5,upi,in-store,
5786,2025-11-04,Tuesday,P09,Oatmeal Raisin Cookie,Cookie,1,2.0,0,2.0,upi,in-store,
5787,2025-11-04,Tuesday,P09,Oatmeal Raisin Cookie,Cookie,1,2.0,0,2.0,upi,in-store,
5787,2025-11-04,Tuesday,P11,Cupcake (single),Cake,1,3.25,0,3.25,upi,in-store,
5788,2025-11-04,Tuesday,P04,Croissant,Pastry,1,3.0,0,3.0,upi,online,
5788,2025-11-04,Tuesday,P07,Blueberry Muffin,Pastry,3,2.75,0,8.25,upi,online,
5789,2025-11-04,Tuesday,P08,Chocolate Chip Cookie,Cookie,2,2.0,0,4.0,card,in-store,C0103
5790,2025-11-04,Tuesday,P12,Bagel - Plain,Bread,1,2.25,0,2.25,upi,in-store,C0057
5791,2025-11-04,Tuesday,P08,Chocolate Chip Cookie,Cookie,1,2.0,0,2.0,card,online,
5792,2025-11-04,Tuesday,P12,Bagel - Plain,Bread,1,2.25,0,2.25,upi,in-store,
5793,2025-11-05,Wednesday,P07,Blueberry Muffin,Pastry,1,2.75,0,2.75,upi,in-store,C0095
5793,2025-11-05,Wednesday,P09,Oatmeal Raisin Cookie,Cookie,1,2.0,0,2.0,upi,in-store,C0095
5794,2025-11-05,Wednesday,P03,Whole Wheat Loaf,Bread,1,4.75,0,4.75,upi,in-store,C0095
5795,2025-11-05,Wednesday,P05,Pain au Chocolat,Pastry,1,3.5,0,3.5,cash,online,
5796,2025-11-05,Wednesday,P13,Bagel - Everything,Bread,1,2.5,0,2.5,cash,in-store,C0065
5796,2025-11-05,Wednesday,P08,Chocolate Chip Cookie,Cookie,1,2.0,0,2.0,cash,in-store,C0065
5797,2025-11-05,Wednesday,P03,Whole Wheat Loaf,Bread,3,4.75,0,14.25,cash,in-store,C0026
5797,2025-11-05,Wednesday,P04,Croissant,Pastry,1,3.0,0,3.0,cash,in-store,C0026
5797,2025-11-05,Wednesday,P04,Croissant,Pastry,1,3.0,0,3.0,cash,in-store,C0026
5798,2025-11-05,Wednesday,P13,Bagel - Everything,Bread,1,2.5,0,2.5,cash,in-store,C0082
5799,2025-11-05,Wednesday,P06,Cinnamon Roll,Pastry,1,3.75,0,3.75,card,online,C0013
5800,2025-11-05,Wednesday,P14,Rye Loaf,Bread,3,4.9,0,14.7,upi,in-store,
5801,2025-11-05,Wednesday,P05,Pain au Chocolat,Pastry,1,3.5,0,3.5,upi,catering,
5802,2025-11-05,Wednesday,P01,Sourdough Loaf,Bread,1,4.5,0,4.5,cash,in-store,C0079
5802,2025-11-05,Wednesday,P13,Bagel - Everything,Bread,1,2.5,0,2.5,cash,in-store,C0079
5803,2025-11-05,Wednesday,P10,Birthday Cake (whole),Cake,1,32.0,0,32.0,cash,in-store,C0081
5803,2025-11-05,Wednesday,P01,Sourdough Loaf,Bread,1,4.5,0,4.5,cash,in-store,C0081
5804,2025-11-05,Wednesday,P14,Rye Loaf,Bread,3,4.9,0,14.7,upi,in-store,C0071
5805,2025-11-05,Wednesday,P08,Chocolate Chip Cookie,Cookie,2,2.0,0,4.0,upi,in-store,C0058
5808,2025-11-06,Thursday,P06,Cinnamon Roll,Pastry,1,3.75,0,3.75,cash,in-store,C0081
5809,2025-11-06,Thursday,P04,Croissant,Pastry,1,3.0,0,3.0,upi,in-store,C0063
5809,2025-11-06,Thursday,P14,Rye Loaf,Bread,3,4.9,0,14.7,upi,in-store,C0063
5810,2025-11-06,Thursday,P08,Chocolate Chip Cookie,Cookie,1,2.0,0,2.0,upi,in-store,C0116
5810,2025-11-06,Thursday,P11,Cupcake (single),Cake,1,3.25,0,3.25,upi,in-store,C0116
5811,2025-11-06,Thursday,P11,Cupcake (single),Cake,1,3.25,0,3.25,upi,online,C0084
5812,2025-11-06,Thursday,P14,Rye Loaf,Bread,1,4.9,0,4.9,upi,in-store,C0075
5812,2025-11-06,Thursday,P12,Bagel - Plain,Bread,1,2.25,0,2.25,upi,in-store,C0075
5813,2025-11-07,Friday,P13,Bagel - Everything,Bread,2,2.5,0,5.0,cash,in-store,C0038
5814,2025-11-07,Friday,P01,Sourdough Loaf,Bread,1,4.5,0,4.5,card,in-store,C0024
5815,2025-11-07,Friday,P09,Oatmeal Raisin Cookie,Cookie,1,2.0,0,2.0,upi,in-store,
5816,2025-11-07,Friday,P10,Birthday Cake (whole),Cake,1,32.0,0,32.0,card,in-store,
5816,2025-11-07,Friday,P09,Oatmeal Raisin Cookie,Cookie,1,2.0,0,2.0,card,in-store,
5816,2025-11-07,Friday,P14,Rye Loaf,Bread,3,4.9,0,14.7,card,in-store,
5817,2025-11-07,Friday,P12,Bagel - Plain,Bread,1,2.25,0,2.25,upi,in-store,
5818,2025-11-07,Friday,P05,Pain au Chocolat,Pastry,1,3.5,0,3.5,upi,in-store,
5819,2025-11-07,Friday,P08,Chocolate Chip Cookie,Cookie,2,2.0,0,4.0,card,online,C0092
5820,2025-11-07,Friday,P10,Birthday Cake (whole),Cake,1,32.0,0,32.0,upi,in-store,
5821,2025-11-07,Friday,P13,Bagel - Everything,Bread,1,2.5,0,2.5,upi,in-store,C0043
5821,2025-11-07,Friday,P01,Sourdough Loaf,Bread,2,4.5,0,9.0,upi,in-store,C0043
5822,2025-11-07,Friday,P11,Cupcake (single),Cake,1,3.25,0,3.25,card,catering,C0121
5822,2025-11-07,Friday,P02,Baguette,Bread,1,3.25,0,3.25,card,catering,C0121
5823,2025-11-07,Friday,P15,Scone - Blueberry,Pastry,1,3.0,0,3.0,card,in-store,
5823,2025-11-07,Friday,P07,Blueberry Muffin,Pastry,1,2.75,0,2.75,card,in-store,
5824,2025-11-08,Saturday,P07,Blueberry Muffin,Pastry,1,2.75,0,2.75,card,in-store,
5824,2025-11-08,Saturday,P07,Blueberry Muffin,Pastry,1,2.75,0,2.75,card,in-store,
5825,2025-11-08,Saturday,P01,Sourdough Loaf,Bread,3,4.5,0,13.5,card,in-store,C0006
5825,2025-11-08,Saturday,P05,Pain au Chocolat,Pastry,1,3.5,0,3.5,card,in-store,C0006
5825,2025-11-08,Saturday,P07,Blueberry Muffin,Pastry,3,2.75,0,8.25,card,in-store,C0006
5826,2025-11-08,Saturday,P05,Pain au Chocolat,Pastry,1,3.5,0,3.5,cash,in-store,C0025
5827,2025-11-08,Saturday,P01,Sourdough Loaf,Bread,1,4.5,0,4.5,upi,online,
5828,2025-11-08,Saturday,P09,Oatmeal Raisin Cookie,Cookie,1,2.0,0,2.0,cash,in-store,C0105
5829,2025-11-08,Saturday,P09,Oatmeal Raisin Cookie,Cookie,1,2.0,0,2.0,cash,in-store,C0066
5830,2025-11-08,Saturday,P01,Sourdough Loaf,Bread,1,4.5,0,4.5,card,in-store,C0060
5831,2025-11-08,Saturday,P02,Baguette,Bread,1,3.25,0,3.25,upi,in-store,C0061
5832,2025-11-08,Saturday,P01,Sourdough Loaf,Bread,3,4.5,0,13.5,upi,in-store,
5833,2025-11-08,Saturday,P05,Pain au Chocolat,Pastry,1,3.5,0,3.5,card,in-store,
5833,2025-11-08,Saturday,P10,Birthday Cake (whole),Cake,1,32.0,0,32.0,card,in-store,
5833,2025-11-08,Saturday,P03,Whole Wheat Loaf,Bread,3,4.75,0,14.25,card,in-store,
5834,2025-11-08,Saturday,P01,Sourdough Loaf,Bread,2,4.5,0,9.0,cash,in-store,C0095
5835,2025-11-08,Saturday,P12,Bagel - Plain,Bread,2,2.25,0,4.5,upi,online,C0006
5836,2025-11-08,Saturday,P05,Pain au Chocolat,Pastry,2,3.5,0,7.0,upi,in-store,C0041
5836,2025-11-08,Saturday,P05,Pain au Chocolat,Pastry,1,3.5,0,3.5,upi,in-store,C0041
5837,2025-11-08,Saturday,P03,Whole Wheat Loaf,Bread,1,4.75,0,4.75,cash,in-store,C0120
5838,2025-11-08,Saturday,P07,Blueberry Muffin,Pastry,3,2.75,0,8.25,cash,in-store,
5838,2025-11-08,Saturday,P10,Birthday Cake (whole),Cake,1,32.0,0,32.0,cash,in-store,
5839,2025-11-08,Saturday,P13,Bagel - Everything,Bread,3,2.5,0,7.5,upi,catering,
5840,2025-11-08,Saturday,P05,Pain au Chocolat,Pastry,1,3.5,0,3.5,card,online,
5840,2025-11-08,Saturday,P15,Scone - Blueberry,Pastry,1,3.0,0,3.0,card,online,
5840,2025-11-08,Saturday,P05,Pain au Chocolat,Pastry,1,3.5,0,3.5,card,online,
5841,2025-11-08,Saturday,P14,Rye Loaf,Bread,1,4.9,0,4.9,cash,in-store,C0043
5841,2025-11-08,Saturday,P08,Chocolate Chip Cookie,Cookie,3,2.0,0,6.0,cash,in-store,C0043
5841,2025-11-08,Saturday,P08,Chocolate Chip Cookie,Cookie,1,2.0,0,2.0,cash,in-store,C0043
5841,2025-11-08,Saturday,P14,Rye Loaf,Bread,1,4.9,0,4.9,cash,in-store,C0043
5842,2025-11-08,Saturday,P01,Sourdough Loaf,Bread,3,4.5,0,13.5,upi,in-store,C0092
5843,2025-11-08,Saturday,P09,Oatmeal Raisin Cookie,Cookie,1,2.0,0,2.0,cash,in-store,C0113
5843,2025-11-08,Saturday,P06,Cinnamon Roll,Pastry,1,3.75,0,3.75,cash,in-store,C0113
5844,2025-11-08,Saturday,P03,Whole Wheat Loaf,Bread,1,4.75,0,4.75,upi,in-store,C0080
5844,2025-11-08,Saturday,P11,Cupcake (single),Cake,1,3.25,0,3.25,upi,in-store,C0080
5845,2025-11-08,Saturday,P14,Rye Loaf,Bread,1,4.9,0,4.9,cash,in-store,C0095
5846,2025-11-09,Sunday,P03,Whole Wheat Loaf,Bread,1,4.75,0,4.75,card,in-store,C0015
5846,2025-11-09,Sunday,P12,Bagel - Plain,Bread,1,2.25,0,2.25,card,in-store,C0015
5847,2025-11-09,Sunday,P07,Blueberry Muffin,Pastry,1,2.75,0,2.75,cash,in-store,C0104
5847,2025-11-09,Sunday,P04,Croissant,Pastry,3,3.0,0,9.0,cash,in-store,C0104
5848,2025-11-09,Sunday,P13,Bagel - Everything,Bread,2,2.5,0,5.0,upi,in-store,
5849,2025-11-09,Sunday,P04,Croissant,Pastry,1,3.0,0,3.0,upi,in-store,C0024
5849,2025-11-09,Sunday,P12,Bagel - Plain,Bread,1,2.25,0,2.25,upi,in-store,C0024
5849,2025-11-09,Sunday,P14,Rye Loaf,Bread,1,4.9,0,4.9,upi,in-store,C0024
5849,2025-11-09,Sunday,P07,Blueberry Muffin,Pastry,2,2.75,0,5.5,upi,in-store,C0024
5850,2025-11-09,Sunday,P14,Rye Loaf,Bread,1,4.9,0,4.9,upi,in-store,C0047
5851,2025-11-09,Sunday,P01,Sourdough Loaf,Bread,1,4.5,0,4.5,upi,in-store,
5852,2025-11-09,Sunday,P14,Rye Loaf,Bread,2,4.9,0,9.8,cash,in-store,C0098
5852,2025-11-09,Sunday,P09,Oatmeal Raisin Cookie,Cookie,1,2.0,0,2.0,cash,in-store,C0098
5852,2025-11-09,Sunday,P13,Bagel - Everything,Bread,1,2.5,0,2.5,cash,in-store,C0098
5854,2025-11-09,Sunday,P14,Rye Loaf,Bread,2,4.9,0,9.8,card,in-store,C0030
5854,2025-11-09,Sunday,P11,Cupcake (single),Cake,1,3.25,0,3.25,card,in-store,C0030
5854,2025-11-09,Sunday,P08,Chocolate Chip Cookie,Cookie,1,2.0,0,2.0,card,in-store,C0030
5854,2025-11-09,Sunday,P13,Bagel - Everything,Bread,1,2.5,0,2.5,card,in-store,C0030
5855,2025-11-09,Sunday,P04,Croissant,Pastry,1,3.0,0,3.0,card,catering,
5855,2025-11-09,Sunday,P05,Pain au Chocolat,Pastry,1,3.5,0,3.5,card,catering,
5856,2025-11-09,Sunday,P10,Birthday Cake (whole),Cake,1,32.0,0,32.0,cash,online,
5856,2025-11-09,Sunday,P12,Bagel - Plain,Bread,1,2.25,0,2.25,cash,online,
5858,2025-11-09,Sunday,P12,Bagel - Plain,Bread,2,2.25,0,4.5,upi,in-store,C0103
5859,2025-11-09,Sunday,P01,Sourdough Loaf,Bread,1,4.5,0,4.5,upi,in-store,C0111
5860,2025-11-09,Sunday,P09,Oatmeal Raisin Cookie,Cookie,1,2.0,0,2.0,upi,in-store,C0018
5861,2025-11-10,Monday,P05,Pain au Chocolat,Pastry,1,3.5,0,3.5,upi,in-store,
5862,2025-11-10,Monday,P05,Pain au Chocolat,Pastry,2,3.5,0,7.0,cash,in-store,C0056
5862,2025-11-10,Monday,P09,Oatmeal Raisin Cookie,Cookie,1,2.0,0,2.0,cash,in-store,C0056
5862,2025-11-10,Monday,P15,Scone - Blueberry,Pastry,2,3.0,0,6.0,cash,in-store,C0056
5863,2025-11-10,Monday,P07,Blueberry Muffin,Pastry,1,2.75,0,2.75,cash,in-store,C0014
5863,2025-11-10,Monday,P01,Sourdough Loaf,Bread,2,4.5,0,9.0,cash,in-store,C0014
5864,2025-11-10,Monday,P04,Croissant,Pastry,1,3.0,0,3.0,card,in-store,C0026
5865,2025-11-10,Monday,P06,Cinnamon Roll,Pastry,1,3.75,0,3.75,upi,in-store,C0012
5865,2025-11-10,Monday,P08,Chocolate Chip Cookie,Cookie,1,2.0,0,2.0,upi,in-store,C0012
5865,2025-11-10,Monday,P02,Baguette,Bread,3,3.25,0,9.75,upi,in-store,C0012
5866,2025-11-10,Monday,P07,Blueberry Muffin,Pastry,1,2.75,0,2.75,cash,online,
5866,2025-11-10,Monday,P12,Bagel - Plain,Bread,1,2.25,0,2.25,cash,online,
5866,2025-11-10,Monday,P09,Oatmeal Raisin Cookie,Cookie,3,2.0,0,6.0,cash,online,
5867,2025-11-10,Monday,P14,Rye Loaf,Bread,1,4.9,0,4.9,cash,in-store,C0024
5868,2025-11-10,Monday,P04,Croissant,Pastry,1,3.0,0,3.0,card,in-store,C0078
5868,2025-11-10,Monday,P04,Croissant,Pastry,1,3.0,0,3.0,card,in-store,C0078
5868,2025-11-10,Monday,P06,Cinnamon Roll,Pastry,1,3.75,0,3.75,card,in-store,C0078
5870,2025-11-11,Tuesday,P03,Whole Wheat Loaf,Bread,1,4.75,0,4.75,card,catering,
5870,2025-11-11,Tuesday,P15,Scone - Blueberry,Pastry,3,3.0,0,9.0,card,catering,
5871,2025-11-11,Tuesday,P08,Chocolate Chip Cookie,Cookie,1,2.0,0,2.0,upi,in-store,C0095
5871,2025-11-11,Tuesday,P10,Birthday Cake (whole),Cake,1,32.0,0,32.0,upi,in-store,C0095
5872,2025-11-11,Tuesday,P01,Sourdough Loaf,Bread,1,4.5,0,4.5,upi,in-store,
5873,2025-11-11,Tuesday,P02,Baguette,Bread,1,3.25,0,3.25,card,in-store,C0063
5873,2025-11-11,Tuesday,P08,Chocolate Chip Cookie,Cookie,1,2.0,0,2.0,card,in-store,C0063
5874,2025-11-11,Tuesday,P15,Scone - Blueberry,Pastry,1,3.0,0,3.0,upi,in-store,C0039
5875,2025-11-11,Tuesday,P09,Oatmeal Raisin Cookie,Cookie,1,2.0,0,2.0,cash,in-store,C0011
5876,2025-11-11,Tuesday,P02,Baguette,Bread,1,3.25,0,3.25,card,in-store,C0018
5877,2025-11-11,Tuesday,P05,Pain au Chocolat,Pastry,1,3.5,0,3.5,cash,in-store,
5877,2025-11-11,Tuesday,P06,Cinnamon Roll,Pastry,1,3.75,0,3.75,cash,in-store,
5878,2025-11-11,Tuesday,P01,Sourdough Loaf,Bread,1,4.5,0,4.5,cash,in-store,C0003
5878,2025-11-11,Tuesday,P09,Oatmeal Raisin Cookie,Cookie,2,2.0,0,4.0,cash,in-store,C0003
5879,2025-11-11,Tuesday,P15,Scone - Blueberry,Pastry,2,3.0,0,6.0,upi,online,C0042
5879,2025-11-11,Tuesday,P11,Cupcake (single),Cake,1,3.25,0,3.25,upi,online,C0042
5880,2025-11-11,Tuesday,P14,Rye Loaf,Bread,1,4.9,0,4.9,upi,in-store,
5880,2025-11-11,Tuesday,P11,Cupcake (single),Cake,1,3.25,0,3.25,upi,in-store,
5881,2025-11-11,Tuesday,P15,Scone - Blueberry,Pastry,3,3.0,0,9.0,cash,in-store,C0122
5881,2025-11-11,Tuesday,P04,Croissant,Pastry,1,3.0,0,3.0,cash,in-store,C0122
5882,2025-11-11,Tuesday,P14,Rye Loaf,Bread,1,4.9,0,4.9,upi,in-store,
5882,2025-11-11,Tuesday,P15,Scone - Blueberry,Pastry,1,3.0,0,3.0,upi,in-store,
5882,2025-11-11,Tuesday,P08,Chocolate Chip Cookie,Cookie,1,2.0,0,2.0,upi,in-store,
5883,2025-11-12,Wednesday,P07,Blueberry Muffin,Pastry,1,2.75,0,2.75,upi,in-store,C0028
5884,2025-11-12,Wednesday,P04,Croissant,Pastry,1,3.0,0,3.0,upi,in-store,
5884,2025-11-12,Wednesday,P02,Baguette,Bread,1,3.25,0,3.25,upi,in-store,
5884,2025-11-12,Wednesday,P01,Sourdough Loaf,Bread,2,4.5,0,9.0,upi,in-store,
5884,2025-11-12,Wednesday,P07,Blueberry Muffin,Pastry,1,2.75,0,2.75,upi,in-store,
5885,2025-11-12,Wednesday,P15,Scone - Blueberry,Pastry,1,3.0,0,3.0,upi,in-store,C0088
5886,2025-11-12,Wednesday,P08,Chocolate Chip Cookie,Cookie,1,2.0,0,2.0,upi,in-store,C0127
5887,2025-11-12,Wednesday,P07,Blueberry Muffin,Pastry,1,2.75,0,2.75,card,in-store,
5888,2025-11-12,Wednesday,P07,Blueberry Muffin,Pastry,1,2.75,0,2.75,upi,in-store,C0048
5888,2025-11-12,Wednesday,P08,Chocolate Chip Cookie,Cookie,1,2.0,0,2.0,upi,in-store,C0048
5888,2025-11-12,Wednesday,P12,Bagel - Plain,Bread,1,2.25,0,2.25,upi,in-store,C0048
5889,2025-11-12,Wednesday,P04,Croissant,Pastry,1,3.0,0,3.0,cash,in-store,
5890,2025-11-12,Wednesday,P14,Rye Loaf,Bread,1,4.9,0,4.9,upi,online,
5890,2025-11-12,Wednesday,P05,Pain au Chocolat,Pastry,1,3.5,0,3.5,upi,online,
5891,2025-11-12,Wednesday,P05,Pain au Chocolat,Pastry,2,3.5,0,7.0,card,in-store,
5891,2025-11-12,Wednesday,P04,Croissant,Pastry,1,3.0,0,3.0,card,in-store,
5891,2025-11-12,Wednesday,P09,Oatmeal Raisin Cookie,Cookie,2,2.0,0,4.0,card,in-store,
5892,2025-11-12,Wednesday,P03,Whole Wheat Loaf,Bread,1,4.75,0,4.75,card,in-store,C0052
5893,2025-11-12,Wednesday,P03,Whole Wheat Loaf,Bread,2,4.75,0,9.5,upi,in-store,C0102
5894,2025-11-12,Wednesday,P03,Whole Wheat Loaf,Bread,1,4.75,0,4.75,card,in-store,C0070
5895,2025-11-12,Wednesday,P08,Chocolate Chip Cookie,Cookie,2,2.0,0,4.0,upi,in-store,C0088
5896,2025-11-12,Wednesday,P07,Blueberry Muffin,Pastry,1,2.75,0,2.75,cash,in-store,
5896,2025-11-12,Wednesday,P14,Rye Loaf,Bread,1,4.9,0,4.9,cash,in-store,
5896,2025-11-12,Wednesday,P12,Bagel - Plain,Bread,2,2.25,0,4.5,cash,in-store,
5897,2025-11-12,Wednesday,P15,Scone - Blueberry,Pastry,1,3.0,0,3.0,card,in-store,
5897,2025-11-12,Wednesday,P07,Blueberry Muffin,Pastry,1,2.75,0,2.75,card,in-store,
5897,2025-11-12,Wednesday,P07,Blueberry Muffin,Pastry,1,2.75,0,2.75,card,in-store,
5898,2025-11-12,Wednesday,P08,Chocolate Chip Cookie,Cookie,1,2.0,0,2.0,cash,in-store,
5899,2025-11-12,Wednesday,P10,Birthday Cake (whole),Cake,1,32.0,0,32.0,upi,in-store,C0015
5901,2025-11-12,Wednesday,P05,Pain au Chocolat,Pastry,1,3.5,0,3.5,upi,online,
5902,2025-11-13,Thursday,P09,Oatmeal Raisin Cookie,Cookie,1,2.0,0,2.0,upi,in-store,C0048
5902,2025-11-13,Thursday,P03,Whole Wheat Loaf,Bread,3,4.75,0,14.25,upi,in-store,C0048
5903,2025-11-13,Thursday,P12,Bagel - Plain,Bread,3,2.25,0,6.75,cash,in-store,C0008
5904,2025-11-13,Thursday,P15,Scone - Blueberry,Pastry,3,3.0,0,9.0,upi,in-store,C0090
5905,2025-11-13,Thursday,P03,Whole Wheat Loaf,Bread,1,4.75,0,4.75,cash,in-store,C0060
5905,2025-11-13,Thursday,P08,Chocolate Chip Cookie,Cookie,3,2.0,0,6.0,cash,in-store,C0060
5906,2025-11-13,Thursday,P05,Pain au Chocolat,Pastry,2,3.5,0,7.0,upi,in-store,C0009
5907,2025-11-13,Thursday,P03,Whole Wheat Loaf,Bread,1,4.75,0,4.75,card,in-store,C0012
5908,2025-11-13,Thursday,P01,Sourdough Loaf,Bread,1,4.5,0,4.5,cash,in-store,C0108
5908,2025-11-13,Thursday,P01,Sourdough Loaf,Bread,1,4.5,0,4.5,cash,in-store,C0108
5909,2025-11-13,Thursday,P05,Pain au Chocolat,Pastry,1,3.5,0,3.5,upi,catering,C0069
5910,2025-11-13,Thursday,P14,Rye Loaf,Bread,1,4.9,0,4.9,card,in-store,C0060
5911,2025-11-13,Thursday,P10,Birthday Cake (whole),Cake,1,32.0,0,32.0,upi,in-store,
5912,2025-11-13,Thursday,P05,Pain au Chocolat,Pastry,1,3.5,0,3.5,upi,in-store,
5912,2025-11-13,Thursday,P02,Baguette,Bread,1,3.25,0,3.25,upi,in-store,
5912,2025-11-13,Thursday,P15,Scone - Blueberry,Pastry,1,3.0,0,3.0,upi,in-store,
5913,2025-11-13,Thursday,P04,Croissant,Pastry,1,3.0,0,3.0,cash,in-store,
5913,2025-11-13,Thursday,P02,Baguette,Bread,3,3.25,0,9.75,cash,in-store,
5913,2025-11-13,Thursday,P07,Blueberry Muffin,Pastry,2,2.75,0,5.5,cash,in-store,
5913,2025-11-13,Thursday,P08,Chocolate Chip Cookie,Cookie,3,2.0,0,6.0,cash,in-store,
5914,2025-11-13,Thursday,P02,Baguette,Bread,1,3.25,0,3.25,card,online,C0064
5914,2025-11-13,Thursday,P02,Baguette,Bread,1,3.25,0,3.25,card,online,C0064
5914,2025-11-13,Thursday,P12,Bagel - Plain,Bread,1,2.25,0,2.25,card,online,C0064
5914,2025-11-13,Thursday,P01,Sourdough Loaf,Bread,1,4.5,0,4.5,card,online,C0064
5915,2025-11-13,Thursday,P09,Oatmeal Raisin Cookie,Cookie,1,2.0,0,2.0,cash,in-store,
5916,2025-11-13,Thursday,P06,Cinnamon Roll,Pastry,2,3.75,0,7.5,cash,in-store,
5917,2025-11-13,Thursday,P09,Oatmeal Raisin Cookie,Cookie,1,2.0,0,2.0,upi,catering,C0118
5918,2025-11-13,Thursday,P07,Blueberry Muffin,Pastry,3,2.75,0,8.25,upi,catering,
5918,2025-11-13,Thursday,P08,Chocolate Chip Cookie,Cookie,1,2.0,0,2.0,upi,catering,
5918,2025-11-13,Thursday,P08,Chocolate Chip Cookie,Cookie,1,2.0,0,2.0,upi,catering,
5918,2025-11-13,Thursday,P05,Pain au Chocolat,Pastry,1,3.5,0,3.5,upi,catering,
5919,2025-11-13,Thursday,P15,Scone - Blueberry,Pastry,1,3.0,0,3.0,upi,in-store,C0100
5919,2025-11-13,Thursday,P07,Blueberry Muffin,Pastry,1,2.75,0,2.75,upi,in-store,C0100
5920,2025-11-13,Thursday,P15,Scone - Blueberry,Pastry,3,3.0,0,9.0,upi,in-store,
5921,2025-11-13,Thursday,P07,Blueberry Muffin,Pastry,1,2.75,0,2.75,upi,online,C0100
5921,2025-11-13,Thursday,P07,Blueberry Muffin,Pastry,1,2.75,0,2.75,upi,online,C0100
5922,2025-11-14,Friday,P06,Cinnamon Roll,Pastry,1,3.75,0,3.75,cash,catering,C0079
5922,2025-11-14,Friday,P12,Bagel - Plain,Bread,3,2.25,0,6.75,cash,catering,C0079
5923,2025-11-14,Friday,P14,Rye Loaf,Bread,1,4.9,0,4.9,card,in-store,C0090
5925,2025-11-14,Friday,P03,Whole Wheat Loaf,Bread,1,4.75,0,4.75,cash,in-store,
5925,2025-11-14,Friday,P08,Chocolate Chip Cookie,Cookie,1,2.0,0,2.0,cash,in-store,
5926,2025-11-14,Friday,P09,Oatmeal Raisin Cookie,Cookie,1,2.0,0,2.0,upi,in-store,
5926,2025-11-14,Friday,P06,Cinnamon Roll,Pastry,1,3.75,0,3.75,upi,in-store,
5927,2025-11-14,Friday,P15,Scone - Blueberry,Pastry,1,3.0,0,3.0,cash,in-store,C0125
5927,2025-11-14,Friday,P06,Cinnamon Roll,Pastry,1,3.75,0,3.75,cash,in-store,C0125
5928,2025-11-14,Friday,P01,Sourdough Loaf,Bread,1,4.5,0,4.5,cash,in-store,
5929,2025-11-14,Friday,P09,Oatmeal Raisin Cookie,Cookie,1,2.0,0,2.0,upi,in-store,
5929,2025-11-14,Friday,P06,Cinnamon Roll,Pastry,1,3.75,0,3.75,upi,in-store,
5929,2025-11-14,Friday,P12,Bagel - Plain,Bread,1,2.25,0,2.25,upi,in-store,
5929,2025-11-14,Friday,P06,Cinnamon Roll,Pastry,2,3.75,0,7.5,upi,in-store,
5930,2025-11-14,Friday,P02,Baguette,Bread,1,3.25,0,3.25,card,in-store,C0036
5930,2025-11-14,Friday,P14,Rye Loaf,Bread,1,4.9,0,4.9,card,in-store,C0036
5931,2025-11-14,Friday,P08,Chocolate Chip Cookie,Cookie,1,2.0,0,2.0,upi,in-store,
5931,2025-11-14,Friday,P11,Cupcake (single),Cake,1,3.25,0,3.25,upi,in-store,
5932,2025-11-14,Friday,P03,Whole Wheat Loaf,Bread,2,4.75,0,9.5,cash,in-store,C0024
5933,2025-11-14,Friday,P08,Chocolate Chip Cookie,Cookie,1,2.0,0,2.0,upi,in-store,C0056
5934,2025-11-14,Friday,P05,Pain au Chocolat,Pastry,1,3.5,0,3.5,cash,online,C0013
5935,2025-11-14,Friday,P08,Chocolate Chip Cookie,Cookie,1,2.0,0,2.0,upi,online,C0112
5936,2025-11-14,Friday,P10,Birthday Cake (whole),Cake,1,32.0,0,32.0,cash,in-store,
5937,2025-11-14,Friday,P05,Pain au Chocolat,Pastry,1,3.5,0,3.5,upi,in-store,
5937,2025-11-14,Friday,P08,Chocolate Chip Cookie,Cookie,1,2.0,0,2.0,upi,in-store,
5938,2025-11-15,Saturday,P14,Rye Loaf,Bread,1,4.9,0,4.9,card,online,C0040
5939,2025-11-15,Saturday,P06,Cinnamon Roll,Pastry,1,3.75,0,3.75,upi,online,C0118
5941,2025-11-15,Saturday,P10,Birthday Cake (whole),Cake,1,32.0,0,32.0,upi,in-store,
5941,2025-11-15,Saturday,P06,Cinnamon Roll,Pastry,1,3.75,0,3.75,upi,in-store,
5942,2025-11-15,Saturday,P05,Pain au Chocolat,Pastry,1,3.5,0,3.5,upi,in-store,C0011
5943,2025-11-15,Saturday,P05,Pain au Chocolat,Pastry,1,3.5,0,3.5,upi,in-store,
5944,2025-11-15,Saturday,P08,Chocolate Chip Cookie,Cookie,1,2.0,0,2.0,card,in-store,C0104
5944,2025-11-15,Saturday,P09,Oatmeal Raisin Cookie,Cookie,1,2.0,0,2.0,card,in-store,C0104
5945,2025-11-15,Saturday,P08,Chocolate Chip Cookie,Cookie,1,2.0,0,2.0,cash,online,C0088
5945,2025-11-15,Saturday,P01,Sourdough Loaf,Bread,1,4.5,0,4.5,cash,online,C0088
5945,2025-11-15,Saturday,P04,Croissant,Pastry,2,3.0,0,6.0,cash,online,C0088
5946,2025-11-15,Saturday,P05,Pain au Chocolat,Pastry,1,3.5,0,3.5,card,in-store,C0077
5946,2025-11-15,Saturday,P12,Bagel - Plain,Bread,2,2.25,0,4.5,card,in-store,C0077
5948,2025-11-15,Saturday,P14,Rye Loaf,Bread,3,4.9,0,14.7,upi,online,
5949,2025-11-15,Saturday,P10,Birthday Cake (whole),Cake,1,32.0,0,32.0,upi,online,
5950,2025-11-15,Saturday,P05,Pain au Chocolat,Pastry,1,3.5,0,3.5,cash,online,C0047
5950,2025-11-15,Saturday,P07,Blueberry Muffin,Pastry,1,2.75,0,2.75,cash,online,C0047
5951,2025-11-15,Saturday,P12,Bagel - Plain,Bread,1,2.25,0,2.25,card,online,
5951,2025-11-15,Saturday,P08,Chocolate Chip Cookie,Cookie,1,2.0,0,2.0,card,online,
5952,2025-11-15,Saturday,P11,Cupcake (single),Cake,1,3.25,0,3.25,card,in-store,
5953,2025-11-15,Saturday,P07,Blueberry Muffin,Pastry,1,2.75,0,2.75,card,in-store,C0129
5954,2025-11-15,Saturday,P06,Cinnamon Roll,Pastry,1,3.75,0,3.75,upi,in-store,
5955,2025-11-15,Saturday,P04,Croissant,Pastry,1,3.0,0,3.0,upi,in-store,C0081
5956,2025-11-15,Saturday,P05,Pain au Chocolat,Pastry,1,3.5,0,3.5,upi,in-store,C0103
5956,2025-11-15,Saturday,P03,Whole Wheat Loaf,Bread,1,4.75,0,4.75,upi,in-store,C0103
5956,2025-11-15,Saturday,P13,Bagel - Everything,Bread,1,2.5,0,2.5,upi,in-store,C0103
5957,2025-11-15,Saturday,P13,Bagel - Everything,Bread,1,2.5,0,2.5,upi,in-store,C0124
5957,2025-11-15,Saturday,P14,Rye Loaf,Bread,1,4.9,0,4.9,upi,in-store,C0124
5958,2025-11-15,Saturday,P07,Blueberry Muffin,Pastry,1,2.75,0,2.75,card,in-store,
5959,2025-11-15,Saturday,P07,Blueberry Muffin,Pastry,1,2.75,0,2.75,cash,in-store,C0032
5960,2025-11-15,Saturday,P14,Rye Loaf,Bread,1,4.9,0,4.9,upi,in-store,
5960,2025-11-15,Saturday,P08,Chocolate Chip Cookie,Cookie,1,2.0,0,2.0,upi,in-store,
5961,2025-11-15,Saturday,P02,Baguette,Bread,1,3.25,0,3.25,cash,in-store,C0038
5961,2025-11-15,Saturday,P08,Chocolate Chip Cookie,Cookie,1,2.0,0,2.0,cash,in-store,C0038
5962,2025-11-15,Saturday,P08,Chocolate Chip Cookie,Cookie,1,2.0,0,2.0,cash,in-store,C0083
5962,2025-11-15,Saturday,P09,Oatmeal Raisin Cookie,Cookie,1,2.0,0,2.0,cash,in-store,C0083
5962,2025-11-15,Saturday,P04,Croissant,Pastry,1,3.0,0,3.0,cash,in-store,C0083
5963,2025-11-15,Saturday,P15,Scone - Blueberry,Pastry,1,3.0,0,3.0,upi,in-store,
5963,2025-11-15,Saturday,P08,Chocolate Chip Cookie,Cookie,3,2.0,0,6.0,upi,in-store,
5963,2025-11-15,Saturday,P11,Cupcake (single),Cake,1,3.25,0,3.25,upi,in-store,
5963,2025-11-15,Saturday,P12,Bagel - Plain,Bread,1,2.25,0,2.25,upi,in-store,
5964,2025-11-15,Saturday,P09,Oatmeal Raisin Cookie,Cookie,3,2.0,0,6.0,upi,in-store,
5964,2025-11-15,Saturday,P07,Blueberry Muffin,Pastry,1,2.75,0,2.75,upi,in-store,
5964,2025-11-15,Saturday,P12,Bagel - Plain,Bread,1,2.25,0,2.25,upi,in-store,
5965,2025-11-15,Saturday,P03,Whole Wheat Loaf,Bread,1,4.75,0,4.75,cash,in-store,C0027
5966,2025-11-15,Saturday,P07,Blueberry Muffin,Pastry,1,2.75,0,2.75,upi,in-store,
5967,2025-11-15,Saturday,P14,Rye Loaf,Bread,1,4.9,0,4.9,upi,in-store,
5967,2025-11-15,Saturday,P08,Chocolate Chip Cookie,Cookie,3,2.0,0,6.0,upi,in-store,
5968,2025-11-16,Sunday,P08,Chocolate Chip Cookie,Cookie,2,2.0,0,4.0,upi,online,C0003
5970,2025-11-16,Sunday,P03,Whole Wheat Loaf,Bread,1,4.75,0,4.75,upi,in-store,
5970,2025-11-16,Sunday,P13,Bagel - Everything,Bread,1,2.5,0,2.5,upi,in-store,
5971,2025-11-16,Sunday,P03,Whole Wheat Loaf,Bread,2,4.75,0,9.5,card,in-store,
5972,2025-11-16,Sunday,P03,Whole Wheat Loaf,Bread,2,4.75,0,9.5,card,catering,C0103
5973,2025-11-16,Sunday,P05,Pain au Chocolat,Pastry,1,3.5,0,3.5,upi,in-store,
5974,2025-11-16,Sunday,P10,Birthday Cake (whole),Cake,1,32.0,0,32.0,card,in-store,
5975,2025-11-16,Sunday,P12,Bagel - Plain,Bread,1,2.25,0,2.25,upi,online,
5976,2025-11-16,Sunday,P11,Cupcake (single),Cake,1,3.25,0,3.25,upi,in-store,
5976,2025-11-16,Sunday,P12,Bagel - Plain,Bread,1,2.25,0,2.25,upi,in-store,
5976,2025-11-16,Sunday,P15,Scone - Blueberry,Pastry,1,3.0,0,3.0,upi,in-store,
5977,2025-11-16,Sunday,P08,Chocolate Chip Cookie,Cookie,2,2.0,0,4.0,upi,in-store,
5977,2025-11-16,Sunday,P11,Cupcake (single),Cake,1,3.25,0,3.25,upi,in-store,
5978,2025-11-16,Sunday,P09,Oatmeal Raisin Cookie,Cookie,3,2.0,0,6.0,cash,in-store,
5979,2025-11-16,Sunday,P08,Chocolate Chip Cookie,Cookie,1,2.0,0,2.0,upi,in-store,C0077
5979,2025-11-16,Sunday,P12,Bagel - Plain,Bread,1,2.25,0,2.25,upi,in-store,C0077
5980,2025-11-16,Sunday,P07,Blueberry Muffin,Pastry,1,2.75,0,2.75,cash,online,C0058
5980,2025-11-16,Sunday,P08,Chocolate Chip Cookie,Cookie,1,2.0,0,2.0,cash,online,C0058
5980,2025-11-16,Sunday,P14,Rye Loaf,Bread,1,4.9,0,4.9,cash,online,C0058
5980,2025-11-16,Sunday,P12,Bagel - Plain,Bread,3,2.25,0,6.75,cash,online,C0058
5981,2025-11-16,Sunday,P14,Rye Loaf,Bread,1,4.9,0,4.9,upi,online,C0129
5982,2025-11-16,Sunday,P11,Cupcake (single),Cake,1,3.25,0,3.25,upi,online,C0060
5983,2025-11-16,Sunday,P15,Scone - Blueberry,Pastry,3,3.0,0,9.0,cash,in-store,
5984,2025-11-16,Sunday,P09,Oatmeal Raisin Cookie,Cookie,2,2.0,0,4.0,card,in-store,C0060
5986,2025-11-16,Sunday,P13,Bagel - Everything,Bread,1,2.5,0,2.5,upi,in-store,C0075
5987,2025-11-16,Sunday,P04,Croissant,Pastry,1,3.0,0,3.0,upi,in-store,C0130
5987,2025-11-16,Sunday,P05,Pain au Chocolat,Pastry,1,3.5,0,3.5,upi,in-store,C0130
5987,2025-11-16,Sunday,P15,Scone - Blueberry,Pastry,1,3.0,0,3.0,upi,in-store,C0130
5987,2025-11-16,Sunday,P03,Whole Wheat Loaf,Bread,1,4.75,0,4.75,upi,in-store,C0130
5988,2025-11-16,Sunday,P15,Scone - Blueberry,Pastry,1,3.0,0,3.0,cash,in-store,
5990,2025-11-16,Sunday,P08,Chocolate Chip Cookie,Cookie,1,2.0,0,2.0,upi,in-store,C0072
5990,2025-11-16,Sunday,P06,Cinnamon Roll,Pastry,3,3.75,0,11.25,upi,in-store,C0072
5990,2025-11-16,Sunday,P06,Cinnamon Roll,Pastry,3,3.75,0,11.25,upi,in-store,C0072
5992,2025-11-17,Monday,P08,Chocolate Chip Cookie,Cookie,1,2.0,0,2.0,upi,in-store,C0067
5994,2025-11-17,Monday,P15,Scone - Blueberry,Pastry,1,3.0,0,3.0,cash,in-store,C0010
5995,2025-11-17,Monday,P01,Sourdough Loaf,Bread,1,4.5,0,4.5,card,online,
5996,2025-11-17,Monday,P05,Pain au Chocolat,Pastry,1,3.5,0,3.5,card,in-store,C0110
5996,2025-11-17,Monday,P02,Baguette,Bread,1,3.25,0,3.25,card,in-store,C0110
5996,2025-11-17,Monday,P08,Chocolate Chip Cookie,Cookie,1,2.0,0,2.0,card,in-store,C0110
5997,2025-11-17,Monday,P04,Croissant,Pastry,1,3.0,0,3.0,cash,in-store,C0081
5997,2025-11-17,Monday,P06,Cinnamon Roll,Pastry,1,3.75,0,3.75,cash,in-store,C0081
5997,2025-11-17,Monday,P13,Bagel - Everything,Bread,1,2.5,0,2.5,cash,in-store,C0081
5998,2025-11-17,Monday,P04,Croissant,Pastry,1,3.0,0,3.0,cash,in-store,C0011
5998,2025-11-17,Monday,P03,Whole Wheat Loaf,Bread,1,4.75,0,4.75,cash,in-store,C0011
5999,2025-11-17,Monday,P08,Chocolate Chip Cookie,Cookie,1,2.0,0,2.0,upi,in-store,C0085
6000,2025-11-17,Monday,P08,Chocolate Chip Cookie,Cookie,1,2.0,0,2.0,upi,in-store,C0050
6000,2025-11-17,Monday,P12,Bagel - Plain,Bread,1,2.25,0,2.25,upi,in-store,C0050
6001,2025-11-17,Monday,P04,Croissant,Pastry,1,3.0,0,3.0,cash,in-store,C0013
6002,2025-11-17,Monday,P10,Birthday Cake (whole),Cake,1,32.0,0,32.0,card,catering,C0070
6003,2025-11-18,Tuesday,P07,Blueberry Muffin,Pastry,2,2.75,0,5.5,cash,in-store,
6004,2025-11-18,Tuesday,P12,Bagel - Plain,Bread,2,2.25,0,4.5,cash,in-store,
6004,2025-11-18,Tuesday,P15,Scone - Blueberry,Pastry,2,3.0,0,6.0,cash,in-store,
6004,2025-11-18,Tuesday,P11,Cupcake (single),Cake,1,3.25,0,3.25,cash,in-store,
6005,2025-11-18,Tuesday,P08,Chocolate Chip Cookie,Cookie,1,2.0,0,2.0,card,in-store,C0103
6005,2025-11-18,Tuesday,P14,Rye Loaf,Bread,1,4.9,0,4.9,card,in-store,C0103
6006,2025-11-18,Tuesday,P11,Cupcake (single),Cake,1,3.25,0,3.25,upi,online,C0101
6007,2025-11-18,Tuesday,P06,Cinnamon Roll,Pastry,1,3.75,0,3.75,upi,online,
6007,2025-11-18,Tuesday,P07,Blueberry Muffin,Pastry,3,2.75,0,8.25,upi,online,
6008,2025-11-18,Tuesday,P04,Croissant,Pastry,2,3.0,0,6.0,upi,in-store,C0054
6011,2025-11-18,Tuesday,P15,Scone - Blueberry,Pastry,1,3.0,0,3.0,cash,in-store,
6012,2025-11-19,Wednesday,P13,Bagel - Everything,Bread,1,2.5,0,2.5,upi,online,
6012,2025-11-19,Wednesday,P14,Rye Loaf,Bread,3,4.9,0,14.7,upi,online,
6013,2025-11-19,Wednesday,P06,Cinnamon Roll,Pastry,1,3.75,0,3.75,upi,in-store,
6014,2025-11-19,Wednesday,P05,Pain au Chocolat,Pastry,1,3.5,0,3.5,upi,in-store,C0045
6015,2025-11-19,Wednesday,P03,Whole Wheat Loaf,Bread,1,4.75,0,4.75,card,in-store,
6016,2025-11-19,Wednesday,P14,Rye Loaf,Bread,1,4.9,0,4.9,upi,online,
6017,2025-11-19,Wednesday,P12,Bagel - Plain,Bread,1,2.25,0,2.25,cash,in-store,
6018,2025-11-19,Wednesday,P05,Pain au Chocolat,Pastry,1,3.5,0,3.5,upi,in-store,
6019,2025-11-19,Wednesday,P02,Baguette,Bread,1,3.25,0,3.25,upi,in-store,C0015
6019,2025-11-19,Wednesday,P08,Chocolate Chip Cookie,Cookie,1,2.0,0,2.0,upi,in-store,C0015
6019,2025-11-19,Wednesday,P13,Bagel - Everything,Bread,1,2.5,0,2.5,upi,in-store,C0015
6021,2025-11-19,Wednesday,P01,Sourdough Loaf,Bread,1,4.5,0,4.5,upi,in-store,C0009
6023,2025-11-19,Wednesday,P14,Rye Loaf,Bread,1,4.9,0,4.9,upi,online,C0094
6023,2025-11-19,Wednesday,P07,Blueberry Muffin,Pastry,1,2.75,0,2.75,upi,online,C0094
6023,2025-11-19,Wednesday,P03,Whole Wheat Loaf,Bread,2,4.75,0,9.5,upi,online,C0094
6024,2025-11-19,Wednesday,P09,Oatmeal Raisin Cookie,Cookie,2,2.0,0,4.0,card,in-store,C0054
6024,2025-11-19,Wednesday,P14,Rye Loaf,Bread,1,4.9,0,4.9,card,in-store,C0054
6025,2025-11-20,Thursday,P14,Rye Loaf,Bread,1,4.9,0,4.9,upi,in-store,
6026,2025-11-20,Thursday,P09,Oatmeal Raisin Cookie,Cookie,1,2.0,0,2.0,card,in-store,C0110
6028,2025-11-20,Thursday,P01,Sourdough Loaf,Bread,1,4.5,0,4.5,upi,in-store,C0123
6029,2025-11-20,Thursday,P06,Cinnamon Roll,Pastry,1,3.75,0,3.75,card,online,C0006
6030,2025-11-20,Thursday,P01,Sourdough Loaf,Bread,1,4.5,0,4.5,cash,in-store,
6031,2025-11-20,Thursday,P10,Birthday Cake (whole),Cake,1,32.0,0,32.0,upi,catering,
6032,2025-11-20,Thursday,P02,Baguette,Bread,2,3.25,0,6.5,card,online,C0075
6032,2025-11-20,Thursday,P08,Chocolate Chip Cookie,Cookie,1,2.0,0,2.0,card,online,C0075
6033,2025-11-20,Thursday,P14,Rye Loaf,Bread,1,4.9,0,4.9,card,in-store,C0062
6033,2025-11-20,Thursday,P05,Pain au Chocolat,Pastry,1,3.5,0,3.5,card,in-store,C0062
6033,2025-11-20,Thursday,P09,Oatmeal Raisin Cookie,Cookie,1,2.0,0,2.0,card,in-store,C0062
6034,2025-11-20,Thursday,P09,Oatmeal Raisin Cookie,Cookie,1,2.0,0,2.0,cash,in-store,
6035,2025-11-20,Thursday,P08,Chocolate Chip Cookie,Cookie,3,2.0,0,6.0,upi,in-store,C0003
6035,2025-11-20,Thursday,P09,Oatmeal Raisin Cookie,Cookie,1,2.0,0,2.0,upi,in-store,C0003
6036,2025-11-21,Friday,P04,Croissant,Pastry,1,3.0,0,3.0,upi,in-store,
6036,2025-11-21,Friday,P06,Cinnamon Roll,Pastry,1,3.75,0,3.75,upi,in-store,
6037,2025-11-21,Friday,P10,Birthday Cake (whole),Cake,1,32.0,0,32.0,upi,online,C0055
6038,2025-11-21,Friday,P04,Croissant,Pastry,1,3.0,0,3.0,cash,online,
6039,2025-11-21,Friday,P05,Pain au Chocolat,Pastry,1,3.5,0,3.5,upi,in-store,C0106
6039,2025-11-21,Friday,P08,Chocolate Chip Cookie,Cookie,1,2.0,0,2.0,upi,in-store,C0106
6041,2025-11-21,Friday,P03,Whole Wheat Loaf,Bread,1,4.75,0,4.75,upi,in-store,C0008
6041,2025-11-21,Friday,P15,Scone - Blueberry,Pastry,2,3.0,0,6.0,upi,in-store,C0008
6042,2025-11-21,Friday,P02,Baguette,Bread,3,3.25,0,9.75,cash,online,C0126
6042,2025-11-21,Friday,P03,Whole Wheat Loaf,Bread,1,4.75,0,4.75,cash,online,C0126
6043,2025-11-21,Friday,P08,Chocolate Chip Cookie,Cookie,1,2.0,0,2.0,upi,in-store,
6044,2025-11-21,Friday,P03,Whole Wheat Loaf,Bread,1,4.75,0,4.75,card,in-store,C0043
6044,2025-11-21,Friday,P12,Bagel - Plain,Bread,1,2.25,0,2.25,card,in-store,C0043
6045,2025-11-22,Saturday,P15,Scone - Blueberry,Pastry,1,3.0,0,3.0,cash,in-store,C0112
6046,2025-11-22,Saturday,P08,Chocolate Chip Cookie,Cookie,1,2.0,0,2.0,upi,in-store,C0102
6047,2025-11-22,Saturday,P03,Whole Wheat Loaf,Bread,3,4.75,0,14.25,upi,online,C0117
6047,2025-11-22,Saturday,P14,Rye Loaf,Bread,3,4.9,0,14.7,upi,online,C0117
6047,2025-11-22,Saturday,P08,Chocolate Chip Cookie,Cookie,1,2.0,0,2.0,upi,online,C0117
6049,2025-11-22,Saturday,P04,Croissant,Pastry,2,3.0,0,6.0,upi,in-store,C0126
6049,2025-11-22,Saturday,P11,Cupcake (single),Cake,1,3.25,0,3.25,upi,in-store,C0126
6050,2025-11-22,Saturday,P14,Rye Loaf,Bread,1,4.9,0,4.9,card,in-store,C0056
6051,2025-11-22,Saturday,P09,Oatmeal Raisin Cookie,Cookie,1,2.0,0,2.0,upi,online,
6053,2025-11-22,Saturday,P13,Bagel - Everything,Bread,3,2.5,0,7.5,card,online,
6053,2025-11-22,Saturday,P11,Cupcake (single),Cake,1,3.25,0,3.25,card,online,
6053,2025-11-22,Saturday,P14,Rye Loaf,Bread,1,4.9,0,4.9,card,online,
6054,2025-11-22,Saturday,P02,Baguette,Bread,1,3.25,0,3.25,cash,online,
6054,2025-11-22,Saturday,P01,Sourdough Loaf,Bread,1,4.5,0,4.5,cash,online,
6056,2025-11-22,Saturday,P05,Pain au Chocolat,Pastry,1,3.5,0,3.5,card,in-store,
6056,2025-11-22,Saturday,P02,Baguette,Bread,1,3.25,0,3.25,card,in-store,
6056,2025-11-22,Saturday,P06,Cinnamon Roll,Pastry,1,3.75,0,3.75,card,in-store,
6056,2025-11-22,Saturday,P12,Bagel - Plain,Bread,2,2.25,0,4.5,card,in-store,
6057,2025-11-22,Saturday,P07,Blueberry Muffin,Pastry,1,2.75,0,2.75,upi,in-store,C0038
6057,2025-11-22,Saturday,P06,Cinnamon Roll,Pastry,3,3.75,0,11.25,upi,in-store,C0038
6058,2025-11-22,Saturday,P03,Whole Wheat Loaf,Bread,1,4.75,0,4.75,upi,in-store,
6058,2025-11-22,Saturday,P09,Oatmeal Raisin Cookie,Cookie,1,2.0,0,2.0,upi,in-store,
6058,2025-11-22,Saturday,P09,Oatmeal Raisin Cookie,Cookie,1,2.0,0,2.0,upi,in-store,
6058,2025-11-22,Saturday,P09,Oatmeal Raisin Cookie,Cookie,1,2.0,0,2.0,upi,in-store,
6059,2025-11-22,Saturday,P04,Croissant,Pastry,2,3.0,0,6.0,card,in-store,C0065
6061,2025-11-22,Saturday,P02,Baguette,Bread,1,3.25,0,3.25,card,online,C0005
6062,2025-11-22,Saturday,P11,Cupcake (single),Cake,1,3.25,0,3.25,card,in-store,
6062,2025-11-22,Saturday,P14,Rye Loaf,Bread,1,4.9,0,4.9,card,in-store,
6063,2025-11-22,Saturday,P08,Chocolate Chip Cookie,Cookie,2,2.0,0,4.0,upi,in-store,C0128
6064,2025-11-22,Saturday,P07,Blueberry Muffin,Pastry,1,2.75,0,2.75,cash,in-store,C0003
6064,2025-11-22,Saturday,P03,Whole Wheat Loaf,Bread,1,4.75,0,4.75,cash,in-store,C0003
6065,2025-11-22,Saturday,P14,Rye Loaf,Bread,1,4.9,0,4.9,cash,in-store,
6066,2025-11-22,Saturday,P06,Cinnamon Roll,Pastry,1,3.75,0,3.75,cash,in-store,C0102
6066,2025-11-22,Saturday,P15,Scone - Blueberry,Pastry,1,3.0,0,3.0,cash,in-store,C0102
6066,2025-11-22,Saturday,P14,Rye Loaf,Bread,3,4.9,0,14.7,cash,in-store,C0102
6066,2025-11-22,Saturday,P04,Croissant,Pastry,1,3.0,0,3.0,cash,in-store,C0102
6068,2025-11-22,Saturday,P03,Whole Wheat Loaf,Bread,1,4.75,0,4.75,upi,in-store,C0055
6068,2025-11-22,Saturday,P01,Sourdough Loaf,Bread,1,4.5,0,4.5,upi,in-store,C0055
6068,2025-11-22,Saturday,P04,Croissant,Pastry,1,3.0,0,3.0,upi,in-store,C0055
6069,2025-11-22,Saturday,P05,Pain au Chocolat,Pastry,1,3.5,0,3.5,card,in-store,C0092
6069,2025-11-22,Saturday,P05,Pain au Chocolat,Pastry,1,3.5,0,3.5,card,in-store,C0092
6070,2025-11-22,Saturday,P09,Oatmeal Raisin Cookie,Cookie,1,2.0,0,2.0,upi,in-store,
6071,2025-11-22,Saturday,P05,Pain au Chocolat,Pastry,1,3.5,0,3.5,upi,in-store,C0103
6072,2025-11-22,Saturday,P11,Cupcake (single),Cake,1,3.25,0,3.25,upi,in-store,C0051
6073,2025-11-22,Saturday,P08,Chocolate Chip Cookie,Cookie,3,2.0,0,6.0,upi,catering,C0124
6073,2025-11-22,Saturday,P10,Birthday Cake (whole),Cake,1,32.0,0,32.0,upi,catering,C0124
6074,2025-11-22,Saturday,P08,Chocolate Chip Cookie,Cookie,1,2.0,0,2.0,card,in-store,
6075,2025-11-23,Sunday,P05,Pain au Chocolat,Pastry,3,3.5,0,10.5,cash,in-store,C0003
6076,2025-11-23,Sunday,P14,Rye Loaf,Bread,1,4.9,0,4.9,cash,in-store,C0105
6077,2025-11-23,Sunday,P14,Rye Loaf,Bread,1,4.9,0,4.9,card,online,
6077,2025-11-23,Sunday,P10,Birthday Cake (whole),Cake,1,32.0,0,32.0,card,online,
6078,2025-11-23,Sunday,P08,Chocolate Chip Cookie,Cookie,1,2.0,0,2.0,upi,in-store,C0124
6080,2025-11-23,Sunday,P08,Chocolate Chip Cookie,Cookie,2,2.0,0,4.0,cash,in-store,
6080,2025-11-23,Sunday,P05,Pain au Chocolat,Pastry,1,3.5,0,3.5,cash,in-store,
6080,2025-11-23,Sunday,P09,Oatmeal Raisin Cookie,Cookie,2,2.0,0,4.0,cash,in-store,
6081,2025-11-23,Sunday,P07,Blueberry Muffin,Pastry,1,2.75,0,2.75,card,online,C0065
6081,2025-11-23,Sunday,P02,Baguette,Bread,1,3.25,0,3.25,card,online,C0065
6082,2025-11-23,Sunday,P09,Oatmeal Raisin Cookie,Cookie,3,2.0,0,6.0,cash,in-store,
6082,2025-11-23,Sunday,P10,Birthday Cake (whole),Cake,1,32.0,0,32.0,cash,in-store,
6082,2025-11-23,Sunday,P15,Scone - Blueberry,Pastry,1,3.0,0,3.0,cash,in-store,
6083,2025-11-23,Sunday,P14,Rye Loaf,Bread,3,4.9,0,14.7,upi,in-store,
6084,2025-11-23,Sunday,P14,Rye Loaf,Bread,1,4.9,0,4.9,card,in-store,C0008
6085,2025-11-23,Sunday,P09,Oatmeal Raisin Cookie,Cookie,1,2.0,0,2.0,upi,in-store,C0117
6086,2025-11-23,Sunday,P05,Pain au Chocolat,Pastry,1,3.5,0,3.5,card,in-store,
6087,2025-11-23,Sunday,P13,Bagel - Everything,Bread,1,2.5,0,2.5,card,in-store,C0085
6088,2025-11-23,Sunday,P15,Scone - Blueberry,Pastry,1,3.0,0,3.0,card,in-store,
6088,2025-11-23,Sunday,P07,Blueberry Muffin,Pastry,1,2.75,0,2.75,card,in-store,
6088,2025-11-23,Sunday,P12,Bagel - Plain,Bread,1,2.25,0,2.25,card,in-store,
6089,2025-11-23,Sunday,P07,Blueberry Muffin,Pastry,1,2.75,0,2.75,card,online,C0015
6090,2025-11-23,Sunday,P13,Bagel - Everything,Bread,1,2.5,0,2.5,upi,online,
6090,2025-11-23,Sunday,P07,Blueberry Muffin,Pastry,1,2.75,0,2.75,upi,online,
6090,2025-11-23,Sunday,P09,Oatmeal Raisin Cookie,Cookie,2,2.0,0,4.0,upi,online,
6091,2025-11-23,Sunday,P03,Whole Wheat Loaf,Bread,1,4.75,0,4.75,upi,in-store,
6092,2025-11-23,Sunday,P07,Blueberry Muffin,Pastry,1,2.75,0,2.75,upi,in-store,C0060
6093,2025-11-23,Sunday,P02,Baguette,Bread,1,3.25,0,3.25,cash,online,
6093,2025-11-23,Sunday,P06,Cinnamon Roll,Pastry,1,3.75,0,3.75,cash,online,
6094,2025-11-23,Sunday,P11,Cupcake (single),Cake,1,3.25,0,3.25,card,in-store,
6096,2025-11-23,Sunday,P05,Pain au Chocolat,Pastry,1,3.5,0,3.5,card,online,C0104
6097,2025-11-23,Sunday,P02,Baguette,Bread,2,3.25,0,6.5,upi,in-store,
6098,2025-11-24,Monday,P10,Birthday Cake (whole),Cake,1,32.0,0,32.0,card,in-store,C0008
6101,2025-11-24,Monday,P09,Oatmeal Raisin Cookie,Cookie,1,2.0,0,2.0,cash,in-store,
6102,2025-11-24,Monday,P07,Blueberry Muffin,Pastry,1,2.75,0,2.75,card,online,
6103,2025-11-24,Monday,P14,Rye Loaf,Bread,1,4.9,0,4.9,cash,in-store,
6104,2025-11-24,Monday,P03,Whole Wheat Loaf,Bread,1,4.75,0,4.75,card,online,C0030
6104,2025-11-24,Monday,P13,Bagel - Everything,Bread,1,2.5,0,2.5,card,online,C0030
6106,2025-11-24,Monday,P01,Sourdough Loaf,Bread,1,4.5,0,4.5,cash,in-store,
6106,2025-11-24,Monday,P12,Bagel - Plain,Bread,1,2.25,0,2.25,cash,in-store,
6107,2025-11-24,Monday,P10,Birthday Cake (whole),Cake,1,32.0,0,32.0,upi,in-store,
6107,2025-11-24,Monday,P02,Baguette,Bread,1,3.25,0,3.25,upi,in-store,
6108,2025-11-24,Monday,P05,Pain au Chocolat,Pastry,2,3.5,0,7.0,upi,in-store,C0103
6108,2025-11-24,Monday,P04,Croissant,Pastry,2,3.0,0,6.0,upi,in-store,C0103
6109,2025-11-24,Monday,P08,Chocolate Chip Cookie,Cookie,1,2.0,0,2.0,upi,in-store,
6109,2025-11-24,Monday,P03,Whole Wheat Loaf,Bread,1,4.75,0,4.75,upi,in-store,
6110,2025-11-25,Tuesday,P03,Whole Wheat Loaf,Bread,1,4.75,0,4.75,upi,in-store,
6110,2025-11-25,Tuesday,P05,Pain au Chocolat,Pastry,1,3.5,0,3.5,upi,in-store,
6110,2025-11-25,Tuesday,P13,Bagel - Everything,Bread,2,2.5,0,5.0,upi,in-store,
6111,2025-11-25,Tuesday,P08,Chocolate Chip Cookie,Cookie,1,2.0,0,2.0,cash,online,
6112,2025-11-25,Tuesday,P06,Cinnamon Roll,Pastry,1,3.75,0,3.75,upi,online,
6113,2025-11-25,Tuesday,P10,Birthday Cake (whole),Cake,1,32.0,0,32.0,upi,online,
6114,2025-11-25,Tuesday,P06,Cinnamon Roll,Pastry,1,3.75,0,3.75,card,in-store,C0080
6115,2025-11-25,Tuesday,P05,Pain au Chocolat,Pastry,1,3.5,0,3.5,cash,in-store,C0098
6116,2025-11-25,Tuesday,P11,Cupcake (single),Cake,1,3.25,0,3.25,cash,in-store,C0080
6117,2025-11-25,Tuesday,P15,Scone - Blueberry,Pastry,1,3.0,0,3.0,upi,online,
6117,2025-11-25,Tuesday,P09,Oatmeal Raisin Cookie,Cookie,1,2.0,0,2.0,upi,online,
6117,2025-11-25,Tuesday,P05,Pain au Chocolat,Pastry,1,3.5,0,3.5,upi,online,
6118,2025-11-25,Tuesday,P05,Pain au Chocolat,Pastry,1,3.5,0,3.5,cash,catering,C0057
6118,2025-11-25,Tuesday,P11,Cupcake (single),Cake,1,3.25,0,3.25,cash,catering,C0057
6120,2025-11-25,Tuesday,P01,Sourdough Loaf,Bread,1,4.5,0,4.5,upi,online,
6122,2025-11-25,Tuesday,P15,Scone - Blueberry,Pastry,1,3.0,0,3.0,card,online,
6122,2025-11-25,Tuesday,P12,Bagel - Plain,Bread,1,2.25,0,2.25,card,online,
6122,2025-11-25,Tuesday,P14,Rye Loaf,Bread,1,4.9,0,4.9,card,online,
6123,2025-11-25,Tuesday,P05,Pain au Chocolat,Pastry,1,3.5,0,3.5,card,in-store,
6124,2025-11-25,Tuesday,P08,Chocolate Chip Cookie,Cookie,1,2.0,0,2.0,card,in-store,
6124,2025-11-25,Tuesday,P01,Sourdough Loaf,Bread,1,4.5,0,4.5,card,in-store,
6126,2025-11-26,Wednesday,P05,Pain au Chocolat,Pastry,1,3.5,0,3.5,upi,in-store,
6126,2025-11-26,Wednesday,P14,Rye Loaf,Bread,1,4.9,0,4.9,upi,in-store,
6127,2025-11-26,Wednesday,P05,Pain au Chocolat,Pastry,1,3.5,0,3.5,card,in-store,C0104
6127,2025-11-26,Wednesday,P13,Bagel - Everything,Bread,1,2.5,0,2.5,card,in-store,C0104
6128,2025-11-26,Wednesday,P12,Bagel - Plain,Bread,1,2.25,0,2.25,upi,in-store,C0005
6128,2025-11-26,Wednesday,P11,Cupcake (single),Cake,1,3.25,0,3.25,upi,in-store,C0005
6129,2025-11-26,Wednesday,P05,Pain au Chocolat,Pastry,1,3.5,0,3.5,cash,in-store,C0017
6129,2025-11-26,Wednesday,P07,Blueberry Muffin,Pastry,1,2.75,0,2.75,cash,in-store,C0017
6130,2025-11-26,Wednesday,P04,Croissant,Pastry,1,3.0,0,3.0,card,in-store,C0049
6132,2025-11-26,Wednesday,P01,Sourdough Loaf,Bread,2,4.5,0,9.0,card,online,
6132,2025-11-26,Wednesday,P15,Scone - Blueberry,Pastry,1,3.0,0,3.0,card,online,
6132,2025-11-26,Wednesday,P02,Baguette,Bread,2,3.25,0,6.5,card,online,
6134,2025-11-26,Wednesday,P04,Croissant,Pastry,1,3.0,0,3.0,upi,in-store,C0061
6135,2025-11-26,Wednesday,P09,Oatmeal Raisin Cookie,Cookie,1,2.0,0,2.0,card,in-store,
6136,2025-11-26,Wednesday,P14,Rye Loaf,Bread,1,4.9,0,4.9,upi,in-store,C0114
6137,2025-11-26,Wednesday,P02,Baguette,Bread,2,3.25,0,6.5,cash,in-store,C0004
6138,2025-11-26,Wednesday,P08,Chocolate Chip Cookie,Cookie,1,2.0,0,2.0,upi,in-store,C0003
6139,2025-11-27,Thursday,P09,Oatmeal Raisin Cookie,Cookie,2,2.0,0,4.0,upi,in-store,
6139,2025-11-27,Thursday,P08,Chocolate Chip Cookie,Cookie,3,2.0,0,6.0,upi,in-store,
6139,2025-11-27,Thursday,P07,Blueberry Muffin,Pastry,2,2.75,0,5.5,upi,in-store,
6139,2025-11-27,Thursday,P02,Baguette,Bread,1,3.25,0,3.25,upi,in-store,
6140,2025-11-27,Thursday,P01,Sourdough Loaf,Bread,1,4.5,0,4.5,upi,in-store,C0088
6141,2025-11-27,Thursday,P05,Pain au Chocolat,Pastry,1,3.5,0,3.5,upi,online,C0048
6142,2025-11-27,Thursday,P14,Rye Loaf,Bread,1,4.9,0,4.9,upi,in-store,
6142,2025-11-27,Thursday,P12,Bagel - Plain,Bread,1,2.25,0,2.25,upi,in-store,
6142,2025-11-27,Thursday,P15,Scone - Blueberry,Pastry,2,3.0,0,6.0,upi,in-store,
6143,2025-11-27,Thursday,P11,Cupcake (single),Cake,1,3.25,0,3.25,cash,in-store,C0093
6143,2025-11-27,Thursday,P09,Oatmeal Raisin Cookie,Cookie,1,2.0,0,2.0,cash,in-store,C0093
6144,2025-11-27,Thursday,P05,Pain au Chocolat,Pastry,1,3.5,0,3.5,card,online,
6145,2025-11-27,Thursday,P03,Whole Wheat Loaf,Bread,1,4.75,0,4.75,upi,in-store,
6145,2025-11-27,Thursday,P06,Cinnamon Roll,Pastry,1,3.75,0,3.75,upi,in-store,
6146,2025-11-27,Thursday,P03,Whole Wheat Loaf,Bread,1,4.75,0,4.75,card,online,
6147,2025-11-27,Thursday,P12,Bagel - Plain,Bread,1,2.25,0,2.25,upi,in-store,
6147,2025-11-27,Thursday,P09,Oatmeal Raisin Cookie,Cookie,1,2.0,0,2.0,upi,in-store,
6147,2025-11-27,Thursday,P08,Chocolate Chip Cookie,Cookie,1,2.0,0,2.0,upi,in-store,
6148,2025-11-27,Thursday,P04,Croissant,Pastry,1,3.0,0,3.0,cash,in-store,C0110
6148,2025-11-27,Thursday,P03,Whole Wheat Loaf,Bread,1,4.75,0,4.75,cash,in-store,C0110
6149,2025-11-27,Thursday,P03,Whole Wheat Loaf,Bread,1,4.75,0,4.75,upi,online,
6149,2025-11-27,Thursday,P05,Pain au Chocolat,Pastry,1,3.5,0,3.5,upi,online,
6149,2025-11-27,Thursday,P15,Scone - Blueberry,Pastry,1,3.0,0,3.0,upi,online,
6151,2025-11-27,Thursday,P03,Whole Wheat Loaf,Bread,3,4.75,0,14.25,upi,online,
6151,2025-11-27,Thursday,P05,Pain au Chocolat,Pastry,1,3.5,0,3.5,upi,online,
6152,2025-11-27,Thursday,P13,Bagel - Everything,Bread,1,2.5,0,2.5,upi,in-store,C0035
6153,2025-11-27,Thursday,P12,Bagel - Plain,Bread,1,2.25,0,2.25,upi,in-store,C0025
6154,2025-11-27,Thursday,P01,Sourdough Loaf,Bread,1,4.5,0,4.5,cash,in-store,C0061
6154,2025-11-27,Thursday,P11,Cupcake (single),Cake,1,3.25,0,3.25,cash,in-store,C0061
6155,2025-11-27,Thursday,P15,Scone - Blueberry,Pastry,1,3.0,0,3.0,card,in-store,C0067
6155,2025-11-27,Thursday,P12,Bagel - Plain,Bread,3,2.25,0,6.75,card,in-store,C0067
6155,2025-11-27,Thursday,P08,Chocolate Chip Cookie,Cookie,2,2.0,0,4.0,card,in-store,C0067
6155,2025-11-27,Thursday,P11,Cupcake (single),Cake,1,3.25,0,3.25,card,in-store,C0067
6156,2025-11-28,Friday,P12,Bagel - Plain,Bread,1,2.25,0,2.25,upi,in-store,
6156,2025-11-28,Friday,P15,Scone - Blueberry,Pastry,1,3.0,0,3.0,upi,in-store,
6157,2025-11-28,Friday,P10,Birthday Cake (whole),Cake,1,32.0,0,32.0,upi,online,
6157,2025-11-28,Friday,P09,Oatmeal Raisin Cookie,Cookie,3,2.0,0,6.0,upi,online,
6158,2025-11-28,Friday,P11,Cupcake (single),Cake,1,3.25,0,3.25,upi,in-store,C0011
6158,2025-11-28,Friday,P11,Cupcake (single),Cake,1,3.25,0,3.25,upi,in-store,C0011
6158,2025-11-28,Friday,P14,Rye Loaf,Bread,1,4.9,0,4.9,upi,in-store,C0011
6158,2025-11-28,Friday,P08,Chocolate Chip Cookie,Cookie,1,2.0,0,2.0,upi,in-store,C0011
6159,2025-11-28,Friday,P14,Rye Loaf,Bread,1,4.9,0,4.9,upi,in-store,C0112
6159,2025-11-28,Friday,P08,Chocolate Chip Cookie,Cookie,2,2.0,0,4.0,upi,in-store,C0112
6160,2025-11-28,Friday,P08,Chocolate Chip Cookie,Cookie,1,2.0,0,2.0,cash,online,C0092
6160,2025-11-28,Friday,P01,Sourdough Loaf,Bread,1,4.5,0,4.5,cash,online,C0092
6161,2025-11-28,Friday,P02,Baguette,Bread,1,3.25,0,3.25,cash,in-store,C0067
6163,2025-11-28,Friday,P14,Rye Loaf,Bread,1,4.9,0,4.9,card,in-store,
6163,2025-11-28,Friday,P08,Chocolate Chip Cookie,Cookie,2,2.0,0,4.0,card,in-store,
6163,2025-11-28,Friday,P11,Cupcake (single),Cake,1,3.25,0,3.25,card,in-store,
6164,2025-11-28,Friday,P05,Pain au Chocolat,Pastry,1,3.5,0,3.5,card,in-store,C0079
6164,2025-11-28,Friday,P14,Rye Loaf,Bread,1,4.9,0,4.9,card,in-store,C0079
6165,2025-11-28,Friday,P04,Croissant,Pastry,1,3.0,0,3.0,upi,in-store,
6166,2025-11-28,Friday,P15,Scone - Blueberry,Pastry,1,3.0,0,3.0,card,online,C0076
6166,2025-11-28,Friday,P08,Chocolate Chip Cookie,Cookie,2,2.0,0,4.0,card,online,C0076
6166,2025-11-28,Friday,P06,Cinnamon Roll,Pastry,2,3.75,0,7.5,card,online,C0076
6166,2025-11-28,Friday,P05,Pain au Chocolat,Pastry,1,3.5,0,3.5,card,online,C0076
6167,2025-11-28,Friday,P03,Whole Wheat Loaf,Bread,1,4.75,0,4.75,upi,in-store,
6167,2025-11-28,Friday,P07,Blueberry Muffin,Pastry,1,2.75,0,2.75,upi,in-store,
6167,2025-11-28,Friday,P14,Rye Loaf,Bread,1,4.9,0,4.9,upi,in-store,
6167,2025-11-28,Friday,P13,Bagel - Everything,Bread,1,2.5,0,2.5,upi,in-store,
6168,2025-11-28,Friday,P10,Birthday Cake (whole),Cake,1,32.0,0,32.0,upi,in-store,
6169,2025-11-28,Friday,P02,Baguette,Bread,1,3.25,0,3.25,card,in-store,C0073
6169,2025-11-28,Friday,P06,Cinnamon Roll,Pastry,1,3.75,0,3.75,card,in-store,C0073
6169,2025-11-28,Friday,P10,Birthday Cake (whole),Cake,1,32.0,0,32.0,card,in-store,C0073
6170,2025-11-28,Friday,P15,Scone - Blueberry,Pastry,1,3.0,0,3.0,card,in-store,C0086
6170,2025-11-28,Friday,P12,Bagel - Plain,Bread,1,2.25,0,2.25,card,in-store,C0086
6171,2025-11-28,Friday,P05,Pain au Chocolat,Pastry,2,3.5,0,7.0,upi,online,C0057
6171,2025-11-28,Friday,P12,Bagel - Plain,Bread,1,2.25,0,2.25,upi,online,C0057
6173,2025-11-29,Saturday,P10,Birthday Cake (whole),Cake,1,32.0,0,32.0,cash,in-store,C0094
6174,2025-11-29,Saturday,P01,Sourdough Loaf,Bread,1,4.5,0,4.5,card,in-store,
6174,2025-11-29,Saturday,P11,Cupcake (single),Cake,1,3.25,0,3.25,card,in-store,
6174,2025-11-29,Saturday,P08,Chocolate Chip Cookie,Cookie,2,2.0,0,4.0,card,in-store,
6175,2025-11-29,Saturday,P02,Baguette,Bread,1,3.25,0,3.25,upi,online,
6175,2025-11-29,Saturday,P08,Chocolate Chip Cookie,Cookie,1,2.0,0,2.0,upi,online,
6176,2025-11-29,Saturday,P04,Croissant,Pastry,1,3.0,0,3.0,upi,in-store,
6177,2025-11-29,Saturday,P05,Pain au Chocolat,Pastry,1,3.5,0,3.5,card,in-store,C0107
6178,2025-11-29,Saturday,P12,Bagel - Plain,Bread,2,2.25,0,4.5,upi,in-store,C0085
6179,2025-11-29,Saturday,P07,Blueberry Muffin,Pastry,1,2.75,0,2.75,card,in-store,C0061
6179,2025-11-29,Saturday,P14,Rye Loaf,Bread,1,4.9,0,4.9,card,in-store,C0061
6179,2025-11-29,Saturday,P15,Scone - Blueberry,Pastry,1,3.0,0,3.0,card,in-store,C0061
6180,2025-11-29,Saturday,P12,Bagel - Plain,Bread,1,2.25,0,2.25,card,in-store,C0048
6180,2025-11-29,Saturday,P13,Bagel - Everything,Bread,1,2.5,0,2.5,card,in-store,C0048
6181,2025-11-29,Saturday,P01,Sourdough Loaf,Bread,2,4.5,0,9.0,upi,in-store,C0039
6181,2025-11-29,Saturday,P03,Whole Wheat Loaf,Bread,1,4.75,0,4.75,upi,in-store,C0039
6183,2025-11-29,Saturday,P02,Baguette,Bread,2,3.25,0,6.5,card,in-store,
6184,2025-11-29,Saturday,P09,Oatmeal Raisin Cookie,Cookie,2,2.0,0,4.0,card,in-store,C0096
6184,2025-11-29,Saturday,P09,Oatmeal Raisin Cookie,Cookie,2,2.0,0,4.0,card,in-store,C0096
6185,2025-11-29,Saturday,P02,Baguette,Bread,2,3.25,0,6.5,card,in-store,C0049
6186,2025-11-29,Saturday,P03,Whole Wheat Loaf,Bread,1,4.75,0,4.75,upi,in-store,C0027
6188,2025-11-30,Sunday,P06,Cinnamon Roll,Pastry,3,3.75,0,11.25,card,in-store,C0061
6189,2025-11-30,Sunday,P07,Blueberry Muffin,Pastry,1,2.75,0,2.75,cash,in-store,
6189,2025-11-30,Sunday,P07,Blueberry Muffin,Pastry,2,2.75,0,5.5,cash,in-store,
6191,2025-11-30,Sunday,P03,Whole Wheat Loaf,Bread,1,4.75,0,4.75,cash,in-store,C0117
6191,2025-11-30,Sunday,P05,Pain au Chocolat,Pastry,1,3.5,0,3.5,cash,in-store,C0117
6193,2025-11-30,Sunday,P05,Pain au Chocolat,Pastry,2,3.5,0,7.0,cash,online,
6196,2025-11-30,Sunday,P06,Cinnamon Roll,Pastry,2,3.75,0,7.5,upi,in-store,C0110
6197,2025-11-30,Sunday,P15,Scone - Blueberry,Pastry,3,3.0,0,9.0,card,in-store,
6199,2025-11-30,Sunday,P07,Blueberry Muffin,Pastry,1,2.75,0,2.75,upi,in-store,
6199,2025-11-30,Sunday,P05,Pain au Chocolat,Pastry,1,3.5,0,3.5,upi,in-store,
6199,2025-11-30,Sunday,P14,Rye Loaf,Bread,1,4.9,0,4.9,upi,in-store,
6200,2025-11-30,Sunday,P05,Pain au Chocolat,Pastry,1,3.5,0,3.5,card,in-store,C0010
6200,2025-11-30,Sunday,P07,Blueberry Muffin,Pastry,1,2.75,0,2.75,card,in-store,C0010
6200,2025-11-30,Sunday,P05,Pain au Chocolat,Pastry,1,3.5,0,3.5,card,in-store,C0010
6200,2025-11-30,Sunday,P05,Pain au Chocolat,Pastry,1,3.5,0,3.5,card,in-store,C0010
6202,2025-11-30,Sunday,P15,Scone - Blueberry,Pastry,1,3.0,0,3.0,card,in-store,C0015
6203,2025-11-30,Sunday,P02,Baguette,Bread,3,3.25,0,9.75,upi,in-store,
6203,2025-11-30,Sunday,P07,Blueberry Muffin,Pastry,1,2.75,0,2.75,upi,in-store,
6205,2025-11-30,Sunday,P14,Rye Loaf,Bread,1,4.9,0,4.9,upi,in-store,C0042
6206,2025-11-30,Sunday,P03,Whole Wheat Loaf,Bread,1,4.75,0,4.75,card,online,C0105
6206,2025-11-30,Sunday,P11,Cupcake (single),Cake,1,3.25,0,3.25,card,online,C0105
6207,2025-11-30,Sunday,P08,Chocolate Chip Cookie,Cookie,1,2.0,0,2.0,card,in-store,C0007
6208,2025-11-30,Sunday,P05,Pain au Chocolat,Pastry,3,3.5,0,10.5,card,in-store,C0046
6209,2025-11-30,Sunday,P03,Whole Wheat Loaf,Bread,1,4.75,0,4.75,card,in-store,
6211,2025-12-01,Monday,P08,Chocolate Chip Cookie,Cookie,1,2.0,0,2.0,upi,in-store,C0085
6212,2025-12-01,Monday,P08,Chocolate Chip Cookie,Cookie,1,2.0,0,2.0,card,in-store,C0128
6213,2025-12-01,Monday,P13,Bagel - Everything,Bread,2,2.5,0,5.0,cash,online,
6213,2025-12-01,Monday,P15,Scone - Blueberry,Pastry,1,3.0,0,3.0,cash,online,
6213,2025-12-01,Monday,P05,Pain au Chocolat,Pastry,1,3.5,0,3.5,cash,online,
6214,2025-12-01,Monday,P03,Whole Wheat Loaf,Bread,1,4.75,0,4.75,upi,in-store,C0130
6215,2025-12-01,Monday,P08,Chocolate Chip Cookie,Cookie,1,2.0,0,2.0,upi,online,
6215,2025-12-01,Monday,P03,Whole Wheat Loaf,Bread,1,4.75,0,4.75,upi,online,
6216,2025-12-01,Monday,P14,Rye Loaf,Bread,1,4.9,0,4.9,upi,online,
6216,2025-12-01,Monday,P06,Cinnamon Roll,Pastry,1,3.75,0,3.75,upi,online,
6218,2025-12-01,Monday,P06,Cinnamon Roll,Pastry,1,3.75,0,3.75,upi,online,
6218,2025-12-01,Monday,P08,Chocolate Chip Cookie,Cookie,2,2.0,0,4.0,upi,online,
6220,2025-12-01,Monday,P01,Sourdough Loaf,Bread,1,4.5,0,4.5,upi,in-store,
6221,2025-12-01,Monday,P05,Pain au Chocolat,Pastry,2,3.5,0,7.0,card,in-store,
6222,2025-12-01,Monday,P03,Whole Wheat Loaf,Bread,1,4.75,0,4.75,upi,in-store,C0105
6223,2025-12-01,Monday,P10,Birthday Cake (whole),Cake,1,32.0,0,32.0,upi,online,C0111
6223,2025-12-01,Monday,P04,Croissant,Pastry,1,3.0,0,3.0,upi,online,C0111
6224,2025-12-01,Monday,P03,Whole Wheat Loaf,Bread,1,4.75,0,4.75,upi,in-store,
6225,2025-12-01,Monday,P04,Croissant,Pastry,1,3.0,0,3.0,upi,online,C0054
6226,2025-12-01,Monday,P12,Bagel - Plain,Bread,1,2.25,0,2.25,cash,online,C0041
6227,2025-12-01,Monday,P08,Chocolate Chip Cookie,Cookie,1,2.0,0,2.0,card,in-store,C0116
6227,2025-12-01,Monday,P12,Bagel - Plain,Bread,2,2.25,0,4.5,card,in-store,C0116
6229,2025-12-02,Tuesday,P12,Bagel - Plain,Bread,1,2.25,0,2.25,cash,in-store,
6229,2025-12-02,Tuesday,P04,Croissant,Pastry,3,3.0,0,9.0,cash,in-store,
6230,2025-12-02,Tuesday,P01,Sourdough Loaf,Bread,1,4.5,0,4.5,card,in-store,C0005
6231,2025-12-02,Tuesday,P02,Baguette,Bread,1,3.25,0,3.25,card,in-store,
6232,2025-12-02,Tuesday,P10,Birthday Cake (whole),Cake,1,32.0,0,32.0,card,in-store,
6232,2025-12-02,Tuesday,P14,Rye Loaf,Bread,3,4.9,0,14.7,card,in-store,
6233,2025-12-02,Tuesday,P12,Bagel - Plain,Bread,1,2.25,0,2.25,cash,in-store,C0108
6233,2025-12-02,Tuesday,P01,Sourdough Loaf,Bread,1,4.5,0,4.5,cash,in-store,C0108
6234,2025-12-02,Tuesday,P03,Whole Wheat Loaf,Bread,1,4.75,0,4.75,upi,in-store,
6234,2025-12-02,Tuesday,P04,Croissant,Pastry,2,3.0,0,6.0,upi,in-store,
6235,2025-12-02,Tuesday,P09,Oatmeal Raisin Cookie,Cookie,1,2.0,0,2.0,cash,in-store,
6235,2025-12-02,Tuesday,P12,Bagel - Plain,Bread,1,2.25,0,2.25,cash,in-store,
6236,2025-12-02,Tuesday,P15,Scone - Blueberry,Pastry,1,3.0,0,3.0,card,online,C0003
6236,2025-12-02,Tuesday,P05,Pain au Chocolat,Pastry,1,3.5,0,3.5,card,online,C0003
6236,2025-12-02,Tuesday,P14,Rye Loaf,Bread,1,4.9,0,4.9,card,online,C0003
6236,2025-12-02,Tuesday,P04,Croissant,Pastry,1,3.0,0,3.0,card,online,C0003
6237,2025-12-02,Tuesday,P11,Cupcake (single),Cake,1,3.25,0,3.25,card,in-store,
6238,2025-12-02,Tuesday,P04,Croissant,Pastry,1,3.0,0,3.0,cash,in-store,C0066
6239,2025-12-02,Tuesday,P05,Pain au Chocolat,Pastry,1,3.5,0,3.5,card,in-store,C0130
6240,2025-12-02,Tuesday,P08,Chocolate Chip Cookie,Cookie,2,2.0,0,4.0,upi,in-store,C0007
6240,2025-12-02,Tuesday,P14,Rye Loaf,Bread,1,4.9,0,4.9,upi,in-store,C0007
6240,2025-12-02,Tuesday,P05,Pain au Chocolat,Pastry,1,3.5,0,3.5,upi,in-store,C0007
6240,2025-12-02,Tuesday,P08,Chocolate Chip Cookie,Cookie,3,2.0,0,6.0,upi,in-store,C0007
6241,2025-12-02,Tuesday,P08,Chocolate Chip Cookie,Cookie,1,2.0,0,2.0,upi,in-store,C0077
6241,2025-12-02,Tuesday,P01,Sourdough Loaf,Bread,1,4.5,0,4.5,upi,in-store,C0077
6242,2025-12-03,Wednesday,P12,Bagel - Plain,Bread,1,2.25,0,2.25,card,in-store,C0108
6242,2025-12-03,Wednesday,P06,Cinnamon Roll,Pastry,1,3.75,0,3.75,card,in-store,C0108
6243,2025-12-03,Wednesday,P04,Croissant,Pastry,1,3.0,0,3.0,card,in-store,C0004
6244,2025-12-03,Wednesday,P12,Bagel - Plain,Bread,1,2.25,0,2.25,cash,in-store,C0016
6244,2025-12-03,Wednesday,P04,Croissant,Pastry,1,3.0,0,3.0,cash,in-store,C0016
6245,2025-12-03,Wednesday,P09,Oatmeal Raisin Cookie,Cookie,1,2.0,0,2.0,upi,in-store,C0013
6246,2025-12-03,Wednesday,P01,Sourdough Loaf,Bread,1,4.5,0,4.5,upi,in-store,
6247,2025-12-03,Wednesday,P12,Bagel - Plain,Bread,2,2.25,0,4.5,card,in-store,C0111
6248,2025-12-03,Wednesday,P03,Whole Wheat Loaf,Bread,1,4.75,0,4.75,cash,in-store,
6249,2025-12-03,Wednesday,P09,Oatmeal Raisin Cookie,Cookie,2,2.0,0,4.0,card,in-store,
6250,2025-12-03,Wednesday,P11,Cupcake (single),Cake,1,3.25,0,3.25,upi,in-store,
6250,2025-12-03,Wednesday,P07,Blueberry Muffin,Pastry,1,2.75,0,2.75,upi,in-store,
6251,2025-12-03,Wednesday,P05,Pain au Chocolat,Pastry,1,3.5,0,3.5,card,in-store,C0064
6251,2025-12-03,Wednesday,P09,Oatmeal Raisin Cookie,Cookie,3,2.0,0,6.0,card,in-store,C0064
6252,2025-12-03,Wednesday,P07,Blueberry Muffin,Pastry,1,2.75,0,2.75,cash,online,C0110
6252,2025-12-03,Wednesday,P13,Bagel - Everything,Bread,2,2.5,0,5.0,cash,online,C0110
6253,2025-12-03,Wednesday,P15,Scone - Blueberry,Pastry,3,3.0,0,9.0,upi,in-store,
6254,2025-12-03,Wednesday,P06,Cinnamon Roll,Pastry,1,3.75,0,3.75,cash,in-store,C0019
6255,2025-12-03,Wednesday,P15,Scone - Blueberry,Pastry,1,3.0,0,3.0,upi,in-store,C0058
6255,2025-12-03,Wednesday,P08,Chocolate Chip Cookie,Cookie,1,2.0,0,2.0,upi,in-store,C0058
6256,2025-12-04,Thursday,P15,Scone - Blueberry,Pastry,1,3.0,0,3.0,upi,in-store,C0097
6256,2025-12-04,Thursday,P15,Scone - Blueberry,Pastry,1,3.0,0,3.0,upi,in-store,C0097
6257,2025-12-04,Thursday,P03,Whole Wheat Loaf,Bread,1,4.75,0,4.75,upi,online,C0002
6258,2025-12-04,Thursday,P09,Oatmeal Raisin Cookie,Cookie,3,2.0,0,6.0,card,in-store,
6258,2025-12-04,Thursday,P05,Pain au Chocolat,Pastry,1,3.5,0,3.5,card,in-store,
6259,2025-12-04,Thursday,P06,Cinnamon Roll,Pastry,1,3.75,0,3.75,upi,in-store,C0102
6260,2025-12-04,Thursday,P10,Birthday Cake (whole),Cake,1,32.0,0,32.0,card,online,C0010
6261,2025-12-04,Thursday,P15,Scone - Blueberry,Pastry,1,3.0,0,3.0,card,online,C0114
6261,2025-12-04,Thursday,P10,Birthday Cake (whole),Cake,1,32.0,0,32.0,card,online,C0114
6262,2025-12-04,Thursday,P07,Blueberry Muffin,Pastry,1,2.75,0,2.75,cash,in-store,
6263,2025-12-04,Thursday,P03,Whole Wheat Loaf,Bread,1,4.75,0,4.75,cash,in-store,C0025
6264,2025-12-04,Thursday,P10,Birthday Cake (whole),Cake,1,32.0,0,32.0,upi,in-store,
6265,2025-12-05,Friday,P14,Rye Loaf,Bread,3,4.9,0,14.7,cash,in-store,
6265,2025-12-05,Friday,P14,Rye Loaf,Bread,3,4.9,0,14.7,cash,in-store,
6267,2025-12-05,Friday,P06,Cinnamon Roll,Pastry,1,3.75,0,3.75,cash,catering,
6267,2025-12-05,Friday,P15,Scone - Blueberry,Pastry,1,3.0,0,3.0,cash,catering,
6268,2025-12-05,Friday,P14,Rye Loaf,Bread,1,4.9,0,4.9,upi,in-store,C0041
6269,2025-12-05,Friday,P07,Blueberry Muffin,Pastry,1,2.75,0,2.75,upi,in-store,C0001
6270,2025-12-05,Friday,P08,Chocolate Chip Cookie,Cookie,1,2.0,0,2.0,card,catering,C0089
6271,2025-12-05,Friday,P08,Chocolate Chip Cookie,Cookie,3,2.0,0,6.0,card,in-store,C0059
6271,2025-12-05,Friday,P05,Pain au Chocolat,Pastry,1,3.5,0,3.5,card,in-store,C0059
6271,2025-12-05,Friday,P12,Bagel - Plain,Bread,2,2.25,0,4.5,card,in-store,C0059
6272,2025-12-05,Friday,P07,Blueberry Muffin,Pastry,1,2.75,0,2.75,upi,in-store,
6273,2025-12-05,Friday,P11,Cupcake (single),Cake,1,3.25,0,3.25,card,in-store,
6273,2025-12-05,Friday,P11,Cupcake (single),Cake,1,3.25,0,3.25,card,in-store,
6274,2025-12-05,Friday,P12,Bagel - Plain,Bread,1,2.25,0,2.25,upi,online,C0003
6274,2025-12-05,Friday,P06,Cinnamon Roll,Pastry,1,3.75,0,3.75,upi,online,C0003
6275,2025-12-05,Friday,P05,Pain au Chocolat,Pastry,3,3.5,0,10.5,upi,online,
6276,2025-12-05,Friday,P04,Croissant,Pastry,3,3.0,0,9.0,card,in-store,C0005
6276,2025-12-05,Friday,P01,Sourdough Loaf,Bread,1,4.5,0,4.5,card,in-store,C0005
6277,2025-12-05,Friday,P07,Blueberry Muffin,Pastry,1,2.75,0,2.75,upi,online,C0079
6278,2025-12-05,Friday,P07,Blueberry Muffin,Pastry,1,2.75,0,2.75,card,in-store,
6279,2025-12-05,Friday,P07,Blueberry Muffin,Pastry,1,2.75,0,2.75,upi,online,
6279,2025-12-05,Friday,P04,Croissant,Pastry,1,3.0,0,3.0,upi,online,
6280,2025-12-05,Friday,P14,Rye Loaf,Bread,2,4.9,0,9.8,upi,in-store,
6281,2025-12-05,Friday,P08,Chocolate Chip Cookie,Cookie,1,2.0,0,2.0,cash,in-store,C0053
6282,2025-12-05,Friday,P12,Bagel - Plain,Bread,1,2.25,0,2.25,upi,in-store,
6283,2025-12-05,Friday,P13,Bagel - Everything,Bread,2,2.5,0,5.0,cash,in-store,
6284,2025-12-05,Friday,P05,Pain au Chocolat,Pastry,1,3.5,0,3.5,cash,in-store,
6285,2025-12-06,Saturday,P15,Scone - Blueberry,Pastry,1,3.0,0,3.0,cash,in-store,C0118
6286,2025-12-06,Saturday,P03,Whole Wheat Loaf,Bread,1,4.75,0,4.75,upi,in-store,
6287,2025-12-06,Saturday,P05,Pain au Chocolat,Pastry,2,3.5,0,7.0,card,in-store,
6287,2025-12-06,Saturday,P13,Bagel - Everything,Bread,3,2.5,0,7.5,card,in-store,
6287,2025-12-06,Saturday,P04,Croissant,Pastry,1,3.0,0,3.0,card,in-store,
6288,2025-12-06,Saturday,P12,Bagel - Plain,Bread,3,2.25,0,6.75,card,in-store,C0074
6288,2025-12-06,Saturday,P05,Pain au Chocolat,Pastry,3,3.5,0,10.5,card,in-store,C0074
6289,2025-12-06,Saturday,P06,Cinnamon Roll,Pastry,1,3.75,0,3.75,upi,in-store,C0058
6290,2025-12-06,Saturday,P12,Bagel - Plain,Bread,1,2.25,0,2.25,upi,in-store,
6290,2025-12-06,Saturday,P12,Bagel - Plain,Bread,3,2.25,0,6.75,upi,in-store,
6290,2025-12-06,Saturday,P06,Cinnamon Roll,Pastry,1,3.75,0,3.75,upi,in-store,
6291,2025-12-06,Saturday,P09,Oatmeal Raisin Cookie,Cookie,1,2.0,0,2.0,cash,online,C0079
6292,2025-12-06,Saturday,P07,Blueberry Muffin,Pastry,2,2.75,0,5.5,card,online,
6293,2025-12-06,Saturday,P08,Chocolate Chip Cookie,Cookie,1,2.0,0,2.0,upi,online,C0093
6293,2025-12-06,Saturday,P02,Baguette,Bread,1,3.25,0,3.25,upi,online,C0093
6294,2025-12-06,Saturday,P03,Whole Wheat Loaf,Bread,1,4.75,0,4.75,cash,in-store,
6295,2025-12-06,Saturday,P08,Chocolate Chip Cookie,Cookie,3,2.0,0,6.0,upi,in-store,C0052
6295,2025-12-06,Saturday,P06,Cinnamon Roll,Pastry,1,3.75,0,3.75,upi,in-store,C0052
6296,2025-12-06,Saturday,P14,Rye Loaf,Bread,3,4.9,0,14.7,card,in-store,C0033
6297,2025-12-06,Saturday,P10,Birthday Cake (whole),Cake,1,32.0,0,32.0,cash,in-store,C0036
6297,2025-12-06,Saturday,P04,Croissant,Pastry,1,3.0,0,3.0,cash,in-store,C0036
6297,2025-12-06,Saturday,P09,Oatmeal Raisin Cookie,Cookie,1,2.0,0,2.0,cash,in-store,C0036
6298,2025-12-06,Saturday,P09,Oatmeal Raisin Cookie,Cookie,1,2.0,0,2.0,cash,in-store,
6298,2025-12-06,Saturday,P10,Birthday Cake (whole),Cake,1,32.0,0,32.0,cash,in-store,
6298,2025-12-06,Saturday,P07,Blueberry Muffin,Pastry,1,2.75,0,2.75,cash,in-store,
6301,2025-12-06,Saturday,P07,Blueberry Muffin,Pastry,1,2.75,0,2.75,cash,in-store,C0043
6301,2025-12-06,Saturday,P03,Whole Wheat Loaf,Bread,1,4.75,0,4.75,cash,in-store,C0043
6302,2025-12-06,Saturday,P08,Chocolate Chip Cookie,Cookie,3,2.0,0,6.0,card,in-store,C0036
6303,2025-12-06,Saturday,P08,Chocolate Chip Cookie,Cookie,1,2.0,0,2.0,cash,in-store,C0012
6304,2025-12-06,Saturday,P10,Birthday Cake (whole),Cake,1,32.0,0,32.0,cash,in-store,C0003
6304,2025-12-06,Saturday,P10,Birthday Cake (whole),Cake,1,32.0,0,32.0,cash,in-store,C0003
6306,2025-12-06,Saturday,P14,Rye Loaf,Bread,1,4.9,0,4.9,upi,online,C0022
6307,2025-12-06,Saturday,P12,Bagel - Plain,Bread,2,2.25,0,4.5,cash,in-store,C0107
6308,2025-12-06,Saturday,P10,Birthday Cake (whole),Cake,1,32.0,0,32.0,card,in-store,
6308,2025-12-06,Saturday,P07,Blueberry Muffin,Pastry,1,2.75,0,2.75,card,in-store,
6309,2025-12-07,Sunday,P02,Baguette,Bread,1,3.25,0,3.25,cash,in-store,C0109
6309,2025-12-07,Sunday,P12,Bagel - Plain,Bread,3,2.25,0,6.75,cash,in-store,C0109
6309,2025-12-07,Sunday,P08,Chocolate Chip Cookie,Cookie,1,2.0,0,2.0,cash,in-store,C0109
6310,2025-12-07,Sunday,P08,Chocolate Chip Cookie,Cookie,1,2.0,0,2.0,card,in-store,C0081
6311,2025-12-07,Sunday,P01,Sourdough Loaf,Bread,1,4.5,0,4.5,card,in-store,C0052
6312,2025-12-07,Sunday,P13,Bagel - Everything,Bread,1,2.5,0,2.5,cash,in-store,
6312,2025-12-07,Sunday,P03,Whole Wheat Loaf,Bread,2,4.75,0,9.5,cash,in-store,
6312,2025-12-07,Sunday,P04,Croissant,Pastry,1,3.0,0,3.0,cash,in-store,
6312,2025-12-07,Sunday,P05,Pain au Chocolat,Pastry,1,3.5,0,3.5,cash,in-store,
6313,2025-12-07,Sunday,P11,Cupcake (single),Cake,1,3.25,0,3.25,cash,in-store,C0119
6313,2025-12-07,Sunday,P10,Birthday Cake (whole),Cake,1,32.0,0,32.0,cash,in-store,C0119
6313,2025-12-07,Sunday,P05,Pain au Chocolat,Pastry,2,3.5,0,7.0,cash,in-store,C0119
6314,2025-12-07,Sunday,P07,Blueberry Muffin,Pastry,1,2.75,0,2.75,cash,in-store,C0054
6315,2025-12-07,Sunday,P03,Whole Wheat Loaf,Bread,3,4.75,0,14.25,upi,catering,C0088
6317,2025-12-07,Sunday,P12,Bagel - Plain,Bread,1,2.25,0,2.25,cash,in-store,
6317,2025-12-07,Sunday,P01,Sourdough Loaf,Bread,1,4.5,0,4.5,cash,in-store,
6317,2025-12-07,Sunday,P11,Cupcake (single),Cake,1,3.25,0,3.25,cash,in-store,
6318,2025-12-07,Sunday,P11,Cupcake (single),Cake,1,3.25,0,3.25,upi,in-store,
6319,2025-12-07,Sunday,P12,Bagel - Plain,Bread,2,2.25,0,4.5,card,in-store,C0019
6319,2025-12-07,Sunday,P14,Rye Loaf,Bread,1,4.9,0,4.9,card,in-store,C0019
6319,2025-12-07,Sunday,P03,Whole Wheat Loaf,Bread,1,4.75,0,4.75,card,in-store,C0019
6320,2025-12-07,Sunday,P15,Scone - Blueberry,Pastry,1,3.0,0,3.0,card,in-store,
6321,2025-12-07,Sunday,P03,Whole Wheat Loaf,Bread,1,4.75,0,4.75,cash,in-store,C0117
6321,2025-12-07,Sunday,P07,Blueberry Muffin,Pastry,1,2.75,0,2.75,cash,in-store,C0117
6322,2025-12-07,Sunday,P02,Baguette,Bread,2,3.25,0,6.5,cash,in-store,
6322,2025-12-07,Sunday,P05,Pain au Chocolat,Pastry,3,3.5,0,10.5,cash,in-store,
6322,2025-12-07,Sunday,P08,Chocolate Chip Cookie,Cookie,1,2.0,0,2.0,cash,in-store,
6323,2025-12-07,Sunday,P08,Chocolate Chip Cookie,Cookie,1,2.0,0,2.0,card,in-store,
6323,2025-12-07,Sunday,P07,Blueberry Muffin,Pastry,1,2.75,0,2.75,card,in-store,
6323,2025-12-07,Sunday,P11,Cupcake (single),Cake,1,3.25,0,3.25,card,in-store,
6324,2025-12-07,Sunday,P09,Oatmeal Raisin Cookie,Cookie,1,2.0,0,2.0,upi,in-store,
6325,2025-12-07,Sunday,P08,Chocolate Chip Cookie,Cookie,3,2.0,0,6.0,upi,in-store,C0075
6326,2025-12-07,Sunday,P14,Rye Loaf,Bread,1,4.9,0,4.9,upi,in-store,C0005
6326,2025-12-07,Sunday,P04,Croissant,Pastry,1,3.0,0,3.0,upi,in-store,C0005
6326,2025-12-07,Sunday,P14,Rye Loaf,Bread,2,4.9,0,9.8,upi,in-store,C0005
6326,2025-12-07,Sunday,P06,Cinnamon Roll,Pastry,2,3.75,0,7.5,upi,in-store,C0005
6327,2025-12-07,Sunday,P08,Chocolate Chip Cookie,Cookie,1,2.0,0,2.0,cash,in-store,C0098
6327,2025-12-07,Sunday,P03,Whole Wheat Loaf,Bread,1,4.75,0,4.75,cash,in-store,C0098
6328,2025-12-08,Monday,P07,Blueberry Muffin,Pastry,1,2.75,0,2.75,upi,in-store,
6329,2025-12-08,Monday,P07,Blueberry Muffin,Pastry,3,2.75,0,8.25,cash,in-store,C0073
6331,2025-12-08,Monday,P03,Whole Wheat Loaf,Bread,2,4.75,0,9.5,card,in-store,
6332,2025-12-08,Monday,P08,Chocolate Chip Cookie,Cookie,3,2.0,0,6.0,cash,online,
6334,2025-12-08,Monday,P05,Pain au Chocolat,Pastry,1,3.5,0,3.5,cash,in-store,C0061
6334,2025-12-08,Monday,P01,Sourdough Loaf,Bread,2,4.5,0,9.0,cash,in-store,C0061
6335,2025-12-08,Monday,P08,Chocolate Chip Cookie,Cookie,1,2.0,0,2.0,card,in-store,
6335,2025-12-08,Monday,P07,Blueberry Muffin,Pastry,1,2.75,0,2.75,card,in-store,
6336,2025-12-08,Monday,P02,Baguette,Bread,1,3.25,0,3.25,cash,in-store,C0122
6336,2025-12-08,Monday,P14,Rye Loaf,Bread,2,4.9,0,9.8,cash,in-store,C0122
6336,2025-12-08,Monday,P02,Baguette,Bread,1,3.25,0,3.25,cash,in-store,C0122
6337,2025-12-08,Monday,P09,Oatmeal Raisin Cookie,Cookie,1,2.0,0,2.0,upi,in-store,C0005
6337,2025-12-08,Monday,P09,Oatmeal Raisin Cookie,Cookie,3,2.0,0,6.0,upi,in-store,C0005
6339,2025-12-08,Monday,P08,Chocolate Chip Cookie,Cookie,1,2.0,0,2.0,cash,catering,C0112
6339,2025-12-08,Monday,P07,Blueberry Muffin,Pastry,1,2.75,0,2.75,cash,catering,C0112
6340,2025-12-09,Tuesday,P12,Bagel - Plain,Bread,1,2.25,0,2.25,upi,in-store,C0021
6341,2025-12-09,Tuesday,P10,Birthday Cake (whole),Cake,1,32.0,0,32.0,card,in-store,C0085
6341,2025-12-09,Tuesday,P07,Blueberry Muffin,Pastry,1,2.75,0,2.75,card,in-store,C0085
6342,2025-12-09,Tuesday,P01,Sourdough Loaf,Bread,3,4.5,0,13.5,cash,in-store,
6342,2025-12-09,Tuesday,P09,Oatmeal Raisin Cookie,Cookie,1,2.0,0,2.0,cash,in-store,
6342,2025-12-09,Tuesday,P07,Blueberry Muffin,Pastry,1,2.75,0,2.75,cash,in-store,
6343,2025-12-09,Tuesday,P07,Blueberry Muffin,Pastry,2,2.75,0,5.5,cash,in-store,C0003
6344,2025-12-09,Tuesday,P11,Cupcake (single),Cake,1,3.25,0,3.25,upi,in-store,C0077
6344,2025-12-09,Tuesday,P04,Croissant,Pastry,3,3.0,0,9.0,upi,in-store,C0077
6345,2025-12-09,Tuesday,P07,Blueberry Muffin,Pastry,1,2.75,0,2.75,upi,in-store,
6346,2025-12-09,Tuesday,P04,Croissant,Pastry,1,3.0,0,3.0,card,in-store,C0066
6346,2025-12-09,Tuesday,P02,Baguette,Bread,3,3.25,0,9.75,card,in-store,C0066
6347,2025-12-09,Tuesday,P08,Chocolate Chip Cookie,Cookie,1,2.0,0,2.0,upi,in-store,
6347,2025-12-09,Tuesday,P07,Blueberry Muffin,Pastry,1,2.75,0,2.75,upi,in-store,
6348,2025-12-09,Tuesday,P11,Cupcake (single),Cake,1,3.25,0,3.25,cash,in-store,
6349,2025-12-09,Tuesday,P03,Whole Wheat Loaf,Bread,1,4.75,0,4.75,card,in-store,
6350,2025-12-09,Tuesday,P06,Cinnamon Roll,Pastry,1,3.75,0,3.75,cash,in-store,C0056
6351,2025-12-10,Wednesday,P05,Pain au Chocolat,Pastry,1,3.5,0,3.5,cash,in-store,C0061
6352,2025-12-10,Wednesday,P07,Blueberry Muffin,Pastry,3,2.75,0,8.25,upi,in-store,C0018
6353,2025-12-10,Wednesday,P08,Chocolate Chip Cookie,Cookie,1,2.0,0,2.0,upi,in-store,C0095
6354,2025-12-10,Wednesday,P04,Croissant,Pastry,1,3.0,0,3.0,upi,in-store,C0130
6354,2025-12-10,Wednesday,P14,Rye Loaf,Bread,1,4.9,0,4.9,upi,in-store,C0130
6355,2025-12-10,Wednesday,P03,Whole Wheat Loaf,Bread,1,4.75,0,4.75,cash,online,C0036
6355,2025-12-10,Wednesday,P12,Bagel - Plain,Bread,1,2.25,0,2.25,cash,online,C0036
6355,2025-12-10,Wednesday,P11,Cupcake (single),Cake,1,3.25,0,3.25,cash,online,C0036
6356,2025-12-10,Wednesday,P03,Whole Wheat Loaf,Bread,2,4.75,0,9.5,cash,in-store,C0019
6356,2025-12-10,Wednesday,P03,Whole Wheat Loaf,Bread,1,4.75,0,4.75,cash,in-store,C0019
6357,2025-12-10,Wednesday,P12,Bagel - Plain,Bread,1,2.25,0,2.25,card,in-store,
6357,2025-12-10,Wednesday,P05,Pain au Chocolat,Pastry,2,3.5,0,7.0,card,in-store,
6358,2025-12-10,Wednesday,P05,Pain au Chocolat,Pastry,1,3.5,0,3.5,upi,online,
6358,2025-12-10,Wednesday,P01,Sourdough Loaf,Bread,1,4.5,0,4.5,upi,online,
6359,2025-12-10,Wednesday,P07,Blueberry Muffin,Pastry,2,2.75,0,5.5,upi,online,
6360,2025-12-10,Wednesday,P07,Blueberry Muffin,Pastry,1,2.75,0,2.75,cash,in-store,C0092
6360,2025-12-10,Wednesday,P13,Bagel - Everything,Bread,1,2.5,0,2.5,cash,in-store,C0092
6361,2025-12-10,Wednesday,P14,Rye Loaf,Bread,1,4.9,0,4.9,upi,online,C0067
6362,2025-12-10,Wednesday,P14,Rye Loaf,Bread,1,4.9,0,4.9,upi,in-store,C0019
6363,2025-12-10,Wednesday,P07,Blueberry Muffin,Pastry,1,2.75,0,2.75,upi,online,
6364,2025-12-10,Wednesday,P07,Blueberry Muffin,Pastry,1,2.75,0,2.75,card,online,
6365,2025-12-10,Wednesday,P13,Bagel - Everything,Bread,1,2.5,0,2.5,cash,in-store,C0059
6365,2025-12-10,Wednesday,P08,Chocolate Chip Cookie,Cookie,1,2.0,0,2.0,cash,in-store,C0059
6365,2025-12-10,Wednesday,P13,Bagel - Everything,Bread,2,2.5,0,5.0,cash,in-store,C0059
6366,2025-12-11,Thursday,P06,Cinnamon Roll,Pastry,1,3.75,0,3.75,upi,in-store,
6367,2025-12-11,Thursday,P07,Blueberry Muffin,Pastry,3,2.75,0,8.25,upi,in-store,C0068
6368,2025-12-11,Thursday,P08,Chocolate Chip Cookie,Cookie,2,2.0,0,4.0,card,in-store,
6369,2025-12-11,Thursday,P07,Blueberry Muffin,Pastry,1,2.75,0,2.75,cash,in-store,
6369,2025-12-11,Thursday,P15,Scone - Blueberry,Pastry,1,3.0,0,3.0,cash,in-store,
6370,2025-12-11,Thursday,P02,Baguette,Bread,1,3.25,0,3.25,card,in-store,C0045
6371,2025-12-11,Thursday,P06,Cinnamon Roll,Pastry,1,3.75,0,3.75,cash,in-store,
6372,2025-12-11,Thursday,P03,Whole Wheat Loaf,Bread,3,4.75,0,14.25,upi,in-store,C0112
6372,2025-12-11,Thursday,P07,Blueberry Muffin,Pastry,1,2.75,0,2.75,upi,in-store,C0112
6373,2025-12-11,Thursday,P15,Scone - Blueberry,Pastry,2,3.0,0,6.0,upi,online,
6374,2025-12-11,Thursday,P02,Baguette,Bread,1,3.25,0,3.25,upi,in-store,C0071
6375,2025-12-11,Thursday,P15,Scone - Blueberry,Pastry,1,3.0,0,3.0,card,in-store,C0115
6375,2025-12-11,Thursday,P08,Chocolate Chip Cookie,Cookie,2,2.0,0,4.0,card,in-store,C0115
6376,2025-12-11,Thursday,P04,Croissant,Pastry,3,3.0,0,9.0,cash,online,C0116
6376,2025-12-11,Thursday,P09,Oatmeal Raisin Cookie,Cookie,1,2.0,0,2.0,cash,online,C0116
6377,2025-12-11,Thursday,P03,Whole Wheat Loaf,Bread,2,4.75,0,9.5,upi,in-store,C0102
6377,2025-12-11,Thursday,P08,Chocolate Chip Cookie,Cookie,1,2.0,0,2.0,upi,in-store,C0102
6377,2025-12-11,Thursday,P14,Rye Loaf,Bread,2,4.9,0,9.8,upi,in-store,C0102
6378,2025-12-11,Thursday,P05,Pain au Chocolat,Pastry,1,3.5,0,3.5,upi,in-store,C0113
6379,2025-12-12,Friday,P07,Blueberry Muffin,Pastry,1,2.75,0,2.75,card,in-store,
6379,2025-12-12,Friday,P06,Cinnamon Roll,Pastry,1,3.75,0,3.75,card,in-store,
6379,2025-12-12,Friday,P14,Rye Loaf,Bread,1,4.9,0,4.9,card,in-store,
6379,2025-12-12,Friday,P05,Pain au Chocolat,Pastry,2,3.5,0,7.0,card,in-store,
6380,2025-12-12,Friday,P14,Rye Loaf,Bread,1,4.9,0,4.9,card,in-store,
6381,2025-12-12,Friday,P03,Whole Wheat Loaf,Bread,3,4.75,0,14.25,upi,in-store,
6381,2025-12-12,Friday,P03,Whole Wheat Loaf,Bread,1,4.75,0,4.75,upi,in-store,
6381,2025-12-12,Friday,P14,Rye Loaf,Bread,1,4.9,0,4.9,upi,in-store,
6382,2025-12-12,Friday,P01,Sourdough Loaf,Bread,1,4.5,0,4.5,cash,in-store,
6382,2025-12-12,Friday,P08,Chocolate Chip Cookie,Cookie,1,2.0,0,2.0,cash,in-store,
6382,2025-12-12,Friday,P08,Chocolate Chip Cookie,Cookie,2,2.0,0,4.0,cash,in-store,
6383,2025-12-12,Friday,P03,Whole Wheat Loaf,Bread,1,4.75,0,4.75,upi,in-store,C0088
6383,2025-12-12,Friday,P12,Bagel - Plain,Bread,1,2.25,0,2.25,upi,in-store,C0088
6383,2025-12-12,Friday,P02,Baguette,Bread,1,3.25,0,3.25,upi,in-store,C0088
6385,2025-12-12,Friday,P07,Blueberry Muffin,Pastry,1,2.75,0,2.75,upi,online,C0114
6385,2025-12-12,Friday,P05,Pain au Chocolat,Pastry,1,3.5,0,3.5,upi,online,C0114
6386,2025-12-12,Friday,P08,Chocolate Chip Cookie,Cookie,3,2.0,0,6.0,card,in-store,C0092
6387,2025-12-12,Friday,P01,Sourdough Loaf,Bread,1,4.5,0,4.5,upi,online,
6388,2025-12-12,Friday,P12,Bagel - Plain,Bread,1,2.25,0,2.25,card,in-store,C0023
6389,2025-12-12,Friday,P09,Oatmeal Raisin Cookie,Cookie,1,2.0,0,2.0,cash,in-store,C0010
6390,2025-12-12,Friday,P05,Pain au Chocolat,Pastry,1,3.5,0,3.5,upi,online,C0104
6391,2025-12-12,Friday,P09,Oatmeal Raisin Cookie,Cookie,3,2.0,0,6.0,cash,catering,
6391,2025-12-12,Friday,P15,Scone - Blueberry,Pastry,2,3.0,0,6.0,cash,catering,
6391,2025-12-12,Friday,P13,Bagel - Everything,Bread,1,2.5,0,2.5,cash,catering,
6393,2025-12-12,Friday,P06,Cinnamon Roll,Pastry,1,3.75,0,3.75,upi,in-store,C0119
6394,2025-12-12,Friday,P03,Whole Wheat Loaf,Bread,2,4.75,0,9.5,card,in-store,C0126
6394,2025-12-12,Friday,P01,Sourdough Loaf,Bread,1,4.5,0,4.5,card,in-store,C0126
6395,2025-12-12,Friday,P08,Chocolate Chip Cookie,Cookie,2,2.0,0,4.0,cash,in-store,
6396,2025-12-13,Saturday,P11,Cupcake (single),Cake,1,3.25,0,3.25,cash,catering,C0014
6397,2025-12-13,Saturday,P15,Scone - Blueberry,Pastry,1,3.0,0,3.0,cash,in-store,C0005
6398,2025-12-13,Saturday,P08,Chocolate Chip Cookie,Cookie,1,2.0,0,2.0,card,in-store,C0109
6398,2025-12-13,Saturday,P05,Pain au Chocolat,Pastry,1,3.5,0,3.5,card,in-store,C0109
6399,2025-12-13,Saturday,P03,Whole Wheat Loaf,Bread,1,4.75,0,4.75,cash,in-store,
6400,2025-12-13,Saturday,P06,Cinnamon Roll,Pastry,1,3.75,0,3.75,cash,in-store,C0004
6401,2025-12-13,Saturday,P03,Whole Wheat Loaf,Bread,2,4.75,0,9.5,card,in-store,C0068
6401,2025-12-13,Saturday,P07,Blueberry Muffin,Pastry,1,2.75,0,2.75,card,in-store,C0068
6402,2025-12-13,Saturday,P06,Cinnamon Roll,Pastry,1,3.75,0,3.75,cash,in-store,C0116
6402,2025-12-13,Saturday,P08,Chocolate Chip Cookie,Cookie,3,2.0,0,6.0,cash,in-store,C0116
6403,2025-12-13,Saturday,P08,Chocolate Chip Cookie,Cookie,3,2.0,0,6.0,upi,in-store,C0015
6403,2025-12-13,Saturday,P06,Cinnamon Roll,Pastry,2,3.75,0,7.5,upi,in-store,C0015
6404,2025-12-13,Saturday,P08,Chocolate Chip Cookie,Cookie,1,2.0,0,2.0,card,in-store,C0053
6404,2025-12-13,Saturday,P12,Bagel - Plain,Bread,1,2.25,0,2.25,card,in-store,C0053
6404,2025-12-13,Saturday,P10,Birthday Cake (whole),Cake,1,32.0,0,32.0,card,in-store,C0053
6406,2025-12-13,Saturday,P05,Pain au Chocolat,Pastry,2,3.5,0,7.0,cash,online,C0023
6407,2025-12-13,Saturday,P02,Baguette,Bread,3,3.25,0,9.75,card,in-store,C0098
6407,2025-12-13,Saturday,P11,Cupcake (single),Cake,1,3.25,0,3.25,card,in-store,C0098
6407,2025-12-13,Saturday,P09,Oatmeal Raisin Cookie,Cookie,1,2.0,0,2.0,card,in-store,C0098
6408,2025-12-13,Saturday,P08,Chocolate Chip Cookie,Cookie,2,2.0,0,4.0,cash,in-store,
6408,2025-12-13,Saturday,P09,Oatmeal Raisin Cookie,Cookie,1,2.0,0,2.0,cash,in-store,
6409,2025-12-13,Saturday,P14,Rye Loaf,Bread,1,4.9,0,4.9,upi,in-store,
6410,2025-12-13,Saturday,P03,Whole Wheat Loaf,Bread,1,4.75,0,4.75,upi,in-store,
6410,2025-12-13,Saturday,P08,Chocolate Chip Cookie,Cookie,1,2.0,0,2.0,upi,in-store,
6411,2025-12-13,Saturday,P12,Bagel - Plain,Bread,1,2.25,0,2.25,card,in-store,C0083
6412,2025-12-13,Saturday,P01,Sourdough Loaf,Bread,2,4.5,0,9.0,upi,online,C0023
6412,2025-12-13,Saturday,P01,Sourdough Loaf,Bread,3,4.5,0,13.5,upi,online,C0023
6413,2025-12-13,Saturday,P05,Pain au Chocolat,Pastry,1,3.5,0,3.5,cash,in-store,
6414,2025-12-13,Saturday,P13,Bagel - Everything,Bread,3,2.5,0,7.5,upi,online,
6414,2025-12-13,Saturday,P08,Chocolate Chip Cookie,Cookie,2,2.0,0,4.0,upi,online,
6415,2025-12-13,Saturday,P03,Whole Wheat Loaf,Bread,1,4.75,0,4.75,cash,in-store,
6415,2025-12-13,Saturday,P14,Rye Loaf,Bread,1,4.9,0,4.9,cash,in-store,
6415,2025-12-13,Saturday,P07,Blueberry Muffin,Pastry,2,2.75,0,5.5,cash,in-store,
6416,2025-12-13,Saturday,P07,Blueberry Muffin,Pastry,1,2.75,0,2.75,upi,online,
6417,2025-12-13,Saturday,P02,Baguette,Bread,1,3.25,0,3.25,upi,in-store,
6418,2025-12-13,Saturday,P02,Baguette,Bread,1,3.25,0,3.25,card,in-store,
6418,2025-12-13,Saturday,P05,Pain au Chocolat,Pastry,1,3.5,0,3.5,card,in-store,
6420,2025-12-13,Saturday,P03,Whole Wheat Loaf,Bread,1,4.75,0,4.75,upi,in-store,C0017
6420,2025-12-13,Saturday,P09,Oatmeal Raisin Cookie,Cookie,3,2.0,0,6.0,upi,in-store,C0017
6420,2025-12-13,Saturday,P07,Blueberry Muffin,Pastry,1,2.75,0,2.75,upi,in-store,C0017
6422,2025-12-14,Sunday,P14,Rye Loaf,Bread,1,4.9,0,4.9,upi,online,C0019
6423,2025-12-14,Sunday,P07,Blueberry Muffin,Pastry,2,2.75,0,5.5,cash,in-store,C0108
6424,2025-12-14,Sunday,P05,Pain au Chocolat,Pastry,1,3.5,0,3.5,upi,in-store,C0049
6425,2025-12-14,Sunday,P06,Cinnamon Roll,Pastry,1,3.75,0,3.75,upi,online,C0089
6426,2025-12-14,Sunday,P06,Cinnamon Roll,Pastry,1,3.75,0,3.75,card,online,
6427,2025-12-14,Sunday,P03,Whole Wheat Loaf,Bread,1,4.75,0,4.75,card,in-store,C0120
6429,2025-12-14,Sunday,P07,Blueberry Muffin,Pastry,1,2.75,0,2.75,card,in-store,C0040
6429,2025-12-14,Sunday,P13,Bagel - Everything,Bread,1,2.5,0,2.5,card,in-store,C0040
6429,2025-12-14,Sunday,P12,Bagel - Plain,Bread,1,2.25,0,2.25,card,in-store,C0040
6429,2025-12-14,Sunday,P03,Whole Wheat Loaf,Bread,1,4.75,0,4.75,card,in-store,C0040
6430,2025-12-14,Sunday,P03,Whole Wheat Loaf,Bread,2,4.75,0,9.5,card,in-store,C0084
6431,2025-12-14,Sunday,P15,Scone - Blueberry,Pastry,1,3.0,0,3.0,upi,in-store,
6431,2025-12-14,Sunday,P12,Bagel - Plain,Bread,1,2.25,0,2.25,upi,in-store,
6432,2025-12-14,Sunday,P05,Pain au Chocolat,Pastry,1,3.5,0,3.5,card,in-store,C0006
6433,2025-12-14,Sunday,P03,Whole Wheat Loaf,Bread,1,4.75,0,4.75,card,in-store,C0117
6434,2025-12-14,Sunday,P05,Pain au Chocolat,Pastry,1,3.5,0,3.5,card,in-store,
6434,2025-12-14,Sunday,P08,Chocolate Chip Cookie,Cookie,1,2.0,0,2.0,card,in-store,
6435,2025-12-14,Sunday,P08,Chocolate Chip Cookie,Cookie,3,2.0,0,6.0,upi,online,C0034
6436,2025-12-15,Monday,P08,Chocolate Chip Cookie,Cookie,1,2.0,0,2.0,card,in-store,C0091
6436,2025-12-15,Monday,P08,Chocolate Chip Cookie,Cookie,1,2.0,0,2.0,card,in-store,C0091
6437,2025-12-15,Monday,P11,Cupcake (single),Cake,1,3.25,0,3.25,upi,in-store,C0046
6438,2025-12-15,Monday,P07,Blueberry Muffin,Pastry,3,2.75,0,8.25,cash,in-store,C0108
6438,2025-12-15,Monday,P01,Sourdough Loaf,Bread,1,4.5,0,4.5,cash,in-store,C0108
6438,2025-12-15,Monday,P07,Blueberry Muffin,Pastry,1,2.75,0,2.75,cash,in-store,C0108
6438,2025-12-15,Monday,P07,Blueberry Muffin,Pastry,1,2.75,0,2.75,cash,in-store,C0108
6439,2025-12-15,Monday,P03,Whole Wheat Loaf,Bread,1,4.75,0,4.75,upi,in-store,C0030
6439,2025-12-15,Monday,P08,Chocolate Chip Cookie,Cookie,1,2.0,0,2.0,upi,in-store,C0030
6439,2025-12-15,Monday,P07,Blueberry Muffin,Pastry,1,2.75,0,2.75,upi,in-store,C0030
6439,2025-12-15,Monday,P07,Blueberry Muffin,Pastry,1,2.75,0,2.75,upi,in-store,C0030
6440,2025-12-15,Monday,P05,Pain au Chocolat,Pastry,3,3.5,0,10.5,upi,online,
6441,2025-12-15,Monday,P08,Chocolate Chip Cookie,Cookie,1,2.0,0,2.0,card,in-store,
6442,2025-12-15,Monday,P05,Pain au Chocolat,Pastry,1,3.5,0,3.5,upi,in-store,C0031
6442,2025-12-15,Monday,P14,Rye Loaf,Bread,2,4.9,0,9.8,upi,in-store,C0031
6443,2025-12-15,Monday,P15,Scone - Blueberry,Pastry,1,3.0,0,3.0,upi,in-store,C0041
6443,2025-12-15,Monday,P02,Baguette,Bread,1,3.25,0,3.25,upi,in-store,C0041
6443,2025-12-15,Monday,P14,Rye Loaf,Bread,2,4.9,0,9.8,upi,in-store,C0041
6444,2025-12-15,Monday,P14,Rye Loaf,Bread,1,4.9,0,4.9,upi,in-store,C0001
6444,2025-12-15,Monday,P07,Blueberry Muffin,Pastry,1,2.75,0,2.75,upi,in-store,C0001
6445,2025-12-15,Monday,P02,Baguette,Bread,1,3.25,0,3.25,card,in-store,
6445,2025-12-15,Monday,P10,Birthday Cake (whole),Cake,1,32.0,0,32.0,card,in-store,
6445,2025-12-15,Monday,P11,Cupcake (single),Cake,1,3.25,0,3.25,card,in-store,
6446,2025-12-15,Monday,P02,Baguette,Bread,3,3.25,0,9.75,upi,in-store,
6447,2025-12-15,Monday,P01,Sourdough Loaf,Bread,2,4.5,0,9.0,upi,online,C0051
6447,2025-12-15,Monday,P02,Baguette,Bread,1,3.25,0,3.25,upi,online,C0051
6447,2025-12-15,Monday,P10,Birthday Cake (whole),Cake,1,32.0,0,32.0,upi,online,C0051
6448,2025-12-15,Monday,P09,Oatmeal Raisin Cookie,Cookie,2,2.0,0,4.0,card,in-store,C0053
6449,2025-12-15,Monday,P15,Scone - Blueberry,Pastry,1,3.0,0,3.0,upi,in-store,
6449,2025-12-15,Monday,P07,Blueberry Muffin,Pastry,1,2.75,0,2.75,upi,in-store,
6449,2025-12-15,Monday,P14,Rye Loaf,Bread,1,4.9,0,4.9,upi,in-store,
6450,2025-12-15,Monday,P12,Bagel - Plain,Bread,3,2.25,0,6.75,card,in-store,
6451,2025-12-15,Monday,P05,Pain au Chocolat,Pastry,1,3.5,0,3.5,card,in-store,C0112
6451,2025-12-15,Monday,P07,Blueberry Muffin,Pastry,3,2.75,0,8.25,card,in-store,C0112
6451,2025-12-15,Monday,P05,Pain au Chocolat,Pastry,1,3.5,0,3.5,card,in-store,C0112
6452,2025-12-15,Monday,P02,Baguette,Bread,3,3.25,0,9.75,card,in-store,
6453,2025-12-15,Monday,P10,Birthday Cake (whole),Cake,1,32.0,0,32.0,card,in-store,
6454,2025-12-15,Monday,P03,Whole Wheat Loaf,Bread,1,4.75,0,4.75,card,in-store,C0075
6454,2025-12-15,Monday,P01,Sourdough Loaf,Bread,1,4.5,0,4.5,card,in-store,C0075
6455,2025-12-15,Monday,P14,Rye Loaf,Bread,1,4.9,0,4.9,upi,in-store,C0102
6456,2025-12-15,Monday,P01,Sourdough Loaf,Bread,2,4.5,0,9.0,card,online,C0099
6456,2025-12-15,Monday,P11,Cupcake (single),Cake,1,3.25,0,3.25,card,online,C0099
6456,2025-12-15,Monday,P02,Baguette,Bread,3,3.25,0,9.75,card,online,C0099
6457,2025-12-15,Monday,P05,Pain au Chocolat,Pastry,2,3.5,0,7.0,cash,in-store,C0044
6457,2025-12-15,Monday,P12,Bagel - Plain,Bread,1,2.25,0,2.25,cash,in-store,C0044
6458,2025-12-15,Monday,P11,Cupcake (single),Cake,1,3.25,0,3.25,card,in-store,
6459,2025-12-15,Monday,P14,Rye Loaf,Bread,1,4.9,0,4.9,upi,in-store,C0050
6460,2025-12-15,Monday,P04,Croissant,Pastry,1,3.0,0,3.0,upi,in-store,
6460,2025-12-15,Monday,P08,Chocolate Chip Cookie,Cookie,1,2.0,0,2.0,upi,in-store,
6460,2025-12-15,Monday,P12,Bagel - Plain,Bread,1,2.25,0,2.25,upi,in-store,
6461,2025-12-15,Monday,P03,Whole Wheat Loaf,Bread,1,4.75,0,4.75,cash,in-store,
6462,2025-12-16,Tuesday,P10,Birthday Cake (whole),Cake,1,32.0,0,32.0,cash,online,
6464,2025-12-16,Tuesday,P07,Blueberry Muffin,Pastry,1,2.75,0,2.75,card,in-store,
6464,2025-12-16,Tuesday,P07,Blueberry Muffin,Pastry,1,2.75,0,2.75,card,in-store,
6465,2025-12-16,Tuesday,P09,Oatmeal Raisin Cookie,Cookie,1,2.0,0,2.0,cash,in-store,C0063
6466,2025-12-16,Tuesday,P07,Blueberry Muffin,Pastry,1,2.75,0,2.75,upi,in-store,
6466,2025-12-16,Tuesday,P07,Blueberry Muffin,Pastry,1,2.75,0,2.75,upi,in-store,
6467,2025-12-16,Tuesday,P04,Croissant,Pastry,1,3.0,0,3.0,upi,in-store,
6467,2025-12-16,Tuesday,P01,Sourdough Loaf,Bread,1,4.5,0,4.5,upi,in-store,
6467,2025-12-16,Tuesday,P02,Baguette,Bread,1,3.25,0,3.25,upi,in-store,
6468,2025-12-16,Tuesday,P07,Blueberry Muffin,Pastry,1,2.75,0,2.75,upi,in-store,
6468,2025-12-16,Tuesday,P01,Sourdough Loaf,Bread,2,4.5,0,9.0,upi,in-store,
6469,2025-12-16,Tuesday,P07,Blueberry Muffin,Pastry,1,2.75,0,2.75,upi,in-store,C0114
6469,2025-12-16,Tuesday,P09,Oatmeal Raisin Cookie,Cookie,1,2.0,0,2.0,upi,in-store,C0114
6470,2025-12-16,Tuesday,P06,Cinnamon Roll,Pastry,1,3.75,0,3.75,cash,in-store,
6470,2025-12-16,Tuesday,P08,Chocolate Chip Cookie,Cookie,1,2.0,0,2.0,cash,in-store,
6470,2025-12-16,Tuesday,P05,Pain au Chocolat,Pastry,3,3.5,0,10.5,cash,in-store,
6471,2025-12-16,Tuesday,P07,Blueberry Muffin,Pastry,3,2.75,0,8.25,cash,online,C0084
6473,2025-12-16,Tuesday,P05,Pain au Chocolat,Pastry,1,3.5,0,3.5,upi,in-store,C0115
6473,2025-12-16,Tuesday,P14,Rye Loaf,Bread,1,4.9,0,4.9,upi,in-store,C0115
6473,2025-12-16,Tuesday,P03,Whole Wheat Loaf,Bread,3,4.75,0,14.25,upi,in-store,C0115
6474,2025-12-16,Tuesday,P04,Croissant,Pastry,3,3.0,0,9.0,cash,in-store,
6476,2025-12-16,Tuesday,P05,Pain au Chocolat,Pastry,1,3.5,0,3.5,card,in-store,C0059
6476,2025-12-16,Tuesday,P05,Pain au Chocolat,Pastry,1,3.5,0,3.5,card,in-store,C0059
6477,2025-12-16,Tuesday,P03,Whole Wheat Loaf,Bread,1,4.75,0,4.75,card,in-store,C0101
6478,2025-12-16,Tuesday,P09,Oatmeal Raisin Cookie,Cookie,1,2.0,0,2.0,upi,online,C0104
6478,2025-12-16,Tuesday,P07,Blueberry Muffin,Pastry,1,2.75,0,2.75,upi,online,C0104
6479,2025-12-16,Tuesday,P08,Chocolate Chip Cookie,Cookie,1,2.0,0,2.0,cash,in-store,C0020
6479,2025-12-16,Tuesday,P15,Scone - Blueberry,Pastry,1,3.0,0,3.0,cash,in-store,C0020
6480,2025-12-16,Tuesday,P08,Chocolate Chip Cookie,Cookie,1,2.0,0,2.0,card,in-store,
6481,2025-12-16,Tuesday,P09,Oatmeal Raisin Cookie,Cookie,2,2.0,0,4.0,card,online,
6481,2025-12-16,Tuesday,P07,Blueberry Muffin,Pastry,1,2.75,0,2.75,card,online,
6482,2025-12-16,Tuesday,P09,Oatmeal Raisin Cookie,Cookie,1,2.0,0,2.0,card,in-store,
6483,2025-12-16,Tuesday,P07,Blueberry Muffin,Pastry,1,2.75,0,2.75,upi,online,
6485,2025-12-16,Tuesday,P07,Blueberry Muffin,Pastry,1,2.75,0,2.75,cash,in-store,C0038
6485,2025-12-16,Tuesday,P08,Chocolate Chip Cookie,Cookie,1,2.0,0,2.0,cash,in-store,C0038
6486,2025-12-16,Tuesday,P03,Whole Wheat Loaf,Bread,1,4.75,0,4.75,cash,in-store,
6487,2025-12-16,Tuesday,P08,Chocolate Chip Cookie,Cookie,3,2.0,0,6.0,upi,in-store,C0075
6488,2025-12-17,Wednesday,P10,Birthday Cake (whole),Cake,1,32.0,0,32.0,upi,online,C0024
6488,2025-12-17,Wednesday,P09,Oatmeal Raisin Cookie,Cookie,1,2.0,0,2.0,upi,online,C0024
6489,2025-12-17,Wednesday,P14,Rye Loaf,Bread,1,4.9,0,4.9,cash,in-store,C0061
6489,2025-12-17,Wednesday,P10,Birthday Cake (whole),Cake,1,32.0,0,32.0,cash,in-store,C0061
6489,2025-12-17,Wednesday,P05,Pain au Chocolat,Pastry,1,3.5,0,3.5,cash,in-store,C0061
6490,2025-12-17,Wednesday,P08,Chocolate Chip Cookie,Cookie,1,2.0,0,2.0,card,in-store,C0036
6491,2025-12-17,Wednesday,P14,Rye Loaf,Bread,1,4.9,0,4.9,card,online,C0083
6491,2025-12-17,Wednesday,P03,Whole Wheat Loaf,Bread,3,4.75,0,14.25,card,online,C0083
6492,2025-12-17,Wednesday,P05,Pain au Chocolat,Pastry,2,3.5,0,7.0,upi,in-store,
6493,2025-12-17,Wednesday,P10,Birthday Cake (whole),Cake,1,32.0,0,32.0,upi,in-store,
6495,2025-12-17,Wednesday,P11,Cupcake (single),Cake,1,3.25,0,3.25,upi,in-store,C0033
6495,2025-12-17,Wednesday,P05,Pain au Chocolat,Pastry,1,3.5,0,3.5,upi,in-store,C0033
6496,2025-12-17,Wednesday,P02,Baguette,Bread,1,3.25,0,3.25,upi,in-store,
6497,2025-12-17,Wednesday,P07,Blueberry Muffin,Pastry,1,2.75,0,2.75,cash,in-store,
6499,2025-12-17,Wednesday,P08,Chocolate Chip Cookie,Cookie,1,2.0,0,2.0,cash,in-store,C0080
6499,2025-12-17,Wednesday,P14,Rye Loaf,Bread,1,4.9,0,4.9,cash,in-store,C0080
6499,2025-12-17,Wednesday,P15,Scone - Blueberry,Pastry,1,3.0,0,3.0,cash,in-store,C0080
6500,2025-12-17,Wednesday,P05,Pain au Chocolat,Pastry,1,3.5,0,3.5,card,in-store,
6501,2025-12-17,Wednesday,P12,Bagel - Plain,Bread,2,2.25,0,4.5,card,in-store,
6501,2025-12-17,Wednesday,P03,Whole Wheat Loaf,Bread,1,4.75,0,4.75,card,in-store,
6501,2025-12-17,Wednesday,P02,Baguette,Bread,3,3.25,0,9.75,card,in-store,
6503,2025-12-17,Wednesday,P03,Whole Wheat Loaf,Bread,1,4.75,0,4.75,card,in-store,
6504,2025-12-17,Wednesday,P04,Croissant,Pastry,1,3.0,0,3.0,upi,online,C0003
6504,2025-12-17,Wednesday,P15,Scone - Blueberry,Pastry,1,3.0,0,3.0,upi,online,C0003
6505,2025-12-17,Wednesday,P02,Baguette,Bread,1,3.25,0,3.25,upi,in-store,C0016
6506,2025-12-17,Wednesday,P09,Oatmeal Raisin Cookie,Cookie,1,2.0,0,2.0,card,in-store,C0023
6507,2025-12-17,Wednesday,P08,Chocolate Chip Cookie,Cookie,1,2.0,0,2.0,card,in-store,C0090
6508,2025-12-17,Wednesday,P02,Baguette,Bread,1,3.25,0,3.25,upi,in-store,
6509,2025-12-17,Wednesday,P12,Bagel - Plain,Bread,2,2.25,0,4.5,card,in-store,C0021
6509,2025-12-17,Wednesday,P14,Rye Loaf,Bread,1,4.9,0,4.9,card,in-store,C0021
6510,2025-12-17,Wednesday,P04,Croissant,Pastry,1,3.0,0,3.0,card,in-store,C0101
6511,2025-12-17,Wednesday,P07,Blueberry Muffin,Pastry,1,2.75,0,2.75,upi,in-store,
6512,2025-12-18,Thursday,P06,Cinnamon Roll,Pastry,1,3.75,0,3.75,cash,in-store,C0068
6512,2025-12-18,Thursday,P11,Cupcake (single),Cake,1,3.25,0,3.25,cash,in-store,C0068
6512,2025-12-18,Thursday,P13,Bagel - Everything,Bread,3,2.5,0,7.5,cash,in-store,C0068
6513,2025-12-18,Thursday,P14,Rye Loaf,Bread,1,4.9,0,4.9,card,in-store,C0054
6513,2025-12-18,Thursday,P08,Chocolate Chip Cookie,Cookie,1,2.0,0,2.0,card,in-store,C0054
6514,2025-12-18,Thursday,P05,Pain au Chocolat,Pastry,1,3.5,0,3.5,upi,in-store,
6515,2025-12-18,Thursday,P05,Pain au Chocolat,Pastry,1,3.5,0,3.5,upi,in-store,C0025
6516,2025-12-18,Thursday,P09,Oatmeal Raisin Cookie,Cookie,1,2.0,0,2.0,upi,in-store,
6517,2025-12-18,Thursday,P06,Cinnamon Roll,Pastry,1,3.75,0,3.75,card,in-store,
6519,2025-12-18,Thursday,P14,Rye Loaf,Bread,1,4.9,0,4.9,upi,online,C0012
6519,2025-12-18,Thursday,P05,Pain au Chocolat,Pastry,1,3.5,0,3.5,upi,online,C0012
6519,2025-12-18,Thursday,P06,Cinnamon Roll,Pastry,1,3.75,0,3.75,upi,online,C0012
6520,2025-12-18,Thursday,P08,Chocolate Chip Cookie,Cookie,2,2.0,0,4.0,upi,in-store,C0084
6520,2025-12-18,Thursday,P10,Birthday Cake (whole),Cake,1,32.0,0,32.0,upi,in-store,C0084
6520,2025-12-18,Thursday,P06,Cinnamon Roll,Pastry,1,3.75,0,3.75,upi,in-store,C0084
6521,2025-12-18,Thursday,P15,Scone - Blueberry,Pastry,1,3.0,0,3.0,upi,in-store,C0046
6521,2025-12-18,Thursday,P14,Rye Loaf,Bread,1,4.9,0,4.9,upi,in-store,C0046
6521,2025-12-18,Thursday,P05,Pain au Chocolat,Pastry,1,3.5,0,3.5,upi,in-store,C0046
6522,2025-12-18,Thursday,P03,Whole Wheat Loaf,Bread,1,4.75,0,4.75,upi,in-store,C0080
6522,2025-12-18,Thursday,P10,Birthday Cake (whole),Cake,1,32.0,0,32.0,upi,in-store,C0080
6523,2025-12-18,Thursday,P10,Birthday Cake (whole),Cake,1,32.0,0,32.0,upi,in-store,C0100
6523,2025-12-18,Thursday,P09,Oatmeal Raisin Cookie,Cookie,2,2.0,0,4.0,upi,in-store,C0100
6523,2025-12-18,Thursday,P01,Sourdough Loaf,Bread,3,4.5,0,13.5,upi,in-store,C0100
6524,2025-12-18,Thursday,P07,Blueberry Muffin,Pastry,1,2.75,0,2.75,card,in-store,C0032
6524,2025-12-18,Thursday,P14,Rye Loaf,Bread,3,4.9,0,14.7,card,in-store,C0032
6525,2025-12-18,Thursday,P12,Bagel - Plain,Bread,1,2.25,0,2.25,upi,online,C0099
6525,2025-12-18,Thursday,P13,Bagel - Everything,Bread,1,2.5,0,2.5,upi,online,C0099
6525,2025-12-18,Thursday,P07,Blueberry Muffin,Pastry,1,2.75,0,2.75,upi,online,C0099
6526,2025-12-18,Thursday,P11,Cupcake (single),Cake,1,3.25,0,3.25,card,in-store,
6527,2025-12-18,Thursday,P14,Rye Loaf,Bread,3,4.9,0,14.7,cash,in-store,C0109
6527,2025-12-18,Thursday,P03,Whole Wheat Loaf,Bread,3,4.75,0,14.25,cash,in-store,C0109
6529,2025-12-18,Thursday,P08,Chocolate Chip Cookie,Cookie,1,2.0,0,2.0,card,in-store,
6529,2025-12-18,Thursday,P02,Baguette,Bread,1,3.25,0,3.25,card,in-store,
6529,2025-12-18,Thursday,P08,Chocolate Chip Cookie,Cookie,3,2.0,0,6.0,card,in-store,
6531,2025-12-18,Thursday,P10,Birthday Cake (whole),Cake,1,32.0,0,32.0,upi,in-store,
6532,2025-12-18,Thursday,P04,Croissant,Pastry,1,3.0,0,3.0,upi,in-store,
6532,2025-12-18,Thursday,P01,Sourdough Loaf,Bread,1,4.5,0,4.5,upi,in-store,
6533,2025-12-18,Thursday,P05,Pain au Chocolat,Pastry,1,3.5,0,3.5,cash,in-store,C0107
6534,2025-12-18,Thursday,P04,Croissant,Pastry,1,3.0,0,3.0,upi,online,
6535,2025-12-18,Thursday,P14,Rye Loaf,Bread,3,4.9,0,14.7,cash,online,C0031
6535,2025-12-18,Thursday,P13,Bagel - Everything,Bread,2,2.5,0,5.0,cash,online,C0031
6536,2025-12-18,Thursday,P04,Croissant,Pastry,3,3.0,0,9.0,cash,in-store,
6538,2025-12-18,Thursday,P08,Chocolate Chip Cookie,Cookie,1,2.0,0,2.0,upi,in-store,
6539,2025-12-18,Thursday,P07,Blueberry Muffin,Pastry,3,2.75,0,8.25,card,online,C0110
6539,2025-12-18,Thursday,P03,Whole Wheat Loaf,Bread,1,4.75,0,4.75,card,online,C0110
6539,2025-12-18,Thursday,P11,Cupcake (single),Cake,1,3.25,0,3.25,card,online,C0110
6540,2025-12-18,Thursday,P01,Sourdough Loaf,Bread,2,4.5,0,9.0,upi,in-store,C0094
6541,2025-12-18,Thursday,P09,Oatmeal Raisin Cookie,Cookie,3,2.0,0,6.0,upi,in-store,
6541,2025-12-18,Thursday,P03,Whole Wheat Loaf,Bread,1,4.75,0,4.75,upi,in-store,
6541,2025-12-18,Thursday,P07,Blueberry Muffin,Pastry,1,2.75,0,2.75,upi,in-store,
6542,2025-12-19,Friday,P09,Oatmeal Raisin Cookie,Cookie,1,2.0,0,2.0,cash,in-store,
6542,2025-12-19,Friday,P02,Baguette,Bread,1,3.25,0,3.25,cash,in-store,
6542,2025-12-19,Friday,P13,Bagel - Everything,Bread,1,2.5,0,2.5,cash,in-store,
6542,2025-12-19,Friday,P15,Scone - Blueberry,Pastry,1,3.0,0,3.0,cash,in-store,
6543,2025-12-19,Friday,P06,Cinnamon Roll,Pastry,2,3.75,0,7.5,upi,in-store,
6544,2025-12-19,Friday,P07,Blueberry Muffin,Pastry,3,2.75,0,8.25,upi,online,
6545,2025-12-19,Friday,P11,Cupcake (single),Cake,1,3.25,0,3.25,cash,online,C0022
6546,2025-12-19,Friday,P11,Cupcake (single),Cake,1,3.25,0,3.25,card,catering,C0107
6546,2025-12-19,Friday,P09,Oatmeal Raisin Cookie,Cookie,1,2.0,0,2.0,card,catering,C0107
6547,2025-12-19,Friday,P07,Blueberry Muffin,Pastry,1,2.75,0,2.75,upi,in-store,
6548,2025-12-19,Friday,P08,Chocolate Chip Cookie,Cookie,3,2.0,0,6.0,cash,in-store,C0052
6548,2025-12-19,Friday,P01,Sourdough Loaf,Bread,1,4.5,0,4.5,cash,in-store,C0052
6548,2025-12-19,Friday,P09,Oatmeal Raisin Cookie,Cookie,2,2.0,0,4.0,cash,in-store,C0052
6550,2025-12-19,Friday,P04,Croissant,Pastry,1,3.0,0,3.0,cash,in-store,
6550,2025-12-19,Friday,P04,Croissant,Pastry,1,3.0,0,3.0,cash,in-store,
6551,2025-12-19,Friday,P06,Cinnamon Roll,Pastry,1,3.75,0,3.75,upi,in-store,C0033
6552,2025-12-19,Friday,P15,Scone - Blueberry,Pastry,2,3.0,0,6.0,card,in-store,
6552,2025-12-19,Friday,P09,Oatmeal Raisin Cookie,Cookie,3,2.0,0,6.0,card,in-store,
6553,2025-12-19,Friday,P12,Bagel - Plain,Bread,1,2.25,0,2.25,upi,in-store,
6553,2025-12-19,Friday,P06,Cinnamon Roll,Pastry,2,3.75,0,7.5,upi,in-store,
6553,2025-12-19,Friday,P04,Croissant,Pastry,1,3.0,0,3.0,upi,in-store,
6553,2025-12-19,Friday,P03,Whole Wheat Loaf,Bread,3,4.75,0,14.25,upi,in-store,
6554,2025-12-19,Friday,P14,Rye Loaf,Bread,1,4.9,0,4.9,card,in-store,C0072
6555,2025-12-19,Friday,P09,Oatmeal Raisin Cookie,Cookie,1,2.0,0,2.0,card,in-store,C0092
6556,2025-12-19,Friday,P13,Bagel - Everything,Bread,2,2.5,0,5.0,cash,in-store,
6557,2025-12-19,Friday,P07,Blueberry Muffin,Pastry,1,2.75,0,2.75,upi,in-store,C0048
6557,2025-12-19,Friday,P02,Baguette,Bread,1,3.25,0,3.25,upi,in-store,C0048
6558,2025-12-19,Friday,P09,Oatmeal Raisin Cookie,Cookie,1,2.0,0,2.0,upi,in-store,C0050
6558,2025-12-19,Friday,P08,Chocolate Chip Cookie,Cookie,1,2.0,0,2.0,upi,in-store,C0050
6558,2025-12-19,Friday,P08,Chocolate Chip Cookie,Cookie,3,2.0,0,6.0,upi,in-store,C0050
6558,2025-12-19,Friday,P15,Scone - Blueberry,Pastry,3,3.0,0,9.0,upi,in-store,C0050
6559,2025-12-19,Friday,P07,Blueberry Muffin,Pastry,1,2.75,0,2.75,cash,online,
6560,2025-12-19,Friday,P12,Bagel - Plain,Bread,3,2.25,0,6.75,upi,online,C0013
6560,2025-12-19,Friday,P03,Whole Wheat Loaf,Bread,3,4.75,0,14.25,upi,online,C0013
6561,2025-12-19,Friday,P09,Oatmeal Raisin Cookie,Cookie,1,2.0,0,2.0,card,in-store,C0026
6562,2025-12-19,Friday,P14,Rye Loaf,Bread,1,4.9,0,4.9,upi,in-store,
6563,2025-12-19,Friday,P03,Whole Wheat Loaf,Bread,1,4.75,0,4.75,upi,in-store,
6563,2025-12-19,Friday,P07,Blueberry Muffin,Pastry,1,2.75,0,2.75,upi,in-store,
6564,2025-12-19,Friday,P03,Whole Wheat Loaf,Bread,2,4.75,0,9.5,cash,in-store,
6564,2025-12-19,Friday,P01,Sourdough Loaf,Bread,3,4.5,0,13.5,cash,in-store,
6565,2025-12-19,Friday,P10,Birthday Cake (whole),Cake,1,32.0,0,32.0,card,online,
6566,2025-12-19,Friday,P15,Scone - Blueberry,Pastry,1,3.0,0,3.0,cash,in-store,
6567,2025-12-19,Friday,P07,Blueberry Muffin,Pastry,1,2.75,0,2.75,card,in-store,
6567,2025-12-19,Friday,P13,Bagel - Everything,Bread,1,2.5,0,2.5,card,in-store,
6567,2025-12-19,Friday,P15,Scone - Blueberry,Pastry,1,3.0,0,3.0,card,in-store,
6567,2025-12-19,Friday,P10,Birthday Cake (whole),Cake,1,32.0,0,32.0,card,in-store,
6568,2025-12-19,Friday,P10,Birthday Cake (whole),Cake,1,32.0,0,32.0,card,in-store,C0050
6569,2025-12-19,Friday,P03,Whole Wheat Loaf,Bread,1,4.75,0,4.75,upi,in-store,C0031
6569,2025-12-19,Friday,P14,Rye Loaf,Bread,1,4.9,0,4.9,upi,in-store,C0031
6570,2025-12-19,Friday,P11,Cupcake (single),Cake,1,3.25,0,3.25,card,in-store,C0089
6571,2025-12-19,Friday,P02,Baguette,Bread,1,3.25,0,3.25,cash,in-store,C0071
6571,2025-12-19,Friday,P10,Birthday Cake (whole),Cake,1,32.0,0,32.0,cash,in-store,C0071
6572,2025-12-19,Friday,P15,Scone - Blueberry,Pastry,1,3.0,0,3.0,upi,online,C0077
6572,2025-12-19,Friday,P14,Rye Loaf,Bread,1,4.9,0,4.9,upi,online,C0077
6572,2025-12-19,Friday,P07,Blueberry Muffin,Pastry,1,2.75,0,2.75,upi,online,C0077
6572,2025-12-19,Friday,P02,Baguette,Bread,1,3.25,0,3.25,upi,online,C0077
6574,2025-12-20,Saturday,P06,Cinnamon Roll,Pastry,3,3.75,10,10.12,cash,online,C0006
6574,2025-12-20,Saturday,P01,Sourdough Loaf,Bread,1,4.5,10,4.05,cash,online,C0006
6574,2025-12-20,Saturday,P05,Pain au Chocolat,Pastry,2,3.5,10,6.3,cash,online,C0006
6575,2025-12-20,Saturday,P09,Oatmeal Raisin Cookie,Cookie,2,2.0,10,3.6,upi,in-store,C0001
6575,2025-12-20,Saturday,P04,Croissant,Pastry,1,3.0,10,2.7,upi,in-store,C0001
6576,2025-12-20,Saturday,P13,Bagel - Everything,Bread,1,2.5,10,2.25,upi,in-store,
6577,2025-12-20,Saturday,P09,Oatmeal Raisin Cookie,Cookie,3,2.0,10,5.4,upi,in-store,C0068
6578,2025-12-20,Saturday,P01,Sourdough Loaf,Bread,1,4.5,10,4.05,upi,online,C0021
6578,2025-12-20,Saturday,P01,Sourdough Loaf,Bread,1,4.5,10,4.05,upi,online,C0021
6579,2025-12-20,Saturday,P07,Blueberry Muffin,Pastry,1,2.75,10,2.48,card,in-store,C0100
6579,2025-12-20,Saturday,P05,Pain au Chocolat,Pastry,1,3.5,10,3.15,card,in-store,C0100
6579,2025-12-20,Saturday,P04,Croissant,Pastry,1,3.0,10,2.7,card,in-store,C0100
6580,2025-12-20,Saturday,P02,Baguette,Bread,3,3.25,10,8.78,upi,in-store,C0115
6580,2025-12-20,Saturday,P05,Pain au Chocolat,Pastry,1,3.5,10,3.15,upi,in-store,C0115
6581,2025-12-20,Saturday,P03,Whole Wheat Loaf,Bread,2,4.75,10,8.55,cash,in-store,C0039
6582,2025-12-20,Saturday,P07,Blueberry Muffin,Pastry,2,2.75,10,4.95,card,online,C0057
6582,2025-12-20,Saturday,P12,Bagel - Plain,Bread,1,2.25,10,2.02,card,online,C0057
6583,2025-12-20,Saturday,P10,Birthday Cake (whole),Cake,1,32.0,10,28.8,card,in-store,C0049
6583,2025-12-20,Saturday,P14,Rye Loaf,Bread,1,4.9,10,4.41,card,in-store,C0049
6584,2025-12-20,Saturday,P07,Blueberry Muffin,Pastry,1,2.75,10,2.48,card,online,C0058
6585,2025-12-20,Saturday,P07,Blueberry Muffin,Pastry,1,2.75,10,2.48,card,in-store,
6585,2025-12-20,Saturday,P06,Cinnamon Roll,Pastry,1,3.75,10,3.38,card,in-store,
6587,2025-12-20,Saturday,P08,Chocolate Chip Cookie,Cookie,1,2.0,10,1.8,upi,online,
6588,2025-12-20,Saturday,P13,Bagel - Everything,Bread,1,2.5,10,2.25,upi,online,C0093
6588,2025-12-20,Saturday,P08,Chocolate Chip Cookie,Cookie,2,2.0,10,3.6,upi,online,C0093
6589,2025-12-20,Saturday,P07,Blueberry Muffin,Pastry,3,2.75,10,7.42,upi,in-store,
6591,2025-12-20,Saturday,P08,Chocolate Chip Cookie,Cookie,1,2.0,10,1.8,upi,in-store,C0073
6591,2025-12-20,Saturday,P02,Baguette,Bread,1,3.25,10,2.93,upi,in-store,C0073
6591,2025-12-20,Saturday,P02,Baguette,Bread,1,3.25,10,2.93,upi,in-store,C0073
6593,2025-12-20,Saturday,P14,Rye Loaf,Bread,1,4.9,10,4.41,card,in-store,
6593,2025-12-20,Saturday,P14,Rye Loaf,Bread,1,4.9,10,4.41,card,in-store,
6594,2025-12-20,Saturday,P09,Oatmeal Raisin Cookie,Cookie,1,2.0,10,1.8,card,in-store,
6595,2025-12-20,Saturday,P05,Pain au Chocolat,Pastry,2,3.5,10,6.3,card,in-store,C0014
6596,2025-12-20,Saturday,P07,Blueberry Muffin,Pastry,1,2.75,10,2.48,card,in-store,C0039
6596,2025-12-20,Saturday,P05,Pain au Chocolat,Pastry,1,3.5,10,3.15,card,in-store,C0039
6596,2025-12-20,Saturday,P02,Baguette,Bread,1,3.25,10,2.93,card,in-store,C0039
6598,2025-12-20,Saturday,P14,Rye Loaf,Bread,2,4.9,10,8.82,cash,in-store,
6598,2025-12-20,Saturday,P13,Bagel - Everything,Bread,1,2.5,10,2.25,cash,in-store,
6599,2025-12-20,Saturday,P05,Pain au Chocolat,Pastry,1,3.5,10,3.15,upi,in-store,
6600,2025-12-20,Saturday,P15,Scone - Blueberry,Pastry,1,3.0,10,2.7,upi,in-store,
6601,2025-12-20,Saturday,P02,Baguette,Bread,1,3.25,10,2.93,upi,in-store,
6601,2025-12-20,Saturday,P09,Oatmeal Raisin Cookie,Cookie,1,2.0,10,1.8,upi,in-store,
6601,2025-12-20,Saturday,P14,Rye Loaf,Bread,1,4.9,10,4.41,upi,in-store,
6602,2025-12-20,Saturday,P09,Oatmeal Raisin Cookie,Cookie,1,2.0,10,1.8,card,in-store,C0006
6602,2025-12-20,Saturday,P10,Birthday Cake (whole),Cake,1,32.0,10,28.8,card,in-store,C0006
6603,2025-12-20,Saturday,P05,Pain au Chocolat,Pastry,1,3.5,10,3.15,card,online,C0100
6604,2025-12-20,Saturday,P14,Rye Loaf,Bread,2,4.9,10,8.82,cash,in-store,C0122
6605,2025-12-20,Saturday,P03,Whole Wheat Loaf,Bread,1,4.75,10,4.28,card,online,
6606,2025-12-20,Saturday,P02,Baguette,Bread,2,3.25,10,5.85,cash,in-store,C0013
6607,2025-12-20,Saturday,P04,Croissant,Pastry,2,3.0,10,5.4,cash,catering,C0124
6608,2025-12-20,Saturday,P07,Blueberry Muffin,Pastry,3,2.75,10,7.42,cash,in-store,
6608,2025-12-20,Saturday,P08,Chocolate Chip Cookie,Cookie,1,2.0,10,1.8,cash,in-store,
6609,2025-12-20,Saturday,P08,Chocolate Chip Cookie,Cookie,1,2.0,10,1.8,cash,in-store,C0122
6610,2025-12-20,Saturday,P12,Bagel - Plain,Bread,1,2.25,10,2.02,upi,in-store,
6611,2025-12-20,Saturday,P07,Blueberry Muffin,Pastry,1,2.75,10,2.48,upi,online,C0018
6611,2025-12-20,Saturday,P13,Bagel - Everything,Bread,3,2.5,10,6.75,upi,online,C0018
6612,2025-12-20,Saturday,P08,Chocolate Chip Cookie,Cookie,1,2.0,10,1.8,upi,in-store,C0070
6612,2025-12-20,Saturday,P14,Rye Loaf,Bread,1,4.9,10,4.41,upi,in-store,C0070
6612,2025-12-20,Saturday,P15,Scone - Blueberry,Pastry,1,3.0,10,2.7,upi,in-store,C0070
6612,2025-12-20,Saturday,P11,Cupcake (single),Cake,1,3.25,10,2.93,upi,in-store,C0070
6613,2025-12-20,Saturday,P05,Pain au Chocolat,Pastry,1,3.5,10,3.15,cash,in-store,C0004
6614,2025-12-20,Saturday,P10,Birthday Cake (whole),Cake,1,32.0,10,28.8,card,in-store,C0063
6614,2025-12-20,Saturday,P01,Sourdough Loaf,Bread,2,4.5,10,8.1,card,in-store,C0063
6615,2025-12-20,Saturday,P07,Blueberry Muffin,Pastry,1,2.75,10,2.48,cash,in-store,
6616,2025-12-20,Saturday,P12,Bagel - Plain,Bread,1,2.25,10,2.02,cash,in-store,C0072
6617,2025-12-20,Saturday,P07,Blueberry Muffin,Pastry,2,2.75,10,4.95,upi,in-store,
6617,2025-12-20,Saturday,P07,Blueberry Muffin,Pastry,1,2.75,10,2.48,upi,in-store,
6617,2025-12-20,Saturday,P03,Whole Wheat Loaf,Bread,1,4.75,10,4.28,upi,in-store,
6618,2025-12-20,Saturday,P14,Rye Loaf,Bread,1,4.9,10,4.41,cash,in-store,
6618,2025-12-20,Saturday,P11,Cupcake (single),Cake,1,3.25,10,2.93,cash,in-store,
6619,2025-12-20,Saturday,P15,Scone - Blueberry,Pastry,1,3.0,10,2.7,card,online,C0002
6620,2025-12-20,Saturday,P07,Blueberry Muffin,Pastry,1,2.75,10,2.48,upi,in-store,C0082
6620,2025-12-20,Saturday,P04,Croissant,Pastry,1,3.0,10,2.7,upi,in-store,C0082
6621,2025-12-20,Saturday,P01,Sourdough Loaf,Bread,1,4.5,10,4.05,card,in-store,C0098
6622,2025-12-20,Saturday,P15,Scone - Blueberry,Pastry,1,3.0,10,2.7,cash,in-store,C0026
6622,2025-12-20,Saturday,P13,Bagel - Everything,Bread,1,2.5,10,2.25,cash,in-store,C0026
6623,2025-12-20,Saturday,P04,Croissant,Pastry,3,3.0,10,8.1,card,in-store,C0117
6623,2025-12-20,Saturday,P15,Scone - Blueberry,Pastry,1,3.0,10,2.7,card,in-store,C0117
6623,2025-12-20,Saturday,P04,Croissant,Pastry,1,3.0,10,2.7,card,in-store,C0117
6623,2025-12-20,Saturday,P01,Sourdough Loaf,Bread,1,4.5,10,4.05,card,in-store,C0117
6624,2025-12-20,Saturday,P08,Chocolate Chip Cookie,Cookie,1,2.0,10,1.8,cash,in-store,C0096
6624,2025-12-20,Saturday,P12,Bagel - Plain,Bread,2,2.25,10,4.05,cash,in-store,C0096
6624,2025-12-20,Saturday,P11,Cupcake (single),Cake,1,3.25,10,2.93,cash,in-store,C0096
6624,2025-12-20,Saturday,P02,Baguette,Bread,1,3.25,10,2.93,cash,in-store,C0096
6625,2025-12-21,Sunday,P06,Cinnamon Roll,Pastry,1,3.75,10,3.38,cash,in-store,C0118
6625,2025-12-21,Sunday,P10,Birthday Cake (whole),Cake,1,32.0,10,28.8,cash,in-store,C0118
6626,2025-12-21,Sunday,P01,Sourdough Loaf,Bread,1,4.5,10,4.05,cash,in-store,
6626,2025-12-21,Sunday,P08,Chocolate Chip Cookie,Cookie,1,2.0,10,1.8,cash,in-store,
6627,2025-12-21,Sunday,P05,Pain au Chocolat,Pastry,1,3.5,10,3.15,cash,in-store,C0127
6627,2025-12-21,Sunday,P05,Pain au Chocolat,Pastry,1,3.5,10,3.15,cash,in-store,C0127
6628,2025-12-21,Sunday,P14,Rye Loaf,Bread,3,4.9,10,13.23,card,in-store,
6628,2025-12-21,Sunday,P11,Cupcake (single),Cake,1,3.25,10,2.93,card,in-store,
6628,2025-12-21,Sunday,P12,Bagel - Plain,Bread,1,2.25,10,2.02,card,in-store,
6630,2025-12-21,Sunday,P07,Blueberry Muffin,Pastry,1,2.75,10,2.48,card,online,C0049
6631,2025-12-21,Sunday,P08,Chocolate Chip Cookie,Cookie,1,2.0,10,1.8,card,online,C0109
6632,2025-12-21,Sunday,P11,Cupcake (single),Cake,1,3.25,10,2.93,upi,online,C0125
6633,2025-12-21,Sunday,P06,Cinnamon Roll,Pastry,1,3.75,10,3.38,upi,in-store,C0059
6634,2025-12-21,Sunday,P03,Whole Wheat Loaf,Bread,1,4.75,10,4.28,cash,in-store,C0093
6634,2025-12-21,Sunday,P08,Chocolate Chip Cookie,Cookie,3,2.0,10,5.4,cash,in-store,C0093
6634,2025-12-21,Sunday,P07,Blueberry Muffin,Pastry,2,2.75,10,4.95,cash,in-store,C0093
6635,2025-12-21,Sunday,P14,Rye Loaf,Bread,1,4.9,10,4.41,card,in-store,C0043
6635,2025-12-21,Sunday,P12,Bagel - Plain,Bread,2,2.25,10,4.05,card,in-store,C0043
6636,2025-12-21,Sunday,P15,Scone - Blueberry,Pastry,2,3.0,10,5.4,card,in-store,C0032
6637,2025-12-21,Sunday,P05,Pain au Chocolat,Pastry,3,3.5,10,9.45,card,catering,C0076
6638,2025-12-21,Sunday,P07,Blueberry Muffin,Pastry,1,2.75,10,2.48,upi,in-store,
6638,2025-12-21,Sunday,P15,Scone - Blueberry,Pastry,2,3.0,10,5.4,upi,in-store,
6639,2025-12-21,Sunday,P07,Blueberry Muffin,Pastry,1,2.75,10,2.48,upi,in-store,C0029
6639,2025-12-21,Sunday,P13,Bagel - Everything,Bread,1,2.5,10,2.25,upi,in-store,C0029
6639,2025-12-21,Sunday,P07,Blueberry Muffin,Pastry,3,2.75,10,7.42,upi,in-store,C0029
6639,2025-12-21,Sunday,P01,Sourdough Loaf,Bread,1,4.5,10,4.05,upi,in-store,C0029
6640,2025-12-21,Sunday,P05,Pain au Chocolat,Pastry,1,3.5,10,3.15,cash,in-store,C0074
6640,2025-12-21,Sunday,P08,Chocolate Chip Cookie,Cookie,1,2.0,10,1.8,cash,in-store,C0074
6640,2025-12-21,Sunday,P07,Blueberry Muffin,Pastry,1,2.75,10,2.48,cash,in-store,C0074
6641,2025-12-21,Sunday,P07,Blueberry Muffin,Pastry,1,2.75,10,2.48,cash,catering,C0062
6641,2025-12-21,Sunday,P14,Rye Loaf,Bread,1,4.9,10,4.41,cash,catering,C0062
6642,2025-12-21,Sunday,P07,Blueberry Muffin,Pastry,1,2.75,10,2.48,upi,in-store,C0009
6643,2025-12-21,Sunday,P14,Rye Loaf,Bread,3,4.9,10,13.23,cash,online,
6644,2025-12-21,Sunday,P12,Bagel - Plain,Bread,1,2.25,10,2.02,upi,online,
6644,2025-12-21,Sunday,P03,Whole Wheat Loaf,Bread,1,4.75,10,4.28,upi,online,
6645,2025-12-21,Sunday,P02,Baguette,Bread,1,3.25,10,2.93,card,online,
6646,2025-12-21,Sunday,P01,Sourdough Loaf,Bread,3,4.5,10,12.15,upi,online,
6647,2025-12-21,Sunday,P04,Croissant,Pastry,1,3.0,10,2.7,card,online,C0019
6647,2025-12-21,Sunday,P09,Oatmeal Raisin Cookie,Cookie,2,2.0,10,3.6,card,online,C0019
6648,2025-12-21,Sunday,P04,Croissant,Pastry,1,3.0,10,2.7,upi,in-store,C0077
6649,2025-12-21,Sunday,P09,Oatmeal Raisin Cookie,Cookie,1,2.0,10,1.8,upi,in-store,
6650,2025-12-21,Sunday,P06,Cinnamon Roll,Pastry,1,3.75,10,3.38,upi,in-store,
6650,2025-12-21,Sunday,P10,Birthday Cake (whole),Cake,1,32.0,10,28.8,upi,in-store,
6651,2025-12-21,Sunday,P11,Cupcake (single),Cake,1,3.25,10,2.93,card,in-store,C0019
6651,2025-12-21,Sunday,P11,Cupcake (single),Cake,1,3.25,10,2.93,card,in-store,C0019
6652,2025-12-21,Sunday,P14,Rye Loaf,Bread,1,4.9,10,4.41,upi,in-store,C0059
6653,2025-12-21,Sunday,P02,Baguette,Bread,2,3.25,10,5.85,card,in-store,
6653,2025-12-21,Sunday,P14,Rye Loaf,Bread,1,4.9,10,4.41,card,in-store,
6653,2025-12-21,Sunday,P14,Rye Loaf,Bread,1,4.9,10,4.41,card,in-store,
6654,2025-12-21,Sunday,P07,Blueberry Muffin,Pastry,1,2.75,10,2.48,card,online,C0047
6655,2025-12-21,Sunday,P12,Bagel - Plain,Bread,3,2.25,10,6.08,upi,in-store,
6657,2025-12-21,Sunday,P05,Pain au Chocolat,Pastry,1,3.5,10,3.15,card,in-store,
6658,2025-12-21,Sunday,P02,Baguette,Bread,2,3.25,10,5.85,cash,in-store,C0042
6658,2025-12-21,Sunday,P04,Croissant,Pastry,1,3.0,10,2.7,cash,in-store,C0042
6659,2025-12-21,Sunday,P04,Croissant,Pastry,1,3.0,10,2.7,card,in-store,C0080
6660,2025-12-21,Sunday,P15,Scone - Blueberry,Pastry,1,3.0,10,2.7,cash,in-store,C0095
6661,2025-12-21,Sunday,P08,Chocolate Chip Cookie,Cookie,1,2.0,10,1.8,upi,in-store,C0039
6661,2025-12-21,Sunday,P05,Pain au Chocolat,Pastry,1,3.5,10,3.15,upi,in-store,C0039
6661,2025-12-21,Sunday,P06,Cinnamon Roll,Pastry,1,3.75,10,3.38,upi,in-store,C0039
6662,2025-12-21,Sunday,P04,Croissant,Pastry,2,3.0,10,5.4,upi,in-store,C0105
6662,2025-12-21,Sunday,P10,Birthday Cake (whole),Cake,1,32.0,10,28.8,upi,in-store,C0105
6663,2025-12-21,Sunday,P07,Blueberry Muffin,Pastry,1,2.75,10,2.48,cash,in-store,C0037
6663,2025-12-21,Sunday,P15,Scone - Blueberry,Pastry,1,3.0,10,2.7,cash,in-store,C0037
6665,2025-12-22,Monday,P14,Rye Loaf,Bread,1,4.9,10,4.41,card,in-store,
6666,2025-12-22,Monday,P12,Bagel - Plain,Bread,1,2.25,10,2.02,upi,online,
6667,2025-12-22,Monday,P13,Bagel - Everything,Bread,1,2.5,10,2.25,card,in-store,
6668,2025-12-22,Monday,P07,Blueberry Muffin,Pastry,1,2.75,10,2.48,upi,in-store,C0090
6668,2025-12-22,Monday,P05,Pain au Chocolat,Pastry,2,3.5,10,6.3,upi,in-store,C0090
6669,2025-12-22,Monday,P02,Baguette,Bread,2,3.25,10,5.85,cash,in-store,
6669,2025-12-22,Monday,P07,Blueberry Muffin,Pastry,1,2.75,10,2.48,cash,in-store,
6670,2025-12-22,Monday,P07,Blueberry Muffin,Pastry,1,2.75,10,2.48,upi,online,
6670,2025-12-22,Monday,P05,Pain au Chocolat,Pastry,2,3.5,10,6.3,upi,online,
6671,2025-12-22,Monday,P07,Blueberry Muffin,Pastry,2,2.75,10,4.95,card,in-store,C0066
6671,2025-12-22,Monday,P05,Pain au Chocolat,Pastry,1,3.5,10,3.15,card,in-store,C0066
6671,2025-12-22,Monday,P01,Sourdough Loaf,Bread,1,4.5,10,4.05,card,in-store,C0066
6672,2025-12-22,Monday,P04,Croissant,Pastry,1,3.0,10,2.7,upi,in-store,
6672,2025-12-22,Monday,P12,Bagel - Plain,Bread,1,2.25,10,2.02,upi,in-store,
6673,2025-12-22,Monday,P14,Rye Loaf,Bread,3,4.9,10,13.23,upi,in-store,
6674,2025-12-22,Monday,P09,Oatmeal Raisin Cookie,Cookie,1,2.0,10,1.8,cash,in-store,
6674,2025-12-22,Monday,P12,Bagel - Plain,Bread,1,2.25,10,2.02,cash,in-store,
6675,2025-12-22,Monday,P07,Blueberry Muffin,Pastry,3,2.75,10,7.42,upi,online,
6677,2025-12-22,Monday,P03,Whole Wheat Loaf,Bread,1,4.75,10,4.28,cash,online,C0100
6678,2025-12-22,Monday,P15,Scone - Blueberry,Pastry,1,3.0,10,2.7,upi,in-store,
6679,2025-12-22,Monday,P09,Oatmeal Raisin Cookie,Cookie,1,2.0,10,1.8,upi,online,
6680,2025-12-22,Monday,P07,Blueberry Muffin,Pastry,1,2.75,10,2.48,card,online,
6681,2025-12-22,Monday,P07,Blueberry Muffin,Pastry,1,2.75,10,2.48,cash,in-store,
6681,2025-12-22,Monday,P09,Oatmeal Raisin Cookie,Cookie,1,2.0,10,1.8,cash,in-store,
6682,2025-12-22,Monday,P02,Baguette,Bread,1,3.25,10,2.93,upi,in-store,C0038
6684,2025-12-22,Monday,P09,Oatmeal Raisin Cookie,Cookie,1,2.0,10,1.8,card,in-store,C0004
6685,2025-12-22,Monday,P10,Birthday Cake (whole),Cake,1,32.0,10,28.8,card,in-store,
6685,2025-12-22,Monday,P12,Bagel - Plain,Bread,1,2.25,10,2.02,card,in-store,
6685,2025-12-22,Monday,P05,Pain au Chocolat,Pastry,1,3.5,10,3.15,card,in-store,
6685,2025-12-22,Monday,P08,Chocolate Chip Cookie,Cookie,1,2.0,10,1.8,card,in-store,
6687,2025-12-22,Monday,P09,Oatmeal Raisin Cookie,Cookie,1,2.0,10,1.8,upi,in-store,C0040
6687,2025-12-22,Monday,P11,Cupcake (single),Cake,1,3.25,10,2.93,upi,in-store,C0040
6688,2025-12-22,Monday,P04,Croissant,Pastry,3,3.0,10,8.1,card,catering,C0088
6688,2025-12-22,Monday,P13,Bagel - Everything,Bread,1,2.5,10,2.25,card,catering,C0088
6688,2025-12-22,Monday,P14,Rye Loaf,Bread,1,4.9,10,4.41,card,catering,C0088
6689,2025-12-22,Monday,P13,Bagel - Everything,Bread,1,2.5,10,2.25,card,in-store,
6689,2025-12-22,Monday,P08,Chocolate Chip Cookie,Cookie,1,2.0,10,1.8,card,in-store,
6689,2025-12-22,Monday,P04,Croissant,Pastry,1,3.0,10,2.7,card,in-store,
6690,2025-12-22,Monday,P02,Baguette,Bread,3,3.25,10,8.78,upi,in-store,C0094
6690,2025-12-22,Monday,P12,Bagel - Plain,Bread,1,2.25,10,2.02,upi,in-store,C0094
6691,2025-12-22,Monday,P05,Pain au Chocolat,Pastry,1,3.5,10,3.15,cash,in-store,C0024
6692,2025-12-22,Monday,P14,Rye Loaf,Bread,1,4.9,10,4.41,upi,in-store,C0116
6692,2025-12-22,Monday,P07,Blueberry Muffin,Pastry,2,2.75,10,4.95,upi,in-store,C0116
6692,2025-12-22,Monday,P04,Croissant,Pastry,1,3.0,10,2.7,upi,in-store,C0116
6692,2025-12-22,Monday,P11,Cupcake (single),Cake,1,3.25,10,2.93,upi,in-store,C0116
6693,2025-12-22,Monday,P10,Birthday Cake (whole),Cake,1,32.0,10,28.8,card,in-store,C0066
6694,2025-12-22,Monday,P07,Blueberry Muffin,Pastry,1,2.75,10,2.48,cash,in-store,C0104
6694,2025-12-22,Monday,P14,Rye Loaf,Bread,2,4.9,10,8.82,cash,in-store,C0104
6695,2025-12-23,Tuesday,P02,Baguette,Bread,3,3.25,10,8.78,upi,in-store,C0118
6696,2025-12-23,Tuesday,P07,Blueberry Muffin,Pastry,1,2.75,10,2.48,card,in-store,C0125
6698,2025-12-23,Tuesday,P13,Bagel - Everything,Bread,1,2.5,10,2.25,card,in-store,C0055
6699,2025-12-23,Tuesday,P04,Croissant,Pastry,1,3.0,10,2.7,upi,catering,
6700,2025-12-23,Tuesday,P15,Scone - Blueberry,Pastry,1,3.0,10,2.7,card,online,C0019
6701,2025-12-23,Tuesday,P08,Chocolate Chip Cookie,Cookie,2,2.0,10,3.6,cash,in-store,C0095
6702,2025-12-23,Tuesday,P11,Cupcake (single),Cake,1,3.25,10,2.93,upi,in-store,C0023
6703,2025-12-23,Tuesday,P12,Bagel - Plain,Bread,1,2.25,10,2.02,card,online,C0061
6704,2025-12-23,Tuesday,P07,Blueberry Muffin,Pastry,1,2.75,10,2.48,upi,in-store,
6704,2025-12-23,Tuesday,P07,Blueberry Muffin,Pastry,1,2.75,10,2.48,upi,in-store,
6705,2025-12-23,Tuesday,P01,Sourdough Loaf,Bread,1,4.5,10,4.05,card,in-store,C0094
6706,2025-12-23,Tuesday,P12,Bagel - Plain,Bread,1,2.25,10,2.02,upi,in-store,
6707,2025-12-23,Tuesday,P09,Oatmeal Raisin Cookie,Cookie,3,2.0,10,5.4,card,in-store,C0011
6708,2025-12-23,Tuesday,P13,Bagel - Everything,Bread,1,2.5,10,2.25,upi,in-store,C0043
6710,2025-12-23,Tuesday,P10,Birthday Cake (whole),Cake,1,32.0,10,28.8,upi,in-store,
6710,2025-12-23,Tuesday,P07,Blueberry Muffin,Pastry,1,2.75,10,2.48,upi,in-store,
6712,2025-12-23,Tuesday,P08,Chocolate Chip Cookie,Cookie,1,2.0,10,1.8,upi,in-store,C0080
6712,2025-12-23,Tuesday,P09,Oatmeal Raisin Cookie,Cookie,1,2.0,10,1.8,upi,in-store,C0080
6713,2025-12-23,Tuesday,P07,Blueberry Muffin,Pastry,1,2.75,10,2.48,upi,in-store,
6713,2025-12-23,Tuesday,P02,Baguette,Bread,2,3.25,10,5.85,upi,in-store,
6713,2025-12-23,Tuesday,P07,Blueberry Muffin,Pastry,3,2.75,10,7.42,upi,in-store,
6714,2025-12-23,Tuesday,P13,Bagel - Everything,Bread,1,2.5,10,2.25,upi,in-store,C0020
6714,2025-12-23,Tuesday,P14,Rye Loaf,Bread,1,4.9,10,4.41,upi,in-store,C0020
6715,2025-12-23,Tuesday,P04,Croissant,Pastry,1,3.0,10,2.7,cash,in-store,
6715,2025-12-23,Tuesday,P04,Croissant,Pastry,1,3.0,10,2.7,cash,in-store,
6715,2025-12-23,Tuesday,P08,Chocolate Chip Cookie,Cookie,1,2.0,10,1.8,cash,in-store,
6717,2025-12-23,Tuesday,P04,Croissant,Pastry,1,3.0,10,2.7,upi,in-store,C0130
6718,2025-12-23,Tuesday,P05,Pain au Chocolat,Pastry,2,3.5,10,6.3,cash,in-store,
6719,2025-12-23,Tuesday,P04,Croissant,Pastry,3,3.0,10,8.1,cash,in-store,C0104
6721,2025-12-23,Tuesday,P01,Sourdough Loaf,Bread,3,4.5,10,12.15,cash,in-store,C0058
6723,2025-12-24,Wednesday,P04,Croissant,Pastry,1,3.0,10,2.7,cash,in-store,
6723,2025-12-24,Wednesday,P12,Bagel - Plain,Bread,1,2.25,10,2.02,cash,in-store,
6724,2025-12-24,Wednesday,P07,Blueberry Muffin,Pastry,1,2.75,10,2.48,upi,in-store,C0050
6726,2025-12-24,Wednesday,P13,Bagel - Everything,Bread,1,2.5,10,2.25,card,in-store,C0023
6727,2025-12-24,Wednesday,P07,Blueberry Muffin,Pastry,2,2.75,10,4.95,cash,in-store,
6727,2025-12-24,Wednesday,P13,Bagel - Everything,Bread,1,2.5,10,2.25,cash,in-store,
6728,2025-12-24,Wednesday,P15,Scone - Blueberry,Pastry,1,3.0,10,2.7,upi,online,
6728,2025-12-24,Wednesday,P15,Scone - Blueberry,Pastry,1,3.0,10,2.7,upi,online,
6729,2025-12-24,Wednesday,P12,Bagel - Plain,Bread,1,2.25,10,2.02,upi,in-store,
6730,2025-12-24,Wednesday,P09,Oatmeal Raisin Cookie,Cookie,1,2.0,10,1.8,cash,in-store,C0110
6731,2025-12-24,Wednesday,P09,Oatmeal Raisin Cookie,Cookie,1,2.0,10,1.8,card,online,
6731,2025-12-24,Wednesday,P01,Sourdough Loaf,Bread,3,4.5,10,12.15,card,online,
6732,2025-12-24,Wednesday,P07,Blueberry Muffin,Pastry,3,2.75,10,7.42,cash,in-store,C0073
6733,2025-12-24,Wednesday,P07,Blueberry Muffin,Pastry,3,2.75,10,7.42,cash,in-store,C0051
6733,2025-12-24,Wednesday,P03,Whole Wheat Loaf,Bread,1,4.75,10,4.28,cash,in-store,C0051
6734,2025-12-24,Wednesday,P02,Baguette,Bread,1,3.25,10,2.93,upi,in-store,
6734,2025-12-24,Wednesday,P04,Croissant,Pastry,1,3.0,10,2.7,upi,in-store,
6735,2025-12-24,Wednesday,P11,Cupcake (single),Cake,1,3.25,10,2.93,cash,in-store,C0009
6736,2025-12-24,Wednesday,P11,Cupcake (single),Cake,1,3.25,10,2.93,upi,in-store,C0035
6737,2025-12-24,Wednesday,P07,Blueberry Muffin,Pastry,1,2.75,10,2.48,upi,in-store,C0124
6737,2025-12-24,Wednesday,P06,Cinnamon Roll,Pastry,1,3.75,10,3.38,upi,in-store,C0124
6737,2025-12-24,Wednesday,P04,Croissant,Pastry,1,3.0,10,2.7,upi,in-store,C0124
6738,2025-12-24,Wednesday,P15,Scone - Blueberry,Pastry,1,3.0,10,2.7,upi,online,
6738,2025-12-24,Wednesday,P15,Scone - Blueberry,Pastry,1,3.0,10,2.7,upi,online,
6739,2025-12-24,Wednesday,P09,Oatmeal Raisin Cookie,Cookie,1,2.0,10,1.8,cash,online,C0051
6739,2025-12-24,Wednesday,P07,Blueberry Muffin,Pastry,1,2.75,10,2.48,cash,online,C0051
6741,2025-12-24,Wednesday,P07,Blueberry Muffin,Pastry,1,2.75,10,2.48,cash,in-store,C0102
6741,2025-12-24,Wednesday,P09,Oatmeal Raisin Cookie,Cookie,1,2.0,10,1.8,cash,in-store,C0102
6742,2025-12-24,Wednesday,P03,Whole Wheat Loaf,Bread,1,4.75,10,4.28,upi,online,C0022
6743,2025-12-24,Wednesday,P08,Chocolate Chip Cookie,Cookie,1,2.0,10,1.8,upi,in-store,C0030
6744,2025-12-24,Wednesday,P02,Baguette,Bread,1,3.25,10,2.93,cash,catering,C0015
6744,2025-12-24,Wednesday,P14,Rye Loaf,Bread,1,4.9,10,4.41,cash,catering,C0015
6745,2025-12-24,Wednesday,P07,Blueberry Muffin,Pastry,3,2.75,10,7.42,card,in-store,C0022
6746,2025-12-24,Wednesday,P05,Pain au Chocolat,Pastry,1,3.5,10,3.15,cash,in-store,
6747,2025-12-24,Wednesday,P05,Pain au Chocolat,Pastry,1,3.5,10,3.15,cash,online,
6748,2025-12-24,Wednesday,P05,Pain au Chocolat,Pastry,1,3.5,10,3.15,card,in-store,
6748,2025-12-24,Wednesday,P06,Cinnamon Roll,Pastry,1,3.75,10,3.38,card,in-store,
6748,2025-12-24,Wednesday,P04,Croissant,Pastry,1,3.0,10,2.7,card,in-store,
6748,2025-12-24,Wednesday,P09,Oatmeal Raisin Cookie,Cookie,1,2.0,10,1.8,card,in-store,
6749,2025-12-24,Wednesday,P09,Oatmeal Raisin Cookie,Cookie,1,2.0,10,1.8,cash,online,C0020
6749,2025-12-24,Wednesday,P03,Whole Wheat Loaf,Bread,1,4.75,10,4.28,cash,online,C0020
6750,2025-12-24,Wednesday,P08,Chocolate Chip Cookie,Cookie,1,2.0,10,1.8,card,in-store,
6750,2025-12-24,Wednesday,P03,Whole Wheat Loaf,Bread,1,4.75,10,4.28,card,in-store,
6751,2025-12-24,Wednesday,P05,Pain au Chocolat,Pastry,1,3.5,10,3.15,card,online,
6751,2025-12-24,Wednesday,P04,Croissant,Pastry,1,3.0,10,2.7,card,online,
6752,2025-12-25,Thursday,P09,Oatmeal Raisin Cookie,Cookie,1,2.0,10,1.8,upi,in-store,C0057
6754,2025-12-25,Thursday,P04,Croissant,Pastry,1,3.0,10,2.7,upi,in-store,C0094
6754,2025-12-25,Thursday,P04,Croissant,Pastry,1,3.0,10,2.7,upi,in-store,C0094
6755,2025-12-25,Thursday,P11,Cupcake (single),Cake,1,3.25,10,2.93,cash,in-store,C0098
6756,2025-12-25,Thursday,P07,Blueberry Muffin,Pastry,1,2.75,10,2.48,card,in-store,
6756,2025-12-25,Thursday,P03,Whole Wheat Loaf,Bread,1,4.75,10,4.28,card,in-store,
6756,2025-12-25,Thursday,P08,Chocolate Chip Cookie,Cookie,1,2.0,10,1.8,card,in-store,
6757,2025-12-25,Thursday,P04,Croissant,Pastry,3,3.0,10,8.1,card,in-store,C0113
6757,2025-12-25,Thursday,P02,Baguette,Bread,3,3.25,10,8.78,card,in-store,C0113
6759,2025-12-25,Thursday,P06,Cinnamon Roll,Pastry,2,3.75,10,6.75,card,in-store,
6759,2025-12-25,Thursday,P07,Blueberry Muffin,Pastry,3,2.75,10,7.42,card,in-store,
6760,2025-12-25,Thursday,P03,Whole Wheat Loaf,Bread,1,4.75,10,4.28,card,in-store,C0081
6761,2025-12-25,Thursday,P08,Chocolate Chip Cookie,Cookie,1,2.0,10,1.8,card,in-store,C0056
6762,2025-12-25,Thursday,P12,Bagel - Plain,Bread,3,2.25,10,6.08,upi,in-store,C0124
6762,2025-12-25,Thursday,P08,Chocolate Chip Cookie,Cookie,2,2.0,10,3.6,upi,in-store,C0124
6763,2025-12-25,Thursday,P02,Baguette,Bread,1,3.25,10,2.93,cash,in-store,
6764,2025-12-25,Thursday,P11,Cupcake (single),Cake,1,3.25,10,2.93,cash,in-store,C0016
6764,2025-12-25,Thursday,P07,Blueberry Muffin,Pastry,1,2.75,10,2.48,cash,in-store,C0016
6765,2025-12-25,Thursday,P08,Chocolate Chip Cookie,Cookie,1,2.0,10,1.8,cash,online,C0017
6765,2025-12-25,Thursday,P03,Whole Wheat Loaf,Bread,2,4.75,10,8.55,cash,online,C0017
6765,2025-12-25,Thursday,P12,Bagel - Plain,Bread,1,2.25,10,2.02,cash,online,C0017
6766,2025-12-25,Thursday,P08,Chocolate Chip Cookie,Cookie,3,2.0,10,5.4,card,in-store,C0030
6767,2025-12-25,Thursday,P09,Oatmeal Raisin Cookie,Cookie,1,2.0,10,1.8,upi,in-store,C0122
6767,2025-12-25,Thursday,P02,Baguette,Bread,1,3.25,10,2.93,upi,in-store,C0122
6768,2025-12-25,Thursday,P07,Blueberry Muffin,Pastry,1,2.75,10,2.48,cash,online,C0064
6768,2025-12-25,Thursday,P09,Oatmeal Raisin Cookie,Cookie,3,2.0,10,5.4,cash,online,C0064
6768,2025-12-25,Thursday,P03,Whole Wheat Loaf,Bread,1,4.75,10,4.28,cash,online,C0064
6769,2025-12-25,Thursday,P10,Birthday Cake (whole),Cake,1,32.0,10,28.8,cash,in-store,C0123
6770,2025-12-25,Thursday,P01,Sourdough Loaf,Bread,3,4.5,10,12.15,upi,in-store,C0087
6771,2025-12-25,Thursday,P04,Croissant,Pastry,3,3.0,10,8.1,upi,in-store,
6772,2025-12-25,Thursday,P14,Rye Loaf,Bread,2,4.9,10,8.82,upi,in-store,C0112
6772,2025-12-25,Thursday,P09,Oatmeal Raisin Cookie,Cookie,1,2.0,10,1.8,upi,in-store,C0112
6772,2025-12-25,Thursday,P08,Chocolate Chip Cookie,Cookie,1,2.0,10,1.8,upi,in-store,C0112
6772,2025-12-25,Thursday,P07,Blueberry Muffin,Pastry,1,2.75,10,2.48,upi,in-store,C0112
6773,2025-12-26,Friday,P13,Bagel - Everything,Bread,1,2.5,10,2.25,upi,catering,C0123
6773,2025-12-26,Friday,P01,Sourdough Loaf,Bread,1,4.5,10,4.05,upi,catering,C0123
6773,2025-12-26,Friday,P01,Sourdough Loaf,Bread,1,4.5,10,4.05,upi,catering,C0123
6774,2025-12-26,Friday,P02,Baguette,Bread,2,3.25,10,5.85,upi,in-store,
6774,2025-12-26,Friday,P07,Blueberry Muffin,Pastry,1,2.75,10,2.48,upi,in-store,
6775,2025-12-26,Friday,P08,Chocolate Chip Cookie,Cookie,3,2.0,10,5.4,cash,in-store,
6775,2025-12-26,Friday,P15,Scone - Blueberry,Pastry,1,3.0,10,2.7,cash,in-store,
6777,2025-12-26,Friday,P01,Sourdough Loaf,Bread,1,4.5,10,4.05,upi,in-store,C0119
6778,2025-12-26,Friday,P04,Croissant,Pastry,3,3.0,10,8.1,upi,in-store,C0011
6779,2025-12-26,Friday,P04,Croissant,Pastry,3,3.0,10,8.1,upi,online,
6780,2025-12-26,Friday,P09,Oatmeal Raisin Cookie,Cookie,1,2.0,10,1.8,upi,in-store,
6780,2025-12-26,Friday,P12,Bagel - Plain,Bread,3,2.25,10,6.08,upi,in-store,
6781,2025-12-26,Friday,P08,Chocolate Chip Cookie,Cookie,1,2.0,10,1.8,upi,online,C0013
6782,2025-12-26,Friday,P12,Bagel - Plain,Bread,1,2.25,10,2.02,card,in-store,C0091
6782,2025-12-26,Friday,P15,Scone - Blueberry,Pastry,3,3.0,10,8.1,card,in-store,C0091
6782,2025-12-26,Friday,P11,Cupcake (single),Cake,1,3.25,10,2.93,card,in-store,C0091
6783,2025-12-26,Friday,P07,Blueberry Muffin,Pastry,3,2.75,10,7.42,upi,online,C0064
6784,2025-12-26,Friday,P14,Rye Loaf,Bread,1,4.9,10,4.41,cash,in-store,C0036
6785,2025-12-26,Friday,P01,Sourdough Loaf,Bread,2,4.5,10,8.1,card,online,
6786,2025-12-26,Friday,P01,Sourdough Loaf,Bread,1,4.5,10,4.05,upi,in-store,C0028
6787,2025-12-26,Friday,P15,Scone - Blueberry,Pastry,1,3.0,10,2.7,upi,in-store,
6788,2025-12-26,Friday,P12,Bagel - Plain,Bread,1,2.25,10,2.02,upi,in-store,
6789,2025-12-26,Friday,P14,Rye Loaf,Bread,1,4.9,10,4.41,card,in-store,
6789,2025-12-26,Friday,P06,Cinnamon Roll,Pastry,3,3.75,10,10.12,card,in-store,
6790,2025-12-26,Friday,P03,Whole Wheat Loaf,Bread,1,4.75,10,4.28,cash,in-store,C0098
6791,2025-12-26,Friday,P11,Cupcake (single),Cake,1,3.25,10,2.93,upi,in-store,
6791,2025-12-26,Friday,P03,Whole Wheat Loaf,Bread,3,4.75,10,12.82,upi,in-store,
6794,2025-12-26,Friday,P05,Pain au Chocolat,Pastry,1,3.5,10,3.15,cash,online,C0071
6794,2025-12-26,Friday,P15,Scone - Blueberry,Pastry,1,3.0,10,2.7,cash,online,C0071
6794,2025-12-26,Friday,P10,Birthday Cake (whole),Cake,1,32.0,10,28.8,cash,online,C0071
6795,2025-12-26,Friday,P11,Cupcake (single),Cake,1,3.25,10,2.93,card,in-store,C0095
6796,2025-12-26,Friday,P06,Cinnamon Roll,Pastry,1,3.75,10,3.38,upi,in-store,C0120
6797,2025-12-26,Friday,P07,Blueberry Muffin,Pastry,1,2.75,10,2.48,upi,in-store,
6797,2025-12-26,Friday,P14,Rye Loaf,Bread,1,4.9,10,4.41,upi,in-store,
6798,2025-12-26,Friday,P03,Whole Wheat Loaf,Bread,2,4.75,10,8.55,card,online,C0022
6799,2025-12-26,Friday,P07,Blueberry Muffin,Pastry,1,2.75,10,2.48,card,in-store,
6799,2025-12-26,Friday,P03,Whole Wheat Loaf,Bread,3,4.75,10,12.82,card,in-store,
6799,2025-12-26,Friday,P01,Sourdough Loaf,Bread,1,4.5,10,4.05,card,in-store,
6800,2025-12-26,Friday,P10,Birthday Cake (whole),Cake,1,32.0,10,28.8,upi,in-store,
6801,2025-12-26,Friday,P04,Croissant,Pastry,1,3.0,10,2.7,cash,in-store,C0041
6802,2025-12-26,Friday,P02,Baguette,Bread,1,3.25,10,2.93,upi,in-store,
6802,2025-12-26,Friday,P03,Whole Wheat Loaf,Bread,2,4.75,10,8.55,upi,in-store,
6803,2025-12-26,Friday,P05,Pain au Chocolat,Pastry,1,3.5,10,3.15,upi,in-store,
6804,2025-12-26,Friday,P07,Blueberry Muffin,Pastry,3,2.75,10,7.42,upi,in-store,C0041
6806,2025-12-27,Saturday,P04,Croissant,Pastry,3,3.0,0,9.0,upi,in-store,
6806,2025-12-27,Saturday,P01,Sourdough Loaf,Bread,1,4.5,0,4.5,upi,in-store,
6807,2025-12-27,Saturday,P07,Blueberry Muffin,Pastry,1,2.75,0,2.75,cash,in-store,C0010
6808,2025-12-27,Saturday,P13,Bagel - Everything,Bread,1,2.5,0,2.5,upi,in-store,C0003
6808,2025-12-27,Saturday,P08,Chocolate Chip Cookie,Cookie,1,2.0,0,2.0,upi,in-store,C0003
6808,2025-12-27,Saturday,P01,Sourdough Loaf,Bread,1,4.5,0,4.5,upi,in-store,C0003
6809,2025-12-27,Saturday,P11,Cupcake (single),Cake,1,3.25,0,3.25,card,in-store,C0082
6810,2025-12-27,Saturday,P12,Bagel - Plain,Bread,1,2.25,0,2.25,cash,online,C0075
6811,2025-12-27,Saturday,P02,Baguette,Bread,1,3.25,0,3.25,cash,online,C0065
6811,2025-12-27,Saturday,P09,Oatmeal Raisin Cookie,Cookie,1,2.0,0,2.0,cash,online,C0065
6812,2025-12-27,Saturday,P03,Whole Wheat Loaf,Bread,1,4.75,0,4.75,cash,in-store,
6813,2025-12-27,Saturday,P12,Bagel - Plain,Bread,1,2.25,0,2.25,card,in-store,C0018
6814,2025-12-27,Saturday,P08,Chocolate Chip Cookie,Cookie,1,2.0,0,2.0,cash,in-store,C0125
6814,2025-12-27,Saturday,P02,Baguette,Bread,3,3.25,0,9.75,cash,in-store,C0125
6814,2025-12-27,Saturday,P05,Pain au Chocolat,Pastry,1,3.5,0,3.5,cash,in-store,C0125
6814,2025-12-27,Saturday,P06,Cinnamon Roll,Pastry,1,3.75,0,3.75,cash,in-store,C0125
6815,2025-12-27,Saturday,P08,Chocolate Chip Cookie,Cookie,1,2.0,0,2.0,upi,in-store,C0113
6817,2025-12-27,Saturday,P15,Scone - Blueberry,Pastry,1,3.0,0,3.0,cash,in-store,C0124
6818,2025-12-27,Saturday,P08,Chocolate Chip Cookie,Cookie,2,2.0,0,4.0,card,online,
6818,2025-12-27,Saturday,P09,Oatmeal Raisin Cookie,Cookie,1,2.0,0,2.0,card,online,
6819,2025-12-27,Saturday,P06,Cinnamon Roll,Pastry,3,3.75,0,11.25,card,online,C0100
6819,2025-12-27,Saturday,P09,Oatmeal Raisin Cookie,Cookie,3,2.0,0,6.0,card,online,C0100
6819,2025-12-27,Saturday,P04,Croissant,Pastry,2,3.0,0,6.0,card,online,C0100
6820,2025-12-27,Saturday,P12,Bagel - Plain,Bread,1,2.25,0,2.25,card,in-store,
6820,2025-12-27,Saturday,P15,Scone - Blueberry,Pastry,1,3.0,0,3.0,card,in-store,
6821,2025-12-27,Saturday,P11,Cupcake (single),Cake,1,3.25,0,3.25,upi,online,C0031
6822,2025-12-27,Saturday,P04,Croissant,Pastry,1,3.0,0,3.0,card,in-store,C0101
6822,2025-12-27,Saturday,P04,Croissant,Pastry,1,3.0,0,3.0,card,in-store,C0101
6822,2025-12-27,Saturday,P05,Pain au Chocolat,Pastry,1,3.5,0,3.5,card,in-store,C0101
6823,2025-12-27,Saturday,P04,Croissant,Pastry,1,3.0,0,3.0,cash,in-store,C0018
6823,2025-12-27,Saturday,P13,Bagel - Everything,Bread,2,2.5,0,5.0,cash,in-store,C0018
6823,2025-12-27,Saturday,P08,Chocolate Chip Cookie,Cookie,1,2.0,0,2.0,cash,in-store,C0018
6824,2025-12-27,Saturday,P01,Sourdough Loaf,Bread,1,4.5,0,4.5,upi,in-store,C0098
6824,2025-12-27,Saturday,P08,Chocolate Chip Cookie,Cookie,3,2.0,0,6.0,upi,in-store,C0098
6825,2025-12-27,Saturday,P08,Chocolate Chip Cookie,Cookie,1,2.0,0,2.0,card,online,C0122
6826,2025-12-27,Saturday,P08,Chocolate Chip Cookie,Cookie,1,2.0,0,2.0,upi,in-store,C0012
6828,2025-12-27,Saturday,P04,Croissant,Pastry,1,3.0,0,3.0,card,in-store,C0070
6829,2025-12-27,Saturday,P02,Baguette,Bread,1,3.25,0,3.25,upi,online,C0071
6830,2025-12-27,Saturday,P12,Bagel - Plain,Bread,1,2.25,0,2.25,upi,in-store,
6831,2025-12-27,Saturday,P15,Scone - Blueberry,Pastry,2,3.0,0,6.0,card,in-store,
6831,2025-12-27,Saturday,P06,Cinnamon Roll,Pastry,1,3.75,0,3.75,card,in-store,
6832,2025-12-27,Saturday,P04,Croissant,Pastry,1,3.0,0,3.0,card,in-store,C0032
6832,2025-12-27,Saturday,P09,Oatmeal Raisin Cookie,Cookie,1,2.0,0,2.0,card,in-store,C0032
6833,2025-12-27,Saturday,P14,Rye Loaf,Bread,1,4.9,0,4.9,cash,online,
6833,2025-12-27,Saturday,P15,Scone - Blueberry,Pastry,1,3.0,0,3.0,cash,online,
6833,2025-12-27,Saturday,P14,Rye Loaf,Bread,1,4.9,0,4.9,cash,online,
6834,2025-12-27,Saturday,P14,Rye Loaf,Bread,3,4.9,0,14.7,upi,in-store,
6835,2025-12-27,Saturday,P04,Croissant,Pastry,1,3.0,0,3.0,upi,in-store,
6835,2025-12-27,Saturday,P03,Whole Wheat Loaf,Bread,1,4.75,0,4.75,upi,in-store,
6835,2025-12-27,Saturday,P08,Chocolate Chip Cookie,Cookie,1,2.0,0,2.0,upi,in-store,
6835,2025-12-27,Saturday,P01,Sourdough Loaf,Bread,1,4.5,0,4.5,upi,in-store,
6836,2025-12-27,Saturday,P06,Cinnamon Roll,Pastry,1,3.75,0,3.75,upi,in-store,C0085
6836,2025-12-27,Saturday,P08,Chocolate Chip Cookie,Cookie,1,2.0,0,2.0,upi,in-store,C0085
6837,2025-12-27,Saturday,P09,Oatmeal Raisin Cookie,Cookie,1,2.0,0,2.0,upi,in-store,C0084
6837,2025-12-27,Saturday,P07,Blueberry Muffin,Pastry,2,2.75,0,5.5,upi,in-store,C0084
6838,2025-12-27,Saturday,P11,Cupcake (single),Cake,1,3.25,0,3.25,cash,in-store,C0002
6839,2025-12-27,Saturday,P14,Rye Loaf,Bread,1,4.9,0,4.9,card,online,
6839,2025-12-27,Saturday,P03,Whole Wheat Loaf,Bread,1,4.75,0,4.75,card,online,
6840,2025-12-27,Saturday,P05,Pain au Chocolat,Pastry,1,3.5,0,3.5,cash,in-store,C0123
6840,2025-12-27,Saturday,P08,Chocolate Chip Cookie,Cookie,1,2.0,0,2.0,cash,in-store,C0123
6841,2025-12-27,Saturday,P13,Bagel - Everything,Bread,1,2.5,0,2.5,upi,in-store,
6843,2025-12-27,Saturday,P13,Bagel - Everything,Bread,1,2.5,0,2.5,cash,in-store,C0042
6843,2025-12-27,Saturday,P09,Oatmeal Raisin Cookie,Cookie,1,2.0,0,2.0,cash,in-store,C0042
6844,2025-12-27,Saturday,P07,Blueberry Muffin,Pastry,2,2.75,0,5.5,card,in-store,C0122
6844,2025-12-27,Saturday,P09,Oatmeal Raisin Cookie,Cookie,1,2.0,0,2.0,card,in-store,C0122
6845,2025-12-27,Saturday,P12,Bagel - Plain,Bread,2,2.25,0,4.5,card,in-store,C0063
6846,2025-12-27,Saturday,P13,Bagel - Everything,Bread,1,2.5,0,2.5,upi,in-store,C0122
6847,2025-12-27,Saturday,P14,Rye Loaf,Bread,1,4.9,0,4.9,card,online,C0046
6847,2025-12-27,Saturday,P08,Chocolate Chip Cookie,Cookie,1,2.0,0,2.0,card,online,C0046
6847,2025-12-27,Saturday,P10,Birthday Cake (whole),Cake,1,32.0,0,32.0,card,online,C0046
6848,2025-12-28,Sunday,P04,Croissant,Pastry,3,3.0,0,9.0,cash,online,C0129
6850,2025-12-28,Sunday,P10,Birthday Cake (whole),Cake,1,32.0,0,32.0,upi,in-store,
6850,2025-12-28,Sunday,P03,Whole Wheat Loaf,Bread,1,4.75,0,4.75,upi,in-store,
6850,2025-12-28,Sunday,P15,Scone - Blueberry,Pastry,1,3.0,0,3.0,upi,in-store,
6851,2025-12-28,Sunday,P09,Oatmeal Raisin Cookie,Cookie,1,2.0,0,2.0,card,online,
6851,2025-12-28,Sunday,P14,Rye Loaf,Bread,1,4.9,0,4.9,card,online,
6852,2025-12-28,Sunday,P10,Birthday Cake (whole),Cake,1,32.0,0,32.0,upi,in-store,C0083
6853,2025-12-28,Sunday,P04,Croissant,Pastry,1,3.0,0,3.0,upi,in-store,C0035
6853,2025-12-28,Sunday,P05,Pain au Chocolat,Pastry,1,3.5,0,3.5,upi,in-store,C0035
6854,2025-12-28,Sunday,P11,Cupcake (single),Cake,1,3.25,0,3.25,upi,online,C0041
6855,2025-12-28,Sunday,P01,Sourdough Loaf,Bread,1,4.5,0,4.5,upi,online,
6855,2025-12-28,Sunday,P07,Blueberry Muffin,Pastry,1,2.75,0,2.75,upi,online,
6855,2025-12-28,Sunday,P09,Oatmeal Raisin Cookie,Cookie,2,2.0,0,4.0,upi,online,
6856,2025-12-28,Sunday,P08,Chocolate Chip Cookie,Cookie,1,2.0,0,2.0,upi,in-store,
6857,2025-12-28,Sunday,P05,Pain au Chocolat,Pastry,1,3.5,0,3.5,cash,online,C0063
6858,2025-12-28,Sunday,P11,Cupcake (single),Cake,1,3.25,0,3.25,upi,in-store,C0040
6859,2025-12-28,Sunday,P07,Blueberry Muffin,Pastry,2,2.75,0,5.5,card,in-store,C0101
6860,2025-12-28,Sunday,P08,Chocolate Chip Cookie,Cookie,1,2.0,0,2.0,cash,in-store,C0021
6861,2025-12-28,Sunday,P01,Sourdough Loaf,Bread,1,4.5,0,4.5,upi,in-store,C0008
6862,2025-12-28,Sunday,P09,Oatmeal Raisin Cookie,Cookie,1,2.0,0,2.0,card,in-store,C0079
6863,2025-12-28,Sunday,P14,Rye Loaf,Bread,1,4.9,0,4.9,cash,in-store,
6864,2025-12-28,Sunday,P13,Bagel - Everything,Bread,1,2.5,0,2.5,upi,in-store,
6865,2025-12-28,Sunday,P09,Oatmeal Raisin Cookie,Cookie,2,2.0,0,4.0,upi,in-store,
6865,2025-12-28,Sunday,P09,Oatmeal Raisin Cookie,Cookie,1,2.0,0,2.0,upi,in-store,
6866,2025-12-28,Sunday,P13,Bagel - Everything,Bread,1,2.5,0,2.5,upi,in-store,
6866,2025-12-28,Sunday,P01,Sourdough Loaf,Bread,1,4.5,0,4.5,upi,in-store,
6867,2025-12-28,Sunday,P11,Cupcake (single),Cake,1,3.25,0,3.25,upi,in-store,
6868,2025-12-28,Sunday,P03,Whole Wheat Loaf,Bread,1,4.75,0,4.75,upi,in-store,C0129
6868,2025-12-28,Sunday,P07,Blueberry Muffin,Pastry,1,2.75,0,2.75,upi,in-store,C0129
6869,2025-12-28,Sunday,P15,Scone - Blueberry,Pastry,1,3.0,0,3.0,upi,in-store,
6870,2025-12-28,Sunday,P15,Scone - Blueberry,Pastry,1,3.0,0,3.0,card,in-store,C0008
6870,2025-12-28,Sunday,P12,Bagel - Plain,Bread,1,2.25,0,2.25,card,in-store,C0008
6871,2025-12-28,Sunday,P05,Pain au Chocolat,Pastry,1,3.5,0,3.5,upi,in-store,
6871,2025-12-28,Sunday,P03,Whole Wheat Loaf,Bread,3,4.75,0,14.25,upi,in-store,
6871,2025-12-28,Sunday,P06,Cinnamon Roll,Pastry,1,3.75,0,3.75,upi,in-store,
6872,2025-12-28,Sunday,P08,Chocolate Chip Cookie,Cookie,1,2.0,0,2.0,cash,in-store,
6873,2025-12-28,Sunday,P05,Pain au Chocolat,Pastry,1,3.5,0,3.5,upi,in-store,C0069
6874,2025-12-28,Sunday,P05,Pain au Chocolat,Pastry,1,3.5,0,3.5,card,in-store,C0033
6875,2025-12-28,Sunday,P08,Chocolate Chip Cookie,Cookie,1,2.0,0,2.0,card,in-store,C0069
6875,2025-12-28,Sunday,P03,Whole Wheat Loaf,Bread,1,4.75,0,4.75,card,in-store,C0069
6875,2025-12-28,Sunday,P04,Croissant,Pastry,1,3.0,0,3.0,card,in-store,C0069
6876,2025-12-28,Sunday,P05,Pain au Chocolat,Pastry,1,3.5,0,3.5,cash,in-store,C0071
6876,2025-12-28,Sunday,P14,Rye Loaf,Bread,1,4.9,0,4.9,cash,in-store,C0071
6876,2025-12-28,Sunday,P07,Blueberry Muffin,Pastry,1,2.75,0,2.75,cash,in-store,C0071
6877,2025-12-28,Sunday,P07,Blueberry Muffin,Pastry,1,2.75,0,2.75,upi,in-store,C0013
6877,2025-12-28,Sunday,P08,Chocolate Chip Cookie,Cookie,1,2.0,0,2.0,upi,in-store,C0013
6877,2025-12-28,Sunday,P14,Rye Loaf,Bread,1,4.9,0,4.9,upi,in-store,C0013
6878,2025-12-28,Sunday,P03,Whole Wheat Loaf,Bread,2,4.75,0,9.5,card,in-store,C0059
6878,2025-12-28,Sunday,P08,Chocolate Chip Cookie,Cookie,1,2.0,0,2.0,card,in-store,C0059
6879,2025-12-28,Sunday,P14,Rye Loaf,Bread,1,4.9,0,4.9,cash,in-store,C0096
6880,2025-12-28,Sunday,P08,Chocolate Chip Cookie,Cookie,3,2.0,0,6.0,upi,in-store,C0040
6881,2025-12-28,Sunday,P12,Bagel - Plain,Bread,1,2.25,0,2.25,card,in-store,C0099
6882,2025-12-28,Sunday,P12,Bagel - Plain,Bread,1,2.25,0,2.25,upi,in-store,
6882,2025-12-28,Sunday,P11,Cupcake (single),Cake,1,3.25,0,3.25,upi,in-store,
6883,2025-12-28,Sunday,P08,Chocolate Chip Cookie,Cookie,2,2.0,0,4.0,card,catering,C0068
6883,2025-12-28,Sunday,P13,Bagel - Everything,Bread,2,2.5,0,5.0,card,catering,C0068
6883,2025-12-28,Sunday,P02,Baguette,Bread,1,3.25,0,3.25,card,catering,C0068
6884,2025-12-28,Sunday,P14,Rye Loaf,Bread,2,4.9,0,9.8,upi,in-store,C0130
6885,2025-12-28,Sunday,P14,Rye Loaf,Bread,1,4.9,0,4.9,card,in-store,C0069
6885,2025-12-28,Sunday,P04,Croissant,Pastry,1,3.0,0,3.0,card,in-store,C0069
6885,2025-12-28,Sunday,P09,Oatmeal Raisin Cookie,Cookie,3,2.0,0,6.0,card,in-store,C0069
6886,2025-12-28,Sunday,P04,Croissant,Pastry,2,3.0,0,6.0,cash,online,
6886,2025-12-28,Sunday,P15,Scone - Blueberry,Pastry,1,3.0,0,3.0,cash,online,
6886,2025-12-28,Sunday,P07,Blueberry Muffin,Pastry,1,2.75,0,2.75,cash,online,
6887,2025-12-28,Sunday,P07,Blueberry Muffin,Pastry,1,2.75,0,2.75,upi,catering,
6887,2025-12-28,Sunday,P13,Bagel - Everything,Bread,2,2.5,0,5.0,upi,catering,
6888,2025-12-28,Sunday,P11,Cupcake (single),Cake,1,3.25,0,3.25,card,online,C0105
6888,2025-12-28,Sunday,P08,Chocolate Chip Cookie,Cookie,1,2.0,0,2.0,card,online,C0105
6889,2025-12-28,Sunday,P07,Blueberry Muffin,Pastry,1,2.75,0,2.75,upi,in-store,C0011
6890,2025-12-28,Sunday,P13,Bagel - Everything,Bread,1,2.5,0,2.5,card,in-store,C0034
6891,2025-12-28,Sunday,P09,Oatmeal Raisin Cookie,Cookie,2,2.0,0,4.0,cash,in-store,
6891,2025-12-28,Sunday,P03,Whole Wheat Loaf,Bread,1,4.75,0,4.75,cash,in-store,
6892,2025-12-28,Sunday,P14,Rye Loaf,Bread,1,4.9,0,4.9,upi,in-store,C0004
6892,2025-12-28,Sunday,P05,Pain au Chocolat,Pastry,1,3.5,0,3.5,upi,in-store,C0004
6892,2025-12-28,Sunday,P02,Baguette,Bread,1,3.25,0,3.25,upi,in-store,C0004
6893,2025-12-28,Sunday,P03,Whole Wheat Loaf,Bread,1,4.75,0,4.75,cash,online,C0075
6893,2025-12-28,Sunday,P03,Whole Wheat Loaf,Bread,1,4.75,0,4.75,cash,online,C0075
6893,2025-12-28,Sunday,P15,Scone - Blueberry,Pastry,1,3.0,0,3.0,cash,online,C0075
6894,2025-12-28,Sunday,P05,Pain au Chocolat,Pastry,3,3.5,0,10.5,card,in-store,
6895,2025-12-28,Sunday,P06,Cinnamon Roll,Pastry,1,3.75,0,3.75,cash,online,C0013
6896,2025-12-28,Sunday,P14,Rye Loaf,Bread,1,4.9,0,4.9,upi,in-store,
6896,2025-12-28,Sunday,P09,Oatmeal Raisin Cookie,Cookie,1,2.0,0,2.0,upi,in-store,
6897,2025-12-28,Sunday,P10,Birthday Cake (whole),Cake,1,32.0,0,32.0,upi,in-store,C0113
6898,2025-12-28,Sunday,P09,Oatmeal Raisin Cookie,Cookie,1,2.0,0,2.0,upi,online,C0069
6898,2025-12-28,Sunday,P09,Oatmeal Raisin Cookie,Cookie,1,2.0,0,2.0,upi,online,C0069
6898,2025-12-28,Sunday,P06,Cinnamon Roll,Pastry,1,3.75,0,3.75,upi,online,C0069
6899,2025-12-28,Sunday,P07,Blueberry Muffin,Pastry,1,2.75,0,2.75,card,in-store,
6899,2025-12-28,Sunday,P10,Birthday Cake (whole),Cake,1,32.0,0,32.0,card,in-store,
6900,2025-12-29,Monday,P04,Croissant,Pastry,3,3.0,0,9.0,upi,online,C0084
6901,2025-12-29,Monday,P10,Birthday Cake (whole),Cake,1,32.0,0,32.0,cash,in-store,C0111
6902,2025-12-29,Monday,P12,Bagel - Plain,Bread,1,2.25,0,2.25,cash,online,C0018
6903,2025-12-29,Monday,P05,Pain au Chocolat,Pastry,1,3.5,0,3.5,card,in-store,C0017
6904,2025-12-29,Monday,P05,Pain au Chocolat,Pastry,1,3.5,0,3.5,upi,in-store,C0015
6906,2025-12-29,Monday,P06,Cinnamon Roll,Pastry,1,3.75,0,3.75,cash,in-store,C0089
6906,2025-12-29,Monday,P15,Scone - Blueberry,Pastry,1,3.0,0,3.0,cash,in-store,C0089
6907,2025-12-29,Monday,P08,Chocolate Chip Cookie,Cookie,1,2.0,0,2.0,card,online,C0007
6908,2025-12-29,Monday,P10,Birthday Cake (whole),Cake,1,32.0,0,32.0,cash,in-store,
6908,2025-12-29,Monday,P07,Blueberry Muffin,Pastry,1,2.75,0,2.75,cash,in-store,
6909,2025-12-29,Monday,P05,Pain au Chocolat,Pastry,1,3.5,0,3.5,upi,catering,
6911,2025-12-29,Monday,P08,Chocolate Chip Cookie,Cookie,1,2.0,0,2.0,upi,in-store,C0066
6911,2025-12-29,Monday,P14,Rye Loaf,Bread,2,4.9,0,9.8,upi,in-store,C0066
6911,2025-12-29,Monday,P02,Baguette,Bread,1,3.25,0,3.25,upi,in-store,C0066
6913,2025-12-29,Monday,P13,Bagel - Everything,Bread,1,2.5,0,2.5,upi,in-store,
6914,2025-12-29,Monday,P11,Cupcake (single),Cake,1,3.25,0,3.25,upi,in-store,C0110
6915,2025-12-29,Monday,P09,Oatmeal Raisin Cookie,Cookie,2,2.0,0,4.0,upi,in-store,
6915,2025-12-29,Monday,P04,Croissant,Pastry,1,3.0,0,3.0,upi,in-store,
6916,2025-12-29,Monday,P03,Whole Wheat Loaf,Bread,1,4.75,0,4.75,cash,online,C0073
6917,2025-12-29,Monday,P10,Birthday Cake (whole),Cake,1,32.0,0,32.0,upi,in-store,
6917,2025-12-29,Monday,P05,Pain au Chocolat,Pastry,1,3.5,0,3.5,upi,in-store,
6918,2025-12-29,Monday,P03,Whole Wheat Loaf,Bread,3,4.75,0,14.25,upi,in-store,C0107
6919,2025-12-29,Monday,P10,Birthday Cake (whole),Cake,1,32.0,0,32.0,upi,in-store,C0033
6919,2025-12-29,Monday,P11,Cupcake (single),Cake,1,3.25,0,3.25,upi,in-store,C0033
6920,2025-12-29,Monday,P15,Scone - Blueberry,Pastry,1,3.0,0,3.0,upi,in-store,C0120
6920,2025-12-29,Monday,P12,Bagel - Plain,Bread,1,2.25,0,2.25,upi,in-store,C0120
6921,2025-12-29,Monday,P15,Scone - Blueberry,Pastry,2,3.0,0,6.0,upi,in-store,
6921,2025-12-29,Monday,P03,Whole Wheat Loaf,Bread,1,4.75,0,4.75,upi,in-store,
6921,2025-12-29,Monday,P09,Oatmeal Raisin Cookie,Cookie,1,2.0,0,2.0,upi,in-store,
6921,2025-12-29,Monday,P10,Birthday Cake (whole),Cake,1,32.0,0,32.0,upi,in-store,
6922,2025-12-29,Monday,P09,Oatmeal Raisin Cookie,Cookie,1,2.0,0,2.0,upi,in-store,
6923,2025-12-29,Monday,P03,Whole Wheat Loaf,Bread,1,4.75,0,4.75,upi,in-store,C0043
6923,2025-12-29,Monday,P08,Chocolate Chip Cookie,Cookie,1,2.0,0,2.0,upi,in-store,C0043
6923,2025-12-29,Monday,P05,Pain au Chocolat,Pastry,1,3.5,0,3.5,upi,in-store,C0043
6925,2025-12-29,Monday,P03,Whole Wheat Loaf,Bread,1,4.75,0,4.75,cash,in-store,
6925,2025-12-29,Monday,P08,Chocolate Chip Cookie,Cookie,1,2.0,0,2.0,cash,in-store,
6925,2025-12-29,Monday,P15,Scone - Blueberry,Pastry,3,3.0,0,9.0,cash,in-store,
6929,2025-12-30,Tuesday,P07,Blueberry Muffin,Pastry,1,2.75,0,2.75,cash,in-store,
6929,2025-12-30,Tuesday,P12,Bagel - Plain,Bread,3,2.25,0,6.75,cash,in-store,
6930,2025-12-30,Tuesday,P07,Blueberry Muffin,Pastry,2,2.75,0,5.5,upi,in-store,C0049
6931,2025-12-30,Tuesday,P15,Scone - Blueberry,Pastry,3,3.0,0,9.0,card,in-store,C0097
6932,2025-12-30,Tuesday,P08,Chocolate Chip Cookie,Cookie,3,2.0,0,6.0,upi,in-store,C0047
6933,2025-12-30,Tuesday,P12,Bagel - Plain,Bread,1,2.25,0,2.25,card,catering,C0063
6933,2025-12-30,Tuesday,P12,Bagel - Plain,Bread,2,2.25,0,4.5,card,catering,C0063
6934,2025-12-30,Tuesday,P05,Pain au Chocolat,Pastry,3,3.5,0,10.5,card,in-store,C0014
6935,2025-12-30,Tuesday,P10,Birthday Cake (whole),Cake,1,32.0,0,32.0,upi,in-store,
6935,2025-12-30,Tuesday,P13,Bagel - Everything,Bread,1,2.5,0,2.5,upi,in-store,
6936,2025-12-30,Tuesday,P12,Bagel - Plain,Bread,1,2.25,0,2.25,card,in-store,
6937,2025-12-30,Tuesday,P08,Chocolate Chip Cookie,Cookie,1,2.0,0,2.0,upi,in-store,C0024
6938,2025-12-30,Tuesday,P15,Scone - Blueberry,Pastry,1,3.0,0,3.0,card,in-store,
6939,2025-12-30,Tuesday,P08,Chocolate Chip Cookie,Cookie,3,2.0,0,6.0,cash,in-store,C0035
6940,2025-12-30,Tuesday,P15,Scone - Blueberry,Pastry,1,3.0,0,3.0,upi,in-store,C0108
6941,2025-12-30,Tuesday,P05,Pain au Chocolat,Pastry,3,3.5,0,10.5,cash,in-store,C0063
6942,2025-12-30,Tuesday,P13,Bagel - Everything,Bread,1,2.5,0,2.5,upi,in-store,
6942,2025-12-30,Tuesday,P08,Chocolate Chip Cookie,Cookie,1,2.0,0,2.0,upi,in-store,
6943,2025-12-30,Tuesday,P10,Birthday Cake (whole),Cake,1,32.0,0,32.0,card,in-store,C0101
6943,2025-12-30,Tuesday,P05,Pain au Chocolat,Pastry,2,3.5,0,7.0,card,in-store,C0101
6944,2025-12-30,Tuesday,P15,Scone - Blueberry,Pastry,3,3.0,0,9.0,upi,in-store,C0025
6944,2025-12-30,Tuesday,P15,Scone - Blueberry,Pastry,2,3.0,0,6.0,upi,in-store,C0025
6944,2025-12-30,Tuesday,P05,Pain au Chocolat,Pastry,1,3.5,0,3.5,upi,in-store,C0025
6945,2025-12-30,Tuesday,P03,Whole Wheat Loaf,Bread,1,4.75,0,4.75,cash,in-store,
6945,2025-12-30,Tuesday,P13,Bagel - Everything,Bread,1,2.5,0,2.5,cash,in-store,
6946,2025-12-30,Tuesday,P08,Chocolate Chip Cookie,Cookie,1,2.0,0,2.0,card,in-store,C0116
6947,2025-12-30,Tuesday,P05,Pain au Chocolat,Pastry,3,3.5,0,10.5,upi,in-store,C0080
6948,2025-12-30,Tuesday,P03,Whole Wheat Loaf,Bread,2,4.75,0,9.5,cash,in-store,C0021
6948,2025-12-30,Tuesday,P08,Chocolate Chip Cookie,Cookie,1,2.0,0,2.0,cash,in-store,C0021
6948,2025-12-30,Tuesday,P03,Whole Wheat Loaf,Bread,1,4.75,0,4.75,cash,in-store,C0021
6949,2025-12-30,Tuesday,P07,Blueberry Muffin,Pastry,1,2.75,0,2.75,card,in-store,C0025
6952,2025-12-30,Tuesday,P03,Whole Wheat Loaf,Bread,1,4.75,0,4.75,upi,in-store,C0003
6952,2025-12-30,Tuesday,P05,Pain au Chocolat,Pastry,1,3.5,0,3.5,upi,in-store,C0003
6952,2025-12-30,Tuesday,P14,Rye Loaf,Bread,1,4.9,0,4.9,upi,in-store,C0003
6954,2025-12-30,Tuesday,P13,Bagel - Everything,Bread,1,2.5,0,2.5,cash,in-store,C0094
6955,2025-12-30,Tuesday,P05,Pain au Chocolat,Pastry,1,3.5,0,3.5,card,in-store,C0005
6956,2025-12-31,Wednesday,P03,Whole Wheat Loaf,Bread,1,4.75,0,4.75,upi,online,
6956,2025-12-31,Wednesday,P10,Birthday Cake (whole),Cake,1,32.0,0,32.0,upi,online,
6957,2025-12-31,Wednesday,P05,Pain au Chocolat,Pastry,2,3.5,0,7.0,card,in-store,C0079
6957,2025-12-31,Wednesday,P10,Birthday Cake (whole),Cake,1,32.0,0,32.0,card,in-store,C0079
6958,2025-12-31,Wednesday,P15,Scone - Blueberry,Pastry,1,3.0,0,3.0,card,in-store,
6959,2025-12-31,Wednesday,P07,Blueberry Muffin,Pastry,1,2.75,0,2.75,upi,in-store,C0010
6959,2025-12-31,Wednesday,P09,Oatmeal Raisin Cookie,Cookie,3,2.0,0,6.0,upi,in-store,C0010
6960,2025-12-31,Wednesday,P10,Birthday Cake (whole),Cake,1,32.0,0,32.0,card,online,
6960,2025-12-31,Wednesday,P15,Scone - Blueberry,Pastry,1,3.0,0,3.0,card,online,
6960,2025-12-31,Wednesday,P08,Chocolate Chip Cookie,Cookie,1,2.0,0,2.0,card,online,
6961,2025-12-31,Wednesday,P05,Pain au Chocolat,Pastry,2,3.5,0,7.0,upi,in-store,C0126
6962,2025-12-31,Wednesday,P05,Pain au Chocolat,Pastry,1,3.5,0,3.5,upi,in-store,
6963,2025-12-31,Wednesday,P13,Bagel - Everything,Bread,1,2.5,0,2.5,upi,online,
6965,2025-12-31,Wednesday,P15,Scone - Blueberry,Pastry,1,3.0,0,3.0,card,in-store,
6966,2025-12-31,Wednesday,P14,Rye Loaf,Bread,1,4.9,0,4.9,card,in-store,
6966,2025-12-31,Wednesday,P03,Whole Wheat Loaf,Bread,1,4.75,0,4.75,card,in-store,
6966,2025-12-31,Wednesday,P03,Whole Wheat Loaf,Bread,1,4.75,0,4.75,card,in-store,
6966,2025-12-31,Wednesday,P13,Bagel - Everything,Bread,2,2.5,0,5.0,card,in-store,
6969,2025-12-31,Wednesday,P15,Scone - Blueberry,Pastry,1,3.0,0,3.0,card,online,C0037
6969,2025-12-31,Wednesday,P14,Rye Loaf,Bread,1,4.9,0,4.9,card,online,C0037
6969,2025-12-31,Wednesday,P08,Chocolate Chip Cookie,Cookie,2,2.0,0,4.0,card,online,C0037
6970,2025-12-31,Wednesday,P07,Blueberry Muffin,Pastry,1,2.75,0,2.75,upi,in-store,C0080
6970,2025-12-31,Wednesday,P09,Oatmeal Raisin Cookie,Cookie,1,2.0,0,2.0,upi,in-store,C0080
6971,2025-12-31,Wednesday,P05,Pain au Chocolat,Pastry,1,3.5,0,3.5,upi,in-store,C0076
6972,2025-12-31,Wednesday,P15,Scone - Blueberry,Pastry,1,3.0,0,3.0,upi,in-store,
6973,2025-12-31,Wednesday,P12,Bagel - Plain,Bread,2,2.25,0,4.5,upi,in-store,C0014
6974,2025-12-31,Wednesday,P13,Bagel - Everything,Bread,1,2.5,0,2.5,cash,in-store,
6974,2025-12-31,Wednesday,P03,Whole Wheat Loaf,Bread,1,4.75,0,4.75,cash,in-store,
6975,2025-12-31,Wednesday,P05,Pain au Chocolat,Pastry,3,3.5,0,10.5,card,in-store,C0036
6975,2025-12-31,Wednesday,P03,Whole Wheat Loaf,Bread,1,4.75,0,4.75,card,in-store,C0036
6975,2025-12-31,Wednesday,P03,Whole Wheat Loaf,Bread,1,4.75,0,4.75,card,in-store,C0036
6975,2025-12-31,Wednesday,P07,Blueberry Muffin,Pastry,2,2.75,0,5.5,card,in-store,C0036
6976,2025-12-31,Wednesday,P14,Rye Loaf,Bread,3,4.9,0,14.7,upi,in-store,C0100
6977,2025-12-31,Wednesday,P14,Rye Loaf,Bread,1,4.9,0,4.9,card,in-store,
6977,2025-12-31,Wednesday,P13,Bagel - Everything,Bread,1,2.5,0,2.5,card,in-store,
6977,2025-12-31,Wednesday,P08,Chocolate Chip Cookie,Cookie,1,2.0,0,2.0,card,in-store,
6978,2025-12-31,Wednesday,P04,Croissant,Pastry,1,3.0,0,3.0,upi,in-store,C0012
6978,2025-12-31,Wednesday,P05,Pain au Chocolat,Pastry,3,3.5,0,10.5,upi,in-store,C0012
6979,2025-12-31,Wednesday,P03,Whole Wheat Loaf,Bread,1,4.75,0,4.75,cash,in-store,C0003
6979,2025-12-31,Wednesday,P11,Cupcake (single),Cake,1,3.25,0,3.25,cash,in-store,C0003
6979,2025-12-31,Wednesday,P06,Cinnamon Roll,Pastry,1,3.75,0,3.75,cash,in-store,C0003
6980,2025-12-31,Wednesday,P14,Rye Loaf,Bread,1,4.9,0,4.9,cash,in-store,
6981,2025-12-31,Wednesday,P03,Whole Wheat Loaf,Bread,1,4.75,0,4.75,card,in-store,
6982,2025-12-31,Wednesday,P09,Oatmeal Raisin Cookie,Cookie,1,2.0,0,2.0,upi,in-store,C0052
6982,2025-12-31,Wednesday,P05,Pain au Chocolat,Pastry,1,3.5,0,3.5,upi,in-store,C0052
6983,2025-12-31,Wednesday,P03,Whole Wheat Loaf,Bread,2,4.75,0,9.5,upi,online,C0073
6983,2025-12-31,Wednesday,P07,Blueberry Muffin,Pastry,2,2.75,0,5.5,upi,online,C0073
6983,2025-12-31,Wednesday,P11,Cupcake (single),Cake,1,3.25,0,3.25,upi,online,C0073
6984,2025-12-31,Wednesday,P10,Birthday Cake (whole),Cake,1,32.0,0,32.0,card,in-store,C0034
6984,2025-12-31,Wednesday,P01,Sourdough Loaf,Bread,1,4.5,0,4.5,card,in-store,C0034
6985,2025-12-31,Wednesday,P13,Bagel - Everything,Bread,1,2.5,0,2.5,upi,catering,
6985,2025-12-31,Wednesday,P12,Bagel - Plain,Bread,2,2.25,0,4.5,upi,catering,
